smd_id,neighbors,smd_name,sort_order,redistricting_year,redistricting_cycle,anc_id,ward,centroid_lon,centroid_lat,area,map_color_id,neighbor_smds,overlap_smds,notes,description,current_person_id,current_commissioner,future_person_id,commissioner_elect,map_display_box,votes_2020
smd_2022_1A01,"smd_2022_1A03, smd_2022_1A08, smd_2022_1A09, smd_2022_1B06, smd_2022_1C06, smd_2022_1C09",1A01,,,,1A,,,,,12,,,,,,,,,,
smd_2022_1A02,"smd_2022_1A04, smd_2022_1A05, smd_2022_1A06, smd_2022_1D06",1A02,,,,1A,,,,,2,,,,,,,,,,
smd_2022_1A03,"smd_2022_1A01, smd_2022_1A05, smd_2022_1A06, smd_2022_1A09, smd_2022_1C06, smd_2022_1C09, smd_2022_1D04, smd_2022_1D05",1A03,,,,1A,,,,,3,,,,,,,,,,
smd_2022_1A04,"smd_2022_1A02, smd_2022_1A06, smd_2022_1A07, smd_2022_1D06, smd_2022_1D07, smd_2022_4C03, smd_2022_4C04",1A04,,,,1A,,,,,4,,,,,,,,,,
smd_2022_1A05,"smd_2022_1A02, smd_2022_1A03, smd_2022_1A06, smd_2022_1A09, smd_2022_1D04, smd_2022_1D05, smd_2022_1D06",1A05,,,,1A,,,,,5,,,,,,,,,,
smd_2022_1A06,"smd_2022_1A02, smd_2022_1A03, smd_2022_1A04, smd_2022_1A05, smd_2022_1A07, smd_2022_1A09, smd_2022_1A10, smd_2022_1E03",1A06,,,,1A,,,,,6,,,,,,,,,,
smd_2022_1A07,"smd_2022_1A04, smd_2022_1A06, smd_2022_1E01, smd_2022_1E03, smd_2022_4C03, smd_2022_4C04",1A07,,,,1A,,,,,5,,,,,,,,,,
smd_2022_1A08,"smd_2022_1A01, smd_2022_1A09, smd_2022_1B06, smd_2022_1B09",1A08,,,,1A,,,,,8,,,,,,,,,,
smd_2022_1A09,"smd_2022_1A01, smd_2022_1A03, smd_2022_1A05, smd_2022_1A06, smd_2022_1A08, smd_2022_1A10, smd_2022_1B09",1A09,,,,1A,,,,,7,,,,,,,,,,
smd_2022_1A10,"smd_2022_1A06, smd_2022_1A09, smd_2022_1B09, smd_2022_1E03, smd_2022_1E04, smd_2022_1E05, smd_2022_1E06",1A10,,,,1A,,,,,11,,,,,,,,,,
smd_2022_1B01,"smd_2022_1B02, smd_2022_1E07, smd_2022_2G01, smd_2022_2G03, smd_2022_5E02, smd_2022_5E03, smd_2022_5E04, smd_2022_5E05",1B01,,,,1B,,,,,1,,,,,,,,,,
smd_2022_1B02,"smd_2022_1B01, smd_2022_1B04, smd_2022_1B08, smd_2022_1E07, smd_2022_2F01, smd_2022_2G01",1B02,,,,1B,,,,,2,,,,,,,,,,
smd_2022_1B03,"smd_2022_1B04, smd_2022_1B05, smd_2022_1B06, smd_2022_1B09, smd_2022_1E06",1B03,,,,1B,,,,,6,,,,,,,,,,
smd_2022_1B04,"smd_2022_1B02, smd_2022_1B03, smd_2022_1B05, smd_2022_1B07, smd_2022_1B08, smd_2022_1E06, smd_2022_1E07",1B04,,,,1B,,,,,4,,,,,,,,,,
smd_2022_1B05,"smd_2022_1B03, smd_2022_1B04, smd_2022_1B06, smd_2022_1B07, smd_2022_1B08, smd_2022_1C08",1B05,,,,1B,,,,,11,,,,,,,,,,
smd_2022_1B06,"smd_2022_1A01, smd_2022_1A08, smd_2022_1B03, smd_2022_1B05, smd_2022_1B09, smd_2022_1C08, smd_2022_1C09",1B06,,,,1B,,,,,9,,,,,,,,,,
smd_2022_1B07,"smd_2022_1B04, smd_2022_1B05, smd_2022_1B08, smd_2022_1C01, smd_2022_1C07, smd_2022_1C08, smd_2022_2B08, smd_2022_2B09, smd_2022_2F01",1B07,,,,1B,,,,,9,,,,,,,,,,
smd_2022_1B08,"smd_2022_1B02, smd_2022_1B04, smd_2022_1B05, smd_2022_1B07, smd_2022_2F01",1B08,,,,1B,,,,,12,,,,,,,,,,
smd_2022_1B09,"smd_2022_1A08, smd_2022_1A09, smd_2022_1A10, smd_2022_1B03, smd_2022_1B06, smd_2022_1E05, smd_2022_1E06",1B09,,,,1B,,,,,3,,,,,,,,,,
smd_2022_1C01,"smd_2022_1B07, smd_2022_1C02, smd_2022_1C03, smd_2022_1C07, smd_2022_2B01, smd_2022_2B08, smd_2022_2D01, smd_2022_2D02",1C01,,,,1C,,,,,1,,,,,,,,,,
smd_2022_1C02,"smd_2022_1C01, smd_2022_1C03, smd_2022_1C04, smd_2022_2D01, smd_2022_2D02",1C02,,,,1C,,,,,12,,,,,,,,,,
smd_2022_1C03,"smd_2022_1C01, smd_2022_1C02, smd_2022_1C04, smd_2022_1C05, smd_2022_1C07",1C03,,,,1C,,,,,3,,,,,,,,,,
smd_2022_1C04,"smd_2022_1C02, smd_2022_1C03, smd_2022_1C05, smd_2022_1C07, smd_2022_1D05, smd_2022_2D01, smd_2022_3C01, smd_2022_3C03, smd_2022_3C07",1C04,,,,1C,,,,,4,,,,,,,,,,
smd_2022_1C05,"smd_2022_1C03, smd_2022_1C04, smd_2022_1C06, smd_2022_1C07, smd_2022_1D05",1C05,,,,1C,,,,,11,,,,,,,,,,
smd_2022_1C06,"smd_2022_1A01, smd_2022_1A03, smd_2022_1C05, smd_2022_1C07, smd_2022_1C09, smd_2022_1D05",1C06,,,,1C,,,,,5,,,,,,,,,,
smd_2022_1C07,"smd_2022_1B07, smd_2022_1C01, smd_2022_1C03, smd_2022_1C04, smd_2022_1C05, smd_2022_1C06, smd_2022_1C08, smd_2022_1C09",1C07,,,,1C,,,,,7,,,,,,,,,,
smd_2022_1C08,"smd_2022_1B05, smd_2022_1B06, smd_2022_1B07, smd_2022_1C07, smd_2022_1C09",1C08,,,,1C,,,,,8,,,,,,,,,,
smd_2022_1C09,"smd_2022_1A01, smd_2022_1A03, smd_2022_1B06, smd_2022_1C06, smd_2022_1C07, smd_2022_1C08",1C09,,,,1C,,,,,6,,,,,,,,,,
smd_2022_1D01,"smd_2022_1D03, smd_2022_1D04, smd_2022_1D05, smd_2022_1D06, smd_2022_3C03, smd_2022_3C04",1D01,,,,1D,,,,,7,,,,,,,,,,
smd_2022_1D02,"smd_2022_1D03, smd_2022_1D06, smd_2022_1D07, smd_2022_4C04, smd_2022_4E05, smd_2022_4E06",1D02,,,,1D,,,,,10,,,,,,,,,,
smd_2022_1D03,"smd_2022_1D01, smd_2022_1D02, smd_2022_1D04, smd_2022_1D06, smd_2022_3C03, smd_2022_3C04, smd_2022_4E06",1D03,,,,1D,,,,,11,,,,,,,,,,
smd_2022_1D04,"smd_2022_1A03, smd_2022_1A05, smd_2022_1D01, smd_2022_1D03, smd_2022_1D05, smd_2022_1D06",1D04,,,,1D,,,,,12,,,,,,,,,,
smd_2022_1D05,"smd_2022_1A03, smd_2022_1A05, smd_2022_1C04, smd_2022_1C05, smd_2022_1C06, smd_2022_1D01, smd_2022_1D04, smd_2022_3C03",1D05,,,,1D,,,,,1,,,,,,,,,,
smd_2022_1D06,"smd_2022_1A02, smd_2022_1A04, smd_2022_1A05, smd_2022_1D01, smd_2022_1D02, smd_2022_1D03, smd_2022_1D04, smd_2022_1D07",1D06,,,,1D,,,,,8,,,,,,,,,,
smd_2022_1D07,"smd_2022_1A04, smd_2022_1D02, smd_2022_1D06, smd_2022_4C04",1D07,,,,1D,,,,,1,,,,,,,,,,
smd_2022_1E01,"smd_2022_1A07, smd_2022_1E02, smd_2022_1E03, smd_2022_4C03, smd_2022_4C07, smd_2022_5A05",1E01,,,,1E,,,,,8,,,,,,,,,,
smd_2022_1E02,"smd_2022_1E01, smd_2022_1E03, smd_2022_1E04, smd_2022_5A05",1E02,,,,1E,,,,,9,,,,,,,,,,
smd_2022_1E03,"smd_2022_1A06, smd_2022_1A07, smd_2022_1A10, smd_2022_1E01, smd_2022_1E02, smd_2022_1E04",1E03,,,,1E,,,,,10,,,,,,,,,,
smd_2022_1E04,"smd_2022_1A10, smd_2022_1E02, smd_2022_1E03, smd_2022_1E05, smd_2022_5A05, smd_2022_5E06",1E04,,,,1E,,,,,3,,,,,,,,,,
smd_2022_1E05,"smd_2022_1A10, smd_2022_1B09, smd_2022_1E04, smd_2022_1E06, smd_2022_1E07, smd_2022_5E05, smd_2022_5E06",1E05,,,,1E,,,,,8,,,,,,,,,,
smd_2022_1E06,"smd_2022_1A10, smd_2022_1B03, smd_2022_1B04, smd_2022_1B09, smd_2022_1E05, smd_2022_1E07",1E06,,,,1E,,,,,5,,,,,,,,,,
smd_2022_1E07,"smd_2022_1B01, smd_2022_1B02, smd_2022_1B04, smd_2022_1E05, smd_2022_1E06, smd_2022_5E05",1E07,,,,1E,,,,,10,,,,,,,,,,
smd_2022_2A01,"smd_2022_2A04, smd_2022_2A05, smd_2022_2A07, smd_2022_2C03, smd_2022_6D01",2A01,,,,2A,,,,,7,,,,,,,,,,
smd_2022_2A02,"smd_2022_2A03, smd_2022_2A06, smd_2022_2A08, smd_2022_2A09, smd_2022_2B02, smd_2022_2D02, smd_2022_2E06, smd_2022_2E07",2A02,,,,2A,,,,,1,,,,,,,,,,
smd_2022_2A03,"smd_2022_2A02, smd_2022_2A04, smd_2022_2A08, smd_2022_2A09, smd_2022_2E05, smd_2022_2E06",2A03,,,,2A,,,,,3,,,,,,,,,,
smd_2022_2A04,"smd_2022_2A01, smd_2022_2A03, smd_2022_2A05, smd_2022_2A09, smd_2022_2E05",2A04,,,,2A,,,,,5,,,,,,,,,,
smd_2022_2A05,"smd_2022_2A01, smd_2022_2A04, smd_2022_2A07, smd_2022_2A09",2A05,,,,2A,,,,,6,,,,,,,,,,
smd_2022_2A06,"smd_2022_2A02, smd_2022_2A08, smd_2022_2B02, smd_2022_2B06, smd_2022_2C02",2A06,,,,2A,,,,,7,,,,,,,,,,
smd_2022_2A07,"smd_2022_2A01, smd_2022_2A05, smd_2022_2A08, smd_2022_2A09, smd_2022_2C01, smd_2022_2C02, smd_2022_2C03",2A07,,,,2A,,,,,9,,,,,,,,,,
smd_2022_2A08,"smd_2022_2A02, smd_2022_2A03, smd_2022_2A06, smd_2022_2A07, smd_2022_2A09, smd_2022_2C02",2A08,,,,2A,,,,,12,,,,,,,,,,
smd_2022_2A09,"smd_2022_2A02, smd_2022_2A03, smd_2022_2A04, smd_2022_2A05, smd_2022_2A07, smd_2022_2A08",2A09,,,,2A,,,,,8,,,,,,,,,,
smd_2022_2B01,"smd_2022_1C01, smd_2022_2B02, smd_2022_2B03, smd_2022_2B07, smd_2022_2B08, smd_2022_2B09, smd_2022_2D02",2B01,,,,2B,,,,,10,,,,,,,,,,
smd_2022_2B02,"smd_2022_2A02, smd_2022_2A06, smd_2022_2B01, smd_2022_2B03, smd_2022_2B05, smd_2022_2B06, smd_2022_2B07, smd_2022_2D02",2B02,,,,2B,,,,,6,,,,,,,,,,
smd_2022_2B03,"smd_2022_2B01, smd_2022_2B02, smd_2022_2B04, smd_2022_2B07, smd_2022_2B09",2B03,,,,2B,,,,,12,,,,,,,,,,
smd_2022_2B04,"smd_2022_2B03, smd_2022_2B05, smd_2022_2B07, smd_2022_2B09, smd_2022_2C02, smd_2022_2F02, smd_2022_2F03, smd_2022_2F04, smd_2022_2F05",2B04,,,,2B,,,,,1,,,,,,,,,,
smd_2022_2B05,"smd_2022_2B02, smd_2022_2B04, smd_2022_2B06, smd_2022_2B07, smd_2022_2C02",2B05,,,,2B,,,,,4,,,,,,,,,,
smd_2022_2B06,"smd_2022_2A06, smd_2022_2B02, smd_2022_2B05, smd_2022_2C02",2B06,,,,2B,,,,,5,,,,,,,,,,
smd_2022_2B07,"smd_2022_2B01, smd_2022_2B02, smd_2022_2B03, smd_2022_2B04, smd_2022_2B05",2B07,,,,2B,,,,,8,,,,,,,,,,
smd_2022_2B08,"smd_2022_1B07, smd_2022_1C01, smd_2022_2B01, smd_2022_2B09",2B08,,,,2B,,,,,5,,,,,,,,,,
smd_2022_2B09,"smd_2022_1B07, smd_2022_2B01, smd_2022_2B03, smd_2022_2B04, smd_2022_2B08, smd_2022_2F01, smd_2022_2F02",2B09,,,,2B,,,,,6,,,,,,,,,,
smd_2022_2C01,"smd_2022_2A07, smd_2022_2C02, smd_2022_2C03, smd_2022_2C04, smd_2022_2G05, smd_2022_6E01, smd_2022_6E08, smd_2022_6E09",2C01,,,,2C,,,,,11,,,,,,,,,,
smd_2022_2C02,"smd_2022_2A06, smd_2022_2A07, smd_2022_2A08, smd_2022_2B04, smd_2022_2B05, smd_2022_2B06, smd_2022_2C01, smd_2022_2C04, smd_2022_2F05, smd_2022_2F08",2C02,,,,2C,,,,,2,,,,,,,,,,
smd_2022_2C03,"smd_2022_2A01, smd_2022_2A07, smd_2022_2C01, smd_2022_6B01, smd_2022_6C02, smd_2022_6D01, smd_2022_6D02, smd_2022_6E08",2C03,,,,2C,,,,,4,,,,,,,,,,
smd_2022_2C04,"smd_2022_2C01, smd_2022_2C02, smd_2022_2F05, smd_2022_2F08, smd_2022_2G05, smd_2022_6E01",2C04,,,,2C,,,,,8,,,,,,,,,,
smd_2022_2D01,"smd_2022_1C01, smd_2022_1C02, smd_2022_1C04, smd_2022_2D02, smd_2022_3C01, smd_2022_3C07",2D01,,,,2D,,,,,10,,,,,,,,,,
smd_2022_2D02,"smd_2022_1C01, smd_2022_1C02, smd_2022_2A02, smd_2022_2B01, smd_2022_2B02, smd_2022_2D01, smd_2022_2E06, smd_2022_2E07, smd_2022_3C07",2D02,,,,2D,,,,,11,,,,,,,,,,
smd_2022_2E01,"smd_2022_2E02, smd_2022_2E04, smd_2022_2E07, smd_2022_2E08, smd_2022_3B02, smd_2022_3B03, smd_2022_3B05, smd_2022_3D07",2E01,,,,2E,,,,,12,,,,,,,,,,
smd_2022_2E02,"smd_2022_2E01, smd_2022_2E03, smd_2022_2E07, smd_2022_2E08",2E02,,,,2E,,,,,1,,,,,,,,,,
smd_2022_2E03,"smd_2022_2E02, smd_2022_2E05, smd_2022_2E06, smd_2022_2E07, smd_2022_2E08",2E03,,,,2E,,,,,2,,,,,,,,,,
smd_2022_2E04,"smd_2022_2E01, smd_2022_2E05, smd_2022_2E08, smd_2022_3D07",2E04,,,,2E,,,,,3,,,,,,,,,,
smd_2022_2E05,"smd_2022_2A03, smd_2022_2A04, smd_2022_2E03, smd_2022_2E04, smd_2022_2E06, smd_2022_2E08, smd_2022_3D06, smd_2022_3D07",2E05,,,,2E,,,,,6,,,,,,,,,,
smd_2022_2E06,"smd_2022_2A02, smd_2022_2A03, smd_2022_2D02, smd_2022_2E03, smd_2022_2E05, smd_2022_2E07",2E06,,,,2E,,,,,5,,,,,,,,,,
smd_2022_2E07,"smd_2022_2A02, smd_2022_2D02, smd_2022_2E01, smd_2022_2E02, smd_2022_2E03, smd_2022_2E06, smd_2022_3B02, smd_2022_3C07",2E07,,,,2E,,,,,6,,,,,,,,,,
smd_2022_2E08,"smd_2022_2E01, smd_2022_2E02, smd_2022_2E03, smd_2022_2E04, smd_2022_2E05",2E08,,,,2E,,,,,7,,,,,,,,,,
smd_2022_2F01,"smd_2022_1B02, smd_2022_1B07, smd_2022_1B08, smd_2022_2B09, smd_2022_2F02, smd_2022_2G01",2F01,,,,2F,,,,,8,,,,,,,,,,
smd_2022_2F02,"smd_2022_2B04, smd_2022_2B09, smd_2022_2F01, smd_2022_2F03, smd_2022_2F07, smd_2022_2G01",2F02,,,,2F,,,,,7,,,,,,,,,,
smd_2022_2F03,"smd_2022_2B04, smd_2022_2F02, smd_2022_2F04, smd_2022_2F05, smd_2022_2F07",2F03,,,,2F,,,,,9,,,,,,,,,,
smd_2022_2F04,"smd_2022_2B04, smd_2022_2F03, smd_2022_2F05, smd_2022_2F06, smd_2022_2F07",2F04,,,,2F,,,,,10,,,,,,,,,,
smd_2022_2F05,"smd_2022_2B04, smd_2022_2C02, smd_2022_2C04, smd_2022_2F03, smd_2022_2F04, smd_2022_2F06, smd_2022_2F08",2F05,,,,2F,,,,,4,,,,,,,,,,
smd_2022_2F06,"smd_2022_2F04, smd_2022_2F05, smd_2022_2F07, smd_2022_2F08",2F06,,,,2F,,,,,2,,,,,,,,,,
smd_2022_2F07,"smd_2022_2F02, smd_2022_2F03, smd_2022_2F04, smd_2022_2F06, smd_2022_2F08, smd_2022_2G01, smd_2022_2G02, smd_2022_2G04",2F07,,,,2F,,,,,11,,,,,,,,,,
smd_2022_2F08,"smd_2022_2C02, smd_2022_2C04, smd_2022_2F05, smd_2022_2F06, smd_2022_2F07, smd_2022_2G04, smd_2022_2G05",2F08,,,,2F,,,,,1,,,,,,,,,,
smd_2022_2G01,"smd_2022_1B01, smd_2022_1B02, smd_2022_2F01, smd_2022_2F02, smd_2022_2F07, smd_2022_2G02, smd_2022_2G03, smd_2022_5E02",2G01,,,,2G,,,,,12,,,,,,,,,,
smd_2022_2G02,"smd_2022_2F07, smd_2022_2G01, smd_2022_2G03, smd_2022_2G04, smd_2022_2G05",2G02,,,,2G,,,,,9,,,,,,,,,,
smd_2022_2G03,"smd_2022_1B01, smd_2022_2G01, smd_2022_2G02, smd_2022_2G05, smd_2022_2G06, smd_2022_5E01, smd_2022_5E02",2G03,,,,2G,,,,,5,,,,,,,,,,
smd_2022_2G04,"smd_2022_2F07, smd_2022_2F08, smd_2022_2G02, smd_2022_2G05",2G04,,,,2G,,,,,4,,,,,,,,,,
smd_2022_2G05,"smd_2022_2C01, smd_2022_2C04, smd_2022_2F08, smd_2022_2G02, smd_2022_2G03, smd_2022_2G04, smd_2022_2G06, smd_2022_6E01",2G05,,,,2G,,,,,6,,,,,,,,,,
smd_2022_2G06,"smd_2022_2G03, smd_2022_2G05, smd_2022_5E01, smd_2022_6E01, smd_2022_6E02, smd_2022_6E03",2G06,,,,2G,,,,,2,,,,,,,,,,
smd_2022_3/4G01,"smd_2022_3/4G02, smd_2022_3/4G04, smd_2022_4A01, smd_2022_4A07",3/4G01,,,,3/4G,,,,,12,,,,,,,,,,
smd_2022_3/4G02,"smd_2022_3/4G01, smd_2022_3/4G03, smd_2022_3/4G04, smd_2022_3F03, smd_2022_4A07",3/4G02,,,,3/4G,,,,,2,,,,,,,,,,
smd_2022_3/4G03,"smd_2022_3/4G02, smd_2022_3/4G04, smd_2022_3/4G05, smd_2022_3F03, smd_2022_3F06",3/4G03,,,,3/4G,,,,,6,,,,,,,,,,
smd_2022_3/4G04,"smd_2022_3/4G01, smd_2022_3/4G02, smd_2022_3/4G03, smd_2022_3/4G05",3/4G04,,,,3/4G,,,,,7,,,,,,,,,,
smd_2022_3/4G05,"smd_2022_3/4G03, smd_2022_3/4G04, smd_2022_3/4G06, smd_2022_3/4G07, smd_2022_3F06",3/4G05,,,,3/4G,,,,,8,,,,,,,,,,
smd_2022_3/4G06,"smd_2022_3/4G05, smd_2022_3/4G07, smd_2022_3E04, smd_2022_3F06",3/4G06,,,,3/4G,,,,,9,,,,,,,,,,
smd_2022_3/4G07,"smd_2022_3/4G05, smd_2022_3/4G06, smd_2022_3E04, smd_2022_3F06",3/4G07,,,,3/4G,,,,,10,,,,,,,,,,
smd_2022_3A01,"smd_2022_3A02, smd_2022_3A03, smd_2022_3A04, smd_2022_3A05, smd_2022_3E05",3A01,,,,3A,,,,,2,,,,,,,,,,
smd_2022_3A02,"smd_2022_3A01, smd_2022_3A03, smd_2022_3A05, smd_2022_3C08",3A02,,,,3A,,,,,1,,,,,,,,,,
smd_2022_3A03,"smd_2022_3A01, smd_2022_3A02, smd_2022_3A04, smd_2022_3C05, smd_2022_3C08, smd_2022_3E05, smd_2022_3F01, smd_2022_3F05",3A03,,,,3A,,,,,6,,,,,,,,,,
smd_2022_3A04,"smd_2022_3A01, smd_2022_3A03, smd_2022_3A05, smd_2022_3B06, smd_2022_3D01, smd_2022_3E01, smd_2022_3E05, smd_2022_3E06, smd_2022_3E07, smd_2022_3E08",3A04,,,,3A,,,,,10,,,,,,,,,,
smd_2022_3A05,"smd_2022_3A01, smd_2022_3A02, smd_2022_3A04, smd_2022_3B01, smd_2022_3B04, smd_2022_3B06, smd_2022_3C08",3A05,,,,3A,,,,,11,,,,,,,,,,
smd_2022_3B01,"smd_2022_3A05, smd_2022_3B02, smd_2022_3B03, smd_2022_3B04, smd_2022_3B05, smd_2022_3C08",3B01,,,,3B,,,,,10,,,,,,,,,,
smd_2022_3B02,"smd_2022_2E01, smd_2022_2E07, smd_2022_3B01, smd_2022_3B03, smd_2022_3B05, smd_2022_3C07, smd_2022_3C08",3B02,,,,3B,,,,,5,,,,,,,,,,
smd_2022_3B03,"smd_2022_2E01, smd_2022_3B01, smd_2022_3B02, smd_2022_3B04, smd_2022_3B05, smd_2022_3D01, smd_2022_3D07",3B03,,,,3B,,,,,4,,,,,,,,,,
smd_2022_3B04,"smd_2022_3A05, smd_2022_3B01, smd_2022_3B03, smd_2022_3B06, smd_2022_3D01",3B04,,,,3B,,,,,7,,,,,,,,,,
smd_2022_3B05,"smd_2022_2E01, smd_2022_3B01, smd_2022_3B02, smd_2022_3B03",3B05,,,,3B,,,,,8,,,,,,,,,,
smd_2022_3B06,"smd_2022_3A04, smd_2022_3A05, smd_2022_3B04, smd_2022_3D01",3B06,,,,3B,,,,,1,,,,,,,,,,
smd_2022_3C01,"smd_2022_1C04, smd_2022_2D01, smd_2022_3C02, smd_2022_3C03, smd_2022_3C07",3C01,,,,3C,,,,,2,,,,,,,,,,
smd_2022_3C02,"smd_2022_3C01, smd_2022_3C07",3C02,,,,3C,,,,,10,,,,,,,,,,
smd_2022_3C03,"smd_2022_1C04, smd_2022_1D01, smd_2022_1D03, smd_2022_1D05, smd_2022_3C01, smd_2022_3C04, smd_2022_3C06, smd_2022_3C07",3C03,,,,3C,,,,,6,,,,,,,,,,
smd_2022_3C04,"smd_2022_1D01, smd_2022_1D03, smd_2022_3C03, smd_2022_3C05, smd_2022_3C06, smd_2022_3F03, smd_2022_3F05, smd_2022_4E06",3C04,,,,3C,,,,,3,,,,,,,,,,
smd_2022_3C05,"smd_2022_3A03, smd_2022_3C04, smd_2022_3C06, smd_2022_3C07, smd_2022_3C08, smd_2022_3F05",3C05,,,,3C,,,,,5,,,,,,,,,,
smd_2022_3C06,"smd_2022_3C03, smd_2022_3C04, smd_2022_3C05, smd_2022_3C07",3C06,,,,3C,,,,,12,,,,,,,,,,
smd_2022_3C07,"smd_2022_1C04, smd_2022_2D01, smd_2022_2D02, smd_2022_2E07, smd_2022_3B02, smd_2022_3C01, smd_2022_3C02, smd_2022_3C03, smd_2022_3C05, smd_2022_3C06, smd_2022_3C08",3C07,,,,3C,,,,,3,,,,,,,,,,
smd_2022_3C08,"smd_2022_3A02, smd_2022_3A03, smd_2022_3A05, smd_2022_3B01, smd_2022_3B02, smd_2022_3C05, smd_2022_3C07",3C08,,,,3C,,,,,9,,,,,,,,,,
smd_2022_3D01,"smd_2022_3A04, smd_2022_3B03, smd_2022_3B04, smd_2022_3B06, smd_2022_3D02, smd_2022_3D04, smd_2022_3D05, smd_2022_3D07, smd_2022_3E08",3D01,,,,3D,,,,,5,,,,,,,,,,
smd_2022_3D02,"smd_2022_3D01, smd_2022_3D03, smd_2022_3D04, smd_2022_3E02, smd_2022_3E06, smd_2022_3E07, smd_2022_3E08",3D02,,,,3D,,,,,7,,,,,,,,,,
smd_2022_3D03,"smd_2022_3D02, smd_2022_3D04, smd_2022_3E02, smd_2022_3E06",3D03,,,,3D,,,,,11,,,,,,,,,,
smd_2022_3D04,"smd_2022_3D01, smd_2022_3D02, smd_2022_3D03, smd_2022_3D05",3D04,,,,3D,,,,,9,,,,,,,,,,
smd_2022_3D05,"smd_2022_3D01, smd_2022_3D04, smd_2022_3D06, smd_2022_3D07",3D05,,,,3D,,,,,10,,,,,,,,,,
smd_2022_3D06,"smd_2022_2E05, smd_2022_3D05, smd_2022_3D07",3D06,,,,3D,,,,,2,,,,,,,,,,
smd_2022_3D07,"smd_2022_2E01, smd_2022_2E04, smd_2022_2E05, smd_2022_3B03, smd_2022_3D01, smd_2022_3D05, smd_2022_3D06",3D07,,,,3D,,,,,11,,,,,,,,,,
smd_2022_3E01,"smd_2022_3A04, smd_2022_3E02, smd_2022_3E03, smd_2022_3E05, smd_2022_3E06",3E01,,,,3E,,,,,4,,,,,,,,,,
smd_2022_3E02,"smd_2022_3D02, smd_2022_3D03, smd_2022_3E01, smd_2022_3E03, smd_2022_3E06",3E02,,,,3E,,,,,5,,,,,,,,,,
smd_2022_3E03,"smd_2022_3E01, smd_2022_3E02, smd_2022_3E04, smd_2022_3E05",3E03,,,,3E,,,,,6,,,,,,,,,,
smd_2022_3E04,"smd_2022_3/4G06, smd_2022_3/4G07, smd_2022_3E03, smd_2022_3E05, smd_2022_3F06",3E04,,,,3E,,,,,7,,,,,,,,,,
smd_2022_3E05,"smd_2022_3A01, smd_2022_3A03, smd_2022_3A04, smd_2022_3E01, smd_2022_3E03, smd_2022_3E04, smd_2022_3F01, smd_2022_3F04, smd_2022_3F06",3E05,,,,3E,,,,,3,,,,,,,,,,
smd_2022_3E06,"smd_2022_3A04, smd_2022_3D02, smd_2022_3D03, smd_2022_3E01, smd_2022_3E02, smd_2022_3E07",3E06,,,,3E,,,,,9,,,,,,,,,,
smd_2022_3E07,"smd_2022_3A04, smd_2022_3D02, smd_2022_3E06, smd_2022_3E08",3E07,,,,3E,,,,,8,,,,,,,,,,
smd_2022_3E08,"smd_2022_3A04, smd_2022_3D01, smd_2022_3D02, smd_2022_3E07",3E08,,,,3E,,,,,12,,,,,,,,,,
smd_2022_3F01,"smd_2022_3A03, smd_2022_3E05, smd_2022_3F02, smd_2022_3F03, smd_2022_3F04, smd_2022_3F05",3F01,,,,3F,,,,,2,,,,,,,,,,
smd_2022_3F02,"smd_2022_3F01, smd_2022_3F03, smd_2022_3F04, smd_2022_3F05, smd_2022_3F06",3F02,,,,3F,,,,,12,,,,,,,,,,
smd_2022_3F03,"smd_2022_3/4G02, smd_2022_3/4G03, smd_2022_3C04, smd_2022_3F01, smd_2022_3F02, smd_2022_3F05, smd_2022_3F06, smd_2022_4E02, smd_2022_4E06",3F03,,,,3F,,,,,11,,,,,,,,,,
smd_2022_3F04,"smd_2022_3E05, smd_2022_3F01, smd_2022_3F02, smd_2022_3F06",3F04,,,,3F,,,,,5,,,,,,,,,,
smd_2022_3F05,"smd_2022_3A03, smd_2022_3C04, smd_2022_3C05, smd_2022_3F01, smd_2022_3F02, smd_2022_3F03",3F05,,,,3F,,,,,9,,,,,,,,,,
smd_2022_3F06,"smd_2022_3/4G03, smd_2022_3/4G05, smd_2022_3/4G06, smd_2022_3/4G07, smd_2022_3E04, smd_2022_3E05, smd_2022_3F02, smd_2022_3F03, smd_2022_3F04",3F06,,,,3F,,,,,1,,,,,,,,,,
smd_2022_4A01,"smd_2022_3/4G01, smd_2022_4A02, smd_2022_4A03, smd_2022_4A07, smd_2022_4B01",4A01,,,,4A,,,,,4,,,,,,,,,,
smd_2022_4A02,"smd_2022_4A01, smd_2022_4A03, smd_2022_4B01",4A02,,,,4A,,,,,11,,,,,,,,,,
smd_2022_4A03,"smd_2022_4A01, smd_2022_4A02, smd_2022_4A04, smd_2022_4A07, smd_2022_4B01, smd_2022_4B02",4A03,,,,4A,,,,,1,,,,,,,,,,
smd_2022_4A04,"smd_2022_4A03, smd_2022_4A05, smd_2022_4A07, smd_2022_4B02",4A04,,,,4A,,,,,2,,,,,,,,,,
smd_2022_4A05,"smd_2022_4A04, smd_2022_4A06, smd_2022_4A07, smd_2022_4B02, smd_2022_4B05",4A05,,,,4A,,,,,3,,,,,,,,,,
smd_2022_4A06,"smd_2022_4A05, smd_2022_4A07, smd_2022_4B05, smd_2022_4E01, smd_2022_4E02",4A06,,,,4A,,,,,6,,,,,,,,,,
smd_2022_4A07,"smd_2022_3/4G01, smd_2022_3/4G02, smd_2022_4A01, smd_2022_4A03, smd_2022_4A04, smd_2022_4A05, smd_2022_4A06, smd_2022_4E02",4A07,,,,4A,,,,,7,,,,,,,,,,
smd_2022_4B01,"smd_2022_4A01, smd_2022_4A02, smd_2022_4A03, smd_2022_4B02, smd_2022_4B04",4B01,,,,4B,,,,,7,,,,,,,,,,
smd_2022_4B02,"smd_2022_4A03, smd_2022_4A04, smd_2022_4A05, smd_2022_4B01, smd_2022_4B03, smd_2022_4B04, smd_2022_4B05",4B02,,,,4B,,,,,8,,,,,,,,,,
smd_2022_4B03,"smd_2022_4B02, smd_2022_4B04, smd_2022_4B05, smd_2022_4B06, smd_2022_4B07",4B03,,,,4B,,,,,9,,,,,,,,,,
smd_2022_4B04,"smd_2022_4B01, smd_2022_4B02, smd_2022_4B03, smd_2022_4B07",4B04,,,,4B,,,,,6,,,,,,,,,,
smd_2022_4B05,"smd_2022_4A05, smd_2022_4A06, smd_2022_4B02, smd_2022_4B03, smd_2022_4B06, smd_2022_4D01, smd_2022_4E01",4B05,,,,4B,,,,,10,,,,,,,,,,
smd_2022_4B06,"smd_2022_4B03, smd_2022_4B05, smd_2022_4B07, smd_2022_4B08, smd_2022_4B10, smd_2022_4D01, smd_2022_4D02, smd_2022_4D08",4B06,,,,4B,,,,,12,,,,,,,,,,
smd_2022_4B07,"smd_2022_4B03, smd_2022_4B04, smd_2022_4B06, smd_2022_4B10",4B07,,,,4B,,,,,1,,,,,,,,,,
smd_2022_4B08,"smd_2022_4B06, smd_2022_4B09, smd_2022_4B10, smd_2022_4D02, smd_2022_4D08, smd_2022_5A07, smd_2022_5A09",4B08,,,,4B,,,,,10,,,,,,,,,,
smd_2022_4B09,"smd_2022_4B08, smd_2022_4B10, smd_2022_5A01, smd_2022_5A09",4B09,,,,4B,,,,,12,,,,,,,,,,
smd_2022_4B10,"smd_2022_4B06, smd_2022_4B07, smd_2022_4B08, smd_2022_4B09",4B10,,,,4B,,,,,7,,,,,,,,,,
smd_2022_4C01,"smd_2022_4C02, smd_2022_4C04, smd_2022_4C05, smd_2022_4C06, smd_2022_4D06, smd_2022_4E04, smd_2022_4E05",4C01,,,,4C,,,,,8,,,,,,,,,,
smd_2022_4C02,"smd_2022_4C01, smd_2022_4C03, smd_2022_4C04, smd_2022_4C06, smd_2022_4C07",4C02,,,,4C,,,,,2,,,,,,,,,,
smd_2022_4C03,"smd_2022_1A04, smd_2022_1A07, smd_2022_1E01, smd_2022_4C02, smd_2022_4C04, smd_2022_4C07",4C03,,,,4C,,,,,9,,,,,,,,,,
smd_2022_4C04,"smd_2022_1A04, smd_2022_1A07, smd_2022_1D02, smd_2022_1D07, smd_2022_4C01, smd_2022_4C02, smd_2022_4C03, smd_2022_4E05, smd_2022_4E06",4C04,,,,4C,,,,,6,,,,,,,,,,
smd_2022_4C05,"smd_2022_4C01, smd_2022_4C06, smd_2022_4D05, smd_2022_4D06, smd_2022_5A05",4C05,,,,4C,,,,,9,,,,,,,,,,
smd_2022_4C06,"smd_2022_4C01, smd_2022_4C02, smd_2022_4C05, smd_2022_4C07, smd_2022_5A05",4C06,,,,4C,,,,,1,,,,,,,,,,
smd_2022_4C07,"smd_2022_1E01, smd_2022_4C02, smd_2022_4C03, smd_2022_4C06, smd_2022_5A05",4C07,,,,4C,,,,,11,,,,,,,,,,
smd_2022_4D01,"smd_2022_4B05, smd_2022_4B06, smd_2022_4D02, smd_2022_4D03, smd_2022_4E01",4D01,,,,4D,,,,,11,,,,,,,,,,
smd_2022_4D02,"smd_2022_4B06, smd_2022_4B08, smd_2022_4D01, smd_2022_4D03, smd_2022_4D07, smd_2022_4D08",4D02,,,,4D,,,,,5,,,,,,,,,,
smd_2022_4D03,"smd_2022_4D01, smd_2022_4D02, smd_2022_4D04, smd_2022_4D07, smd_2022_4E01, smd_2022_4E03",4D03,,,,4D,,,,,2,,,,,,,,,,
smd_2022_4D04,"smd_2022_4D03, smd_2022_4D06, smd_2022_4D07, smd_2022_4E03, smd_2022_4E04",4D04,,,,4D,,,,,3,,,,,,,,,,
smd_2022_4D05,"smd_2022_4C05, smd_2022_4D06, smd_2022_4D07, smd_2022_4D08, smd_2022_5A05, smd_2022_5A06, smd_2022_5A07",4D05,,,,4D,,,,,6,,,,,,,,,,
smd_2022_4D06,"smd_2022_4C01, smd_2022_4C05, smd_2022_4D04, smd_2022_4D05, smd_2022_4D07, smd_2022_4E04",4D06,,,,4D,,,,,7,,,,,,,,,,
smd_2022_4D07,"smd_2022_4D02, smd_2022_4D03, smd_2022_4D04, smd_2022_4D05, smd_2022_4D06, smd_2022_4D08",4D07,,,,4D,,,,,4,,,,,,,,,,
smd_2022_4D08,"smd_2022_4B06, smd_2022_4B08, smd_2022_4D02, smd_2022_4D05, smd_2022_4D07, smd_2022_5A07",4D08,,,,4D,,,,,3,,,,,,,,,,
smd_2022_4E01,"smd_2022_4A06, smd_2022_4B05, smd_2022_4D01, smd_2022_4D03, smd_2022_4E02, smd_2022_4E03",4E01,,,,4E,,,,,1,,,,,,,,,,
smd_2022_4E02,"smd_2022_3F03, smd_2022_4A06, smd_2022_4A07, smd_2022_4E01, smd_2022_4E03, smd_2022_4E06",4E02,,,,4E,,,,,5,,,,,,,,,,
smd_2022_4E03,"smd_2022_4D03, smd_2022_4D04, smd_2022_4E01, smd_2022_4E02, smd_2022_4E04, smd_2022_4E06",4E03,,,,4E,,,,,8,,,,,,,,,,
smd_2022_4E04,"smd_2022_4C01, smd_2022_4D04, smd_2022_4D06, smd_2022_4E03, smd_2022_4E05, smd_2022_4E06",4E04,,,,4E,,,,,4,,,,,,,,,,
smd_2022_4E05,"smd_2022_1D02, smd_2022_4C01, smd_2022_4C04, smd_2022_4E04, smd_2022_4E06",4E05,,,,4E,,,,,12,,,,,,,,,,
smd_2022_4E06,"smd_2022_1D02, smd_2022_1D03, smd_2022_3C04, smd_2022_3F03, smd_2022_4C04, smd_2022_4E02, smd_2022_4E03, smd_2022_4E04, smd_2022_4E05",4E06,,,,4E,,,,,1,,,,,,,,,,
smd_2022_5A01,"smd_2022_4B09, smd_2022_5A02, smd_2022_5A08, smd_2022_5A09",5A01,,,,5A,,,,,8,,,,,,,,,,
smd_2022_5A02,"smd_2022_5A01, smd_2022_5A03, smd_2022_5A08, smd_2022_5B01",5A02,,,,5A,,,,,9,,,,,,,,,,
smd_2022_5A03,"smd_2022_5A02, smd_2022_5A04, smd_2022_5A08, smd_2022_5B01, smd_2022_5B02, smd_2022_5B05",5A03,,,,5A,,,,,10,,,,,,,,,,
smd_2022_5A04,"smd_2022_5A03, smd_2022_5A05, smd_2022_5A06, smd_2022_5A07, smd_2022_5A08, smd_2022_5B04, smd_2022_5B05, smd_2022_5E06, smd_2022_5F01, smd_2022_5F02",5A04,,,,5A,,,,,4,,,,,,,,,,
smd_2022_5A05,"smd_2022_1E01, smd_2022_1E02, smd_2022_1E04, smd_2022_4C05, smd_2022_4C06, smd_2022_4C07, smd_2022_4D05, smd_2022_5A04, smd_2022_5A06, smd_2022_5E06",5A05,,,,5A,,,,,5,,,,,,,,,,
smd_2022_5A06,"smd_2022_4D05, smd_2022_5A04, smd_2022_5A05, smd_2022_5A07",5A06,,,,5A,,,,,2,,,,,,,,,,
smd_2022_5A07,"smd_2022_4B08, smd_2022_4D05, smd_2022_4D08, smd_2022_5A04, smd_2022_5A06, smd_2022_5A08, smd_2022_5A09",5A07,,,,5A,,,,,12,,,,,,,,,,
smd_2022_5A08,"smd_2022_5A01, smd_2022_5A02, smd_2022_5A03, smd_2022_5A04, smd_2022_5A07, smd_2022_5A09",5A08,,,,5A,,,,,11,,,,,,,,,,
smd_2022_5A09,"smd_2022_4B08, smd_2022_4B09, smd_2022_5A01, smd_2022_5A07, smd_2022_5A08",5A09,,,,5A,,,,,1,,,,,,,,,,
smd_2022_5B01,"smd_2022_5A02, smd_2022_5A03, smd_2022_5B02, smd_2022_5B07",5B01,,,,5B,,,,,4,,,,,,,,,,
smd_2022_5B02,"smd_2022_5A03, smd_2022_5B01, smd_2022_5B03, smd_2022_5B04, smd_2022_5B05, smd_2022_5B06, smd_2022_5B07",5B02,,,,5B,,,,,5,,,,,,,,,,
smd_2022_5B03,"smd_2022_5B02, smd_2022_5B04, smd_2022_5B06, smd_2022_5C05, smd_2022_5C06, smd_2022_5C07",5B03,,,,5B,,,,,6,,,,,,,,,,
smd_2022_5B04,"smd_2022_5A04, smd_2022_5B02, smd_2022_5B03, smd_2022_5B05, smd_2022_5C05, smd_2022_5C06, smd_2022_5F02, smd_2022_5F03, smd_2022_5F06",5B04,,,,5B,,,,,7,,,,,,,,,,
smd_2022_5B05,"smd_2022_5A03, smd_2022_5A04, smd_2022_5B02, smd_2022_5B04, smd_2022_5F02",5B05,,,,5B,,,,,8,,,,,,,,,,
smd_2022_5B06,"smd_2022_5B02, smd_2022_5B03, smd_2022_5B07, smd_2022_5C07",5B06,,,,5B,,,,,12,,,,,,,,,,
smd_2022_5B07,"smd_2022_5B01, smd_2022_5B02, smd_2022_5B06, smd_2022_5C02, smd_2022_5C07",5B07,,,,5B,,,,,9,,,,,,,,,,
smd_2022_5C01,"smd_2022_5C02, smd_2022_5C03, smd_2022_5C04",5C01,,,,5C,,,,,7,,,,,,,,,,
smd_2022_5C02,"smd_2022_5B07, smd_2022_5C01, smd_2022_5C03, smd_2022_5C04, smd_2022_5C05, smd_2022_5C06, smd_2022_5C07, smd_2022_5D02",5C02,,,,5C,,,,,10,,,,,,,,,,
smd_2022_5C03,"smd_2022_5C01, smd_2022_5C02, smd_2022_5C04, smd_2022_7D01",5C03,,,,5C,,,,,11,,,,,,,,,,
smd_2022_5C04,"smd_2022_5C01, smd_2022_5C02, smd_2022_5C03, smd_2022_5C05, smd_2022_5D02, smd_2022_5D05, smd_2022_5D08, smd_2022_5D09, smd_2022_7D01, smd_2022_7D03",5C04,,,,5C,,,,,12,,,,,,,,,,
smd_2022_5C05,"smd_2022_5B03, smd_2022_5B04, smd_2022_5C02, smd_2022_5C04, smd_2022_5C06, smd_2022_5D01, smd_2022_5D02, smd_2022_5F03, smd_2022_5F06",5C05,,,,5C,,,,,11,,,,,,,,,,
smd_2022_5C06,"smd_2022_5B03, smd_2022_5B04, smd_2022_5C02, smd_2022_5C05, smd_2022_5C07",5C06,,,,5C,,,,,2,,,,,,,,,,
smd_2022_5C07,"smd_2022_5B03, smd_2022_5B06, smd_2022_5B07, smd_2022_5C02, smd_2022_5C06",5C07,,,,5C,,,,,3,,,,,,,,,,
smd_2022_5D01,"smd_2022_5C05, smd_2022_5D02, smd_2022_5D03, smd_2022_5D04, smd_2022_5D05, smd_2022_5F06, smd_2022_6A01, smd_2022_6C01, smd_2022_6C07",5D01,,,,5D,,,,,4,,,,,,,,,,
smd_2022_5D02,"smd_2022_5C02, smd_2022_5C04, smd_2022_5C05, smd_2022_5D01, smd_2022_5D05",5D02,,,,5D,,,,,8,,,,,,,,,,
smd_2022_5D03,"smd_2022_5D01, smd_2022_5D04, smd_2022_5D06, smd_2022_5D07, smd_2022_6A01, smd_2022_6A06",5D03,,,,5D,,,,,5,,,,,,,,,,
smd_2022_5D04,"smd_2022_5D01, smd_2022_5D03, smd_2022_5D05, smd_2022_5D06",5D04,,,,5D,,,,,10,,,,,,,,,,
smd_2022_5D05,"smd_2022_5C04, smd_2022_5D01, smd_2022_5D02, smd_2022_5D04, smd_2022_5D06, smd_2022_5D08",5D05,,,,5D,,,,,1,,,,,,,,,,
smd_2022_5D06,"smd_2022_5D03, smd_2022_5D04, smd_2022_5D05, smd_2022_5D07, smd_2022_5D08",5D06,,,,5D,,,,,7,,,,,,,,,,
smd_2022_5D07,"smd_2022_5D03, smd_2022_5D06, smd_2022_5D08, smd_2022_5D09, smd_2022_6A06, smd_2022_7D05, smd_2022_7D06",5D07,,,,5D,,,,,8,,,,,,,,,,
smd_2022_5D08,"smd_2022_5C04, smd_2022_5D05, smd_2022_5D06, smd_2022_5D07, smd_2022_5D09",5D08,,,,5D,,,,,6,,,,,,,,,,
smd_2022_5D09,"smd_2022_5C04, smd_2022_5D07, smd_2022_5D08, smd_2022_7D03, smd_2022_7D04, smd_2022_7D05",5D09,,,,5D,,,,,3,,,,,,,,,,
smd_2022_5E01,"smd_2022_2G03, smd_2022_2G06, smd_2022_5E02, smd_2022_5F07, smd_2022_6E03, smd_2022_6E04, smd_2022_6E05",5E01,,,,5E,,,,,3,,,,,,,,,,
smd_2022_5E02,"smd_2022_1B01, smd_2022_2G01, smd_2022_2G03, smd_2022_5E01, smd_2022_5E03, smd_2022_5F07",5E02,,,,5E,,,,,10,,,,,,,,,,
smd_2022_5E03,"smd_2022_1B01, smd_2022_5E02, smd_2022_5E04, smd_2022_5F07",5E03,,,,5E,,,,,5,,,,,,,,,,
smd_2022_5E04,"smd_2022_1B01, smd_2022_5E03, smd_2022_5E05, smd_2022_5E06, smd_2022_5F04, smd_2022_5F05, smd_2022_5F07",5E04,,,,5E,,,,,11,,,,,,,,,,
smd_2022_5E05,"smd_2022_1B01, smd_2022_1E05, smd_2022_1E07, smd_2022_5E04, smd_2022_5E06",5E05,,,,5E,,,,,6,,,,,,,,,,
smd_2022_5E06,"smd_2022_1E04, smd_2022_1E05, smd_2022_5A04, smd_2022_5A05, smd_2022_5E04, smd_2022_5E05, smd_2022_5F01, smd_2022_5F04",5E06,,,,5E,,,,,7,,,,,,,,,,
smd_2022_5F01,"smd_2022_5A04, smd_2022_5E06, smd_2022_5F02, smd_2022_5F03, smd_2022_5F04",5F01,,,,5F,,,,,1,,,,,,,,,,
smd_2022_5F02,"smd_2022_5A04, smd_2022_5B04, smd_2022_5B05, smd_2022_5F01, smd_2022_5F03",5F02,,,,5F,,,,,3,,,,,,,,,,
smd_2022_5F03,"smd_2022_5B04, smd_2022_5C05, smd_2022_5F01, smd_2022_5F02, smd_2022_5F04, smd_2022_5F06",5F03,,,,5F,,,,,12,,,,,,,,,,
smd_2022_5F04,"smd_2022_5E04, smd_2022_5E06, smd_2022_5F01, smd_2022_5F03, smd_2022_5F05, smd_2022_5F06, smd_2022_5F07",5F04,,,,5F,,,,,8,,,,,,,,,,
smd_2022_5F05,"smd_2022_5E04, smd_2022_5F04, smd_2022_5F06, smd_2022_5F07",5F05,,,,5F,,,,,4,,,,,,,,,,
smd_2022_5F06,"smd_2022_5B04, smd_2022_5C05, smd_2022_5D01, smd_2022_5F03, smd_2022_5F04, smd_2022_5F05, smd_2022_5F07, smd_2022_6C07, smd_2022_6E05, smd_2022_6E06",5F06,,,,5F,,,,,9,,,,,,,,,,
smd_2022_5F07,"smd_2022_5E01, smd_2022_5E02, smd_2022_5E03, smd_2022_5E04, smd_2022_5F04, smd_2022_5F05, smd_2022_5F06, smd_2022_6E05",5F07,,,,5F,,,,,2,,,,,,,,,,
smd_2022_6A01,"smd_2022_5D01, smd_2022_5D03, smd_2022_6A02, smd_2022_6A06, smd_2022_6C01",6A01,,,,6A,,,,,12,,,,,,,,,,
smd_2022_6A02,"smd_2022_6A01, smd_2022_6A03, smd_2022_6A06, smd_2022_6C01, smd_2022_6C05",6A02,,,,6A,,,,,9,,,,,,,,,,
smd_2022_6A03,"smd_2022_6A02, smd_2022_6A05, smd_2022_6A06, smd_2022_6A07, smd_2022_6C03, smd_2022_6C05",6A03,,,,6A,,,,,10,,,,,,,,,,
smd_2022_6A04,"smd_2022_6A05, smd_2022_6A07, smd_2022_6B05, smd_2022_6B06, smd_2022_7D08, smd_2022_7D09",6A04,,,,6A,,,,,5,,,,,,,,,,
smd_2022_6A05,"smd_2022_6A03, smd_2022_6A04, smd_2022_6A06, smd_2022_6A07, smd_2022_7D07, smd_2022_7D08",6A05,,,,6A,,,,,1,,,,,,,,,,
smd_2022_6A06,"smd_2022_5D03, smd_2022_5D07, smd_2022_6A01, smd_2022_6A02, smd_2022_6A03, smd_2022_6A05, smd_2022_7D06, smd_2022_7D07",6A06,,,,6A,,,,,2,,,,,,,,,,
smd_2022_6A07,"smd_2022_6A03, smd_2022_6A04, smd_2022_6A05, smd_2022_6B05, smd_2022_6B06, smd_2022_6C03",6A07,,,,6A,,,,,11,,,,,,,,,,
smd_2022_6B01,"smd_2022_2C03, smd_2022_6B02, smd_2022_6B03, smd_2022_6C02, smd_2022_6D02, smd_2022_8F01, smd_2022_8F03, smd_2022_8F05",6B01,,,,6B,,,,,5,,,,,,,,,,
smd_2022_6B02,"smd_2022_6B01, smd_2022_6B03, smd_2022_6B04, smd_2022_6B05, smd_2022_6C02, smd_2022_6C03",6B02,,,,6B,,,,,6,,,,,,,,,,
smd_2022_6B03,"smd_2022_6B01, smd_2022_6B02, smd_2022_6B04",6B03,,,,6B,,,,,7,,,,,,,,,,
smd_2022_6B04,"smd_2022_6B02, smd_2022_6B03, smd_2022_6B05, smd_2022_6B06, smd_2022_6B07, smd_2022_6B08, smd_2022_8F01",6B04,,,,6B,,,,,8,,,,,,,,,,
smd_2022_6B05,"smd_2022_6A04, smd_2022_6A07, smd_2022_6B02, smd_2022_6B04, smd_2022_6B06, smd_2022_6C03",6B05,,,,6B,,,,,9,,,,,,,,,,
smd_2022_6B06,"smd_2022_6A04, smd_2022_6A07, smd_2022_6B04, smd_2022_6B05, smd_2022_6B07, smd_2022_7D08, smd_2022_7D09, smd_2022_7D10",6B06,,,,6B,,,,,3,,,,,,,,,,
smd_2022_6B07,"smd_2022_6B04, smd_2022_6B06, smd_2022_6B08, smd_2022_6B09, smd_2022_7D10",6B07,,,,6B,,,,,1,,,,,,,,,,
smd_2022_6B08,"smd_2022_6B04, smd_2022_6B07, smd_2022_6B09, smd_2022_8A02, smd_2022_8F01",6B08,,,,6B,,,,,4,,,,,,,,,,
smd_2022_6B09,"smd_2022_6B07, smd_2022_6B08, smd_2022_7B01, smd_2022_7D10, smd_2022_7F08, smd_2022_8A02",6B09,,,,6B,,,,,8,,,,,,,,,,
smd_2022_6C01,"smd_2022_5D01, smd_2022_6A01, smd_2022_6A02, smd_2022_6C05, smd_2022_6C06, smd_2022_6C07",6C01,,,,6C,,,,,6,,,,,,,,,,
smd_2022_6C02,"smd_2022_2C03, smd_2022_6B01, smd_2022_6B02, smd_2022_6C03, smd_2022_6C04, smd_2022_6C05, smd_2022_6E07, smd_2022_6E08",6C02,,,,6C,,,,,3,,,,,,,,,,
smd_2022_6C03,"smd_2022_6A03, smd_2022_6A07, smd_2022_6B02, smd_2022_6B05, smd_2022_6C02, smd_2022_6C05",6C03,,,,6C,,,,,5,,,,,,,,,,
smd_2022_6C04,"smd_2022_6C02, smd_2022_6C05, smd_2022_6C06, smd_2022_6E07",6C04,,,,6C,,,,,6,,,,,,,,,,
smd_2022_6C05,"smd_2022_6A02, smd_2022_6A03, smd_2022_6C01, smd_2022_6C02, smd_2022_6C03, smd_2022_6C04, smd_2022_6C06",6C05,,,,6C,,,,,12,,,,,,,,,,
smd_2022_6C06,"smd_2022_6C01, smd_2022_6C04, smd_2022_6C05, smd_2022_6C07, smd_2022_6E07",6C06,,,,6C,,,,,7,,,,,,,,,,
smd_2022_6C07,"smd_2022_5D01, smd_2022_5F06, smd_2022_6C01, smd_2022_6C06, smd_2022_6E06, smd_2022_6E07",6C07,,,,6C,,,,,8,,,,,,,,,,
smd_2022_6D01,"smd_2022_2A01, smd_2022_2C03, smd_2022_6D02, smd_2022_6D03, smd_2022_6D04, smd_2022_6D05, smd_2022_6D06, smd_2022_6D07, smd_2022_8C01, smd_2022_8D02",6D01,,,,6D,,,,,9,,,,,,,,,,
smd_2022_6D02,"smd_2022_2C03, smd_2022_6B01, smd_2022_6D01, smd_2022_6D04, smd_2022_6D05, smd_2022_8F04, smd_2022_8F05",6D02,,,,6D,,,,,10,,,,,,,,,,
smd_2022_6D03,"smd_2022_6D01, smd_2022_6D04, smd_2022_6D06",6D03,,,,6D,,,,,1,,,,,,,,,,
smd_2022_6D04,"smd_2022_6D01, smd_2022_6D02, smd_2022_6D03, smd_2022_6D05, smd_2022_6D06, smd_2022_6D07",6D04,,,,6D,,,,,6,,,,,,,,,,
smd_2022_6D05,"smd_2022_6D01, smd_2022_6D02, smd_2022_6D04, smd_2022_6D07, smd_2022_6D08, smd_2022_8F02, smd_2022_8F04, smd_2022_8F05",6D05,,,,6D,,,,,8,,,,,,,,,,
smd_2022_6D06,"smd_2022_6D01, smd_2022_6D03, smd_2022_6D04, smd_2022_6D07",6D06,,,,6D,,,,,3,,,,,,,,,,
smd_2022_6D07,"smd_2022_6D01, smd_2022_6D04, smd_2022_6D05, smd_2022_6D06, smd_2022_6D08, smd_2022_8C01, smd_2022_8D02",6D07,,,,6D,,,,,5,,,,,,,,,,
smd_2022_6D08,"smd_2022_6D05, smd_2022_6D07, smd_2022_8C01, smd_2022_8F02, smd_2022_8F04",6D08,,,,6D,,,,,2,,,,,,,,,,
smd_2022_6E01,"smd_2022_2C01, smd_2022_2C04, smd_2022_2G05, smd_2022_2G06, smd_2022_6E02, smd_2022_6E03, smd_2022_6E08, smd_2022_6E09",6E01,,,,6E,,,,,7,,,,,,,,,,
smd_2022_6E02,"smd_2022_2G06, smd_2022_6E01, smd_2022_6E03",6E02,,,,6E,,,,,4,,,,,,,,,,
smd_2022_6E03,"smd_2022_2G06, smd_2022_5E01, smd_2022_6E01, smd_2022_6E02, smd_2022_6E04, smd_2022_6E06, smd_2022_6E07, smd_2022_6E08, smd_2022_6E09",6E03,,,,6E,,,,,1,,,,,,,,,,
smd_2022_6E04,"smd_2022_5E01, smd_2022_6E03, smd_2022_6E05, smd_2022_6E06, smd_2022_6E07",6E04,,,,6E,,,,,9,,,,,,,,,,
smd_2022_6E05,"smd_2022_5E01, smd_2022_5F06, smd_2022_5F07, smd_2022_6E04, smd_2022_6E06",6E05,,,,6E,,,,,6,,,,,,,,,,
smd_2022_6E06,"smd_2022_5F06, smd_2022_6C07, smd_2022_6E03, smd_2022_6E04, smd_2022_6E05, smd_2022_6E07",6E06,,,,6E,,,,,5,,,,,,,,,,
smd_2022_6E07,"smd_2022_6C02, smd_2022_6C04, smd_2022_6C06, smd_2022_6C07, smd_2022_6E03, smd_2022_6E04, smd_2022_6E06, smd_2022_6E08",6E07,,,,6E,,,,,10,,,,,,,,,,
smd_2022_6E08,"smd_2022_2C01, smd_2022_2C03, smd_2022_6C02, smd_2022_6E01, smd_2022_6E03, smd_2022_6E07, smd_2022_6E09",6E08,,,,6E,,,,,2,,,,,,,,,,
smd_2022_6E09,"smd_2022_2C01, smd_2022_6E01, smd_2022_6E03, smd_2022_6E08",6E09,,,,6E,,,,,12,,,,,,,,,,
smd_2022_7B01,"smd_2022_6B09, smd_2022_7B03, smd_2022_7B04, smd_2022_7B07, smd_2022_7B08, smd_2022_7B09, smd_2022_7F06, smd_2022_7F08, smd_2022_8A01, smd_2022_8A02, smd_2022_8A03",7B01,,,,7B,,,,,10,,,,,,,,,,
smd_2022_7B02,"smd_2022_7B03, smd_2022_7B04, smd_2022_7B05, smd_2022_7B06, smd_2022_7B07, smd_2022_8A07, smd_2022_8B02",7B02,,,,7B,,,,,2,,,,,,,,,,
smd_2022_7B03,"smd_2022_7B01, smd_2022_7B02, smd_2022_7B04, smd_2022_8A03, smd_2022_8A07",7B03,,,,7B,,,,,7,,,,,,,,,,
smd_2022_7B04,"smd_2022_7B01, smd_2022_7B02, smd_2022_7B03, smd_2022_7B07",7B04,,,,7B,,,,,1,,,,,,,,,,
smd_2022_7B05,"smd_2022_7B02, smd_2022_7B06, smd_2022_8B02, smd_2022_8B05",7B05,,,,7B,,,,,3,,,,,,,,,,
smd_2022_7B06,"smd_2022_7B02, smd_2022_7B05, smd_2022_7B07, smd_2022_7B08",7B06,,,,7B,,,,,4,,,,,,,,,,
smd_2022_7B07,"smd_2022_7B01, smd_2022_7B02, smd_2022_7B04, smd_2022_7B06, smd_2022_7B08",7B07,,,,7B,,,,,5,,,,,,,,,,
smd_2022_7B08,"smd_2022_7B01, smd_2022_7B06, smd_2022_7B07, smd_2022_7E01, smd_2022_7E02, smd_2022_7F05, smd_2022_7F06",7B08,,,,7B,,,,,9,,,,,,,,,,
smd_2022_7B09,"smd_2022_7B01, smd_2022_7F06, smd_2022_7F07, smd_2022_7F08",7B09,,,,7B,,,,,3,,,,,,,,,,
smd_2022_7C01,"smd_2022_7C03, smd_2022_7C04, smd_2022_7C06, smd_2022_7C09",7C01,,,,7C,,,,,2,,,,,,,,,,
smd_2022_7C02,"smd_2022_7C03, smd_2022_7C05, smd_2022_7C08",7C02,,,,7C,,,,,7,,,,,,,,,,
smd_2022_7C03,"smd_2022_7C01, smd_2022_7C02, smd_2022_7C05, smd_2022_7C06, smd_2022_7C08, smd_2022_7C09, smd_2022_7E05, smd_2022_7F04",7C03,,,,7C,,,,,8,,,,,,,,,,
smd_2022_7C04,"smd_2022_7C01, smd_2022_7C06, smd_2022_7C07, smd_2022_7C09",7C04,,,,7C,,,,,9,,,,,,,,,,
smd_2022_7C05,"smd_2022_7C02, smd_2022_7C03, smd_2022_7C06, smd_2022_7C08",7C05,,,,7C,,,,,10,,,,,,,,,,
smd_2022_7C06,"smd_2022_7C01, smd_2022_7C03, smd_2022_7C04, smd_2022_7C05",7C06,,,,7C,,,,,11,,,,,,,,,,
smd_2022_7C07,"smd_2022_7C04, smd_2022_7C09, smd_2022_7D01",7C07,,,,7C,,,,,12,,,,,,,,,,
smd_2022_7C08,"smd_2022_7C02, smd_2022_7C03, smd_2022_7C05, smd_2022_7E05, smd_2022_7E06",7C08,,,,7C,,,,,2,,,,,,,,,,
smd_2022_7C09,"smd_2022_7C01, smd_2022_7C03, smd_2022_7C04, smd_2022_7C07, smd_2022_7D01, smd_2022_7D03, smd_2022_7F01, smd_2022_7F04",7C09,,,,7C,,,,,11,,,,,,,,,,
smd_2022_7D01,"smd_2022_5C03, smd_2022_5C04, smd_2022_7C07, smd_2022_7C09, smd_2022_7D02, smd_2022_7D03",7D01,,,,7D,,,,,3,,,,,,,,,,
smd_2022_7D02,"smd_2022_7D01, smd_2022_7D03",7D02,,,,7D,,,,,2,,,,,,,,,,
smd_2022_7D03,"smd_2022_5C04, smd_2022_5D09, smd_2022_7C09, smd_2022_7D01, smd_2022_7D02, smd_2022_7D04, smd_2022_7F01",7D03,,,,7D,,,,,9,,,,,,,,,,
smd_2022_7D04,"smd_2022_5D09, smd_2022_7D03, smd_2022_7D05, smd_2022_7F01, smd_2022_7F02, smd_2022_7F07",7D04,,,,7D,,,,,4,,,,,,,,,,
smd_2022_7D05,"smd_2022_5D07, smd_2022_5D09, smd_2022_7D04, smd_2022_7D06, smd_2022_7D07, smd_2022_7D08, smd_2022_7D09, smd_2022_7F07",7D05,,,,7D,,,,,1,,,,,,,,,,
smd_2022_7D06,"smd_2022_5D07, smd_2022_6A06, smd_2022_7D05, smd_2022_7D07",7D06,,,,7D,,,,,3,,,,,,,,,,
smd_2022_7D07,"smd_2022_6A05, smd_2022_6A06, smd_2022_7D05, smd_2022_7D06, smd_2022_7D08",7D07,,,,7D,,,,,7,,,,,,,,,,
smd_2022_7D08,"smd_2022_6A04, smd_2022_6A05, smd_2022_6B06, smd_2022_7D05, smd_2022_7D07, smd_2022_7D09",7D08,,,,7D,,,,,4,,,,,,,,,,
smd_2022_7D09,"smd_2022_6A04, smd_2022_6B06, smd_2022_7D05, smd_2022_7D08, smd_2022_7D10, smd_2022_7F07",7D09,,,,7D,,,,,2,,,,,,,,,,
smd_2022_7D10,"smd_2022_6B06, smd_2022_6B07, smd_2022_6B09, smd_2022_7D09, smd_2022_7F07, smd_2022_7F08",7D10,,,,7D,,,,,12,,,,,,,,,,
smd_2022_7E01,"smd_2022_7B08, smd_2022_7E02, smd_2022_7E07, smd_2022_7F05, smd_2022_7F06",7E01,,,,7E,,,,,2,,,,,,,,,,
smd_2022_7E02,"smd_2022_7B08, smd_2022_7E01, smd_2022_7E03, smd_2022_7E04, smd_2022_7E07",7E02,,,,7E,,,,,8,,,,,,,,,,
smd_2022_7E03,"smd_2022_7E02, smd_2022_7E04, smd_2022_7E05, smd_2022_7E06, smd_2022_7E07",7E03,,,,7E,,,,,10,,,,,,,,,,
smd_2022_7E04,"smd_2022_7E02, smd_2022_7E03, smd_2022_7E05, smd_2022_7E07, smd_2022_7F04",7E04,,,,7E,,,,,11,,,,,,,,,,
smd_2022_7E05,"smd_2022_7C03, smd_2022_7C08, smd_2022_7E03, smd_2022_7E04, smd_2022_7E06, smd_2022_7F04",7E05,,,,7E,,,,,12,,,,,,,,,,
smd_2022_7E06,"smd_2022_7C08, smd_2022_7E03, smd_2022_7E05",7E06,,,,7E,,,,,1,,,,,,,,,,
smd_2022_7E07,"smd_2022_7E01, smd_2022_7E02, smd_2022_7E03, smd_2022_7E04, smd_2022_7F03, smd_2022_7F04, smd_2022_7F05",7E07,,,,7E,,,,,7,,,,,,,,,,
smd_2022_7F01,"smd_2022_7C09, smd_2022_7D03, smd_2022_7D04, smd_2022_7F02, smd_2022_7F03, smd_2022_7F04",7F01,,,,7F,,,,,3,,,,,,,,,,
smd_2022_7F02,"smd_2022_7D04, smd_2022_7F01, smd_2022_7F03, smd_2022_7F05, smd_2022_7F07",7F02,,,,7F,,,,,10,,,,,,,,,,
smd_2022_7F03,"smd_2022_7E07, smd_2022_7F01, smd_2022_7F02, smd_2022_7F04, smd_2022_7F05",7F03,,,,7F,,,,,1,,,,,,,,,,
smd_2022_7F04,"smd_2022_7C03, smd_2022_7C09, smd_2022_7E04, smd_2022_7E05, smd_2022_7E07, smd_2022_7F01, smd_2022_7F03",7F04,,,,7F,,,,,6,,,,,,,,,,
smd_2022_7F05,"smd_2022_7B08, smd_2022_7E01, smd_2022_7E07, smd_2022_7F02, smd_2022_7F03, smd_2022_7F06, smd_2022_7F07",7F05,,,,7F,,,,,4,,,,,,,,,,
smd_2022_7F06,"smd_2022_7B01, smd_2022_7B08, smd_2022_7B09, smd_2022_7E01, smd_2022_7F05, smd_2022_7F07",7F06,,,,7F,,,,,6,,,,,,,,,,
smd_2022_7F07,"smd_2022_7B09, smd_2022_7D04, smd_2022_7D05, smd_2022_7D09, smd_2022_7D10, smd_2022_7F02, smd_2022_7F05, smd_2022_7F06, smd_2022_7F08",7F07,,,,7F,,,,,9,,,,,,,,,,
smd_2022_7F08,"smd_2022_6B09, smd_2022_7B01, smd_2022_7B09, smd_2022_7D10, smd_2022_7F07",7F08,,,,7F,,,,,11,,,,,,,,,,
smd_2022_8A01,"smd_2022_7B01, smd_2022_8A02, smd_2022_8A03",8A01,,,,8A,,,,,5,,,,,,,,,,
smd_2022_8A02,"smd_2022_6B08, smd_2022_6B09, smd_2022_7B01, smd_2022_8A01, smd_2022_8A03, smd_2022_8A04, smd_2022_8A05, smd_2022_8A06, smd_2022_8A07, smd_2022_8F01",8A02,,,,8A,,,,,9,,,,,,,,,,
smd_2022_8A03,"smd_2022_7B01, smd_2022_7B03, smd_2022_8A01, smd_2022_8A02, smd_2022_8A07",8A03,,,,8A,,,,,12,,,,,,,,,,
smd_2022_8A04,"smd_2022_8A02, smd_2022_8A05, smd_2022_8A06, smd_2022_8A07, smd_2022_8B01, smd_2022_8B03, smd_2022_8B06",8A04,,,,8A,,,,,1,,,,,,,,,,
smd_2022_8A05,"smd_2022_8A02, smd_2022_8A04, smd_2022_8A06",8A05,,,,8A,,,,,2,,,,,,,,,,
smd_2022_8A06,"smd_2022_8A02, smd_2022_8A04, smd_2022_8A05, smd_2022_8B04, smd_2022_8B06, smd_2022_8C01, smd_2022_8F01, smd_2022_8F02",8A06,,,,8A,,,,,3,,,,,,,,,,
smd_2022_8A07,"smd_2022_7B02, smd_2022_7B03, smd_2022_8A02, smd_2022_8A03, smd_2022_8A04, smd_2022_8B01, smd_2022_8B02",8A07,,,,8A,,,,,3,,,,,,,,,,
smd_2022_8B01,"smd_2022_8A04, smd_2022_8A07, smd_2022_8B02, smd_2022_8B03",8B01,,,,8B,,,,,11,,,,,,,,,,
smd_2022_8B02,"smd_2022_7B02, smd_2022_7B05, smd_2022_8A07, smd_2022_8B01, smd_2022_8B03, smd_2022_8B05",8B02,,,,8B,,,,,6,,,,,,,,,,
smd_2022_8B03,"smd_2022_8A04, smd_2022_8B01, smd_2022_8B02, smd_2022_8B04, smd_2022_8B05, smd_2022_8B06, smd_2022_8C03, smd_2022_8C05, smd_2022_8E02",8B03,,,,8B,,,,,7,,,,,,,,,,
smd_2022_8B04,"smd_2022_8A06, smd_2022_8B03, smd_2022_8B06, smd_2022_8B07, smd_2022_8C01, smd_2022_8C03, smd_2022_8C05",8B04,,,,8B,,,,,8,,,,,,,,,,
smd_2022_8B05,"smd_2022_7B05, smd_2022_8B02, smd_2022_8B03, smd_2022_8E02",8B05,,,,8B,,,,,5,,,,,,,,,,
smd_2022_8B06,"smd_2022_8A04, smd_2022_8A06, smd_2022_8B03, smd_2022_8B04, smd_2022_8B07",8B06,,,,8B,,,,,4,,,,,,,,,,
smd_2022_8B07,"smd_2022_8B04, smd_2022_8B06",8B07,,,,8B,,,,,9,,,,,,,,,,
smd_2022_8C01,"smd_2022_6D01, smd_2022_6D07, smd_2022_6D08, smd_2022_8A06, smd_2022_8B04, smd_2022_8C02, smd_2022_8C03, smd_2022_8C04, smd_2022_8D01, smd_2022_8D02, smd_2022_8F02",8C01,,,,8C,,,,,12,,,,,,,,,,
smd_2022_8C02,"smd_2022_8C01, smd_2022_8C03, smd_2022_8C04",8C02,,,,8C,,,,,1,,,,,,,,,,
smd_2022_8C03,"smd_2022_8B03, smd_2022_8B04, smd_2022_8C01, smd_2022_8C02, smd_2022_8C04, smd_2022_8C05, smd_2022_8C06, smd_2022_8C07, smd_2022_8C08, smd_2022_8E03",8C03,,,,8C,,,,,4,,,,,,,,,,
smd_2022_8C04,"smd_2022_8C01, smd_2022_8C02, smd_2022_8C03, smd_2022_8C07, smd_2022_8D01, smd_2022_8D08",8C04,,,,8C,,,,,6,,,,,,,,,,
smd_2022_8C05,"smd_2022_8B03, smd_2022_8B04, smd_2022_8C03, smd_2022_8C08, smd_2022_8E02, smd_2022_8E03",8C05,,,,8C,,,,,3,,,,,,,,,,
smd_2022_8C06,"smd_2022_8C03, smd_2022_8C07, smd_2022_8E03, smd_2022_8E04",8C06,,,,8C,,,,,9,,,,,,,,,,
smd_2022_8C07,"smd_2022_8C03, smd_2022_8C04, smd_2022_8C06, smd_2022_8D08, smd_2022_8E04, smd_2022_8E06",8C07,,,,8C,,,,,10,,,,,,,,,,
smd_2022_8C08,"smd_2022_8C03, smd_2022_8C05, smd_2022_8E03",8C08,,,,8C,,,,,8,,,,,,,,,,
smd_2022_8D01,"smd_2022_8C01, smd_2022_8C04, smd_2022_8D02, smd_2022_8D03, smd_2022_8D06, smd_2022_8D07, smd_2022_8D08",8D01,,,,8D,,,,,2,,,,,,,,,,
smd_2022_8D02,"smd_2022_6D01, smd_2022_6D07, smd_2022_8C01, smd_2022_8D01, smd_2022_8D07",8D02,,,,8D,,,,,4,,,,,,,,,,
smd_2022_8D03,"smd_2022_8D01, smd_2022_8D04, smd_2022_8D05, smd_2022_8D06, smd_2022_8D08, smd_2022_8E07, smd_2022_8E09",8D03,,,,8D,,,,,9,,,,,,,,,,
smd_2022_8D04,"smd_2022_8D03, smd_2022_8D05, smd_2022_8D06, smd_2022_8D07, smd_2022_8E09",8D04,,,,8D,,,,,10,,,,,,,,,,
smd_2022_8D05,"smd_2022_8D03, smd_2022_8D04, smd_2022_8D06, smd_2022_8D07",8D05,,,,8D,,,,,11,,,,,,,,,,
smd_2022_8D06,"smd_2022_8D01, smd_2022_8D03, smd_2022_8D04, smd_2022_8D05, smd_2022_8D07",8D06,,,,8D,,,,,12,,,,,,,,,,
smd_2022_8D07,"smd_2022_8D01, smd_2022_8D02, smd_2022_8D04, smd_2022_8D05, smd_2022_8D06",8D07,,,,8D,,,,,1,,,,,,,,,,
smd_2022_8D08,"smd_2022_8C04, smd_2022_8C07, smd_2022_8D01, smd_2022_8D03, smd_2022_8E06, smd_2022_8E07",8D08,,,,8D,,,,,3,,,,,,,,,,
smd_2022_8E01,"smd_2022_8E02, smd_2022_8E05",8E01,,,,8E,,,,,10,,,,,,,,,,
smd_2022_8E02,"smd_2022_8B03, smd_2022_8B05, smd_2022_8C05, smd_2022_8E01, smd_2022_8E03, smd_2022_8E05",8E02,,,,8E,,,,,4,,,,,,,,,,
smd_2022_8E03,"smd_2022_8C03, smd_2022_8C05, smd_2022_8C06, smd_2022_8C08, smd_2022_8E02, smd_2022_8E04, smd_2022_8E05",8E03,,,,8E,,,,,11,,,,,,,,,,
smd_2022_8E04,"smd_2022_8C06, smd_2022_8C07, smd_2022_8E03, smd_2022_8E05, smd_2022_8E06",8E04,,,,8E,,,,,5,,,,,,,,,,
smd_2022_8E05,"smd_2022_8E01, smd_2022_8E02, smd_2022_8E03, smd_2022_8E04, smd_2022_8E06",8E05,,,,8E,,,,,2,,,,,,,,,,
smd_2022_8E06,"smd_2022_8C07, smd_2022_8D08, smd_2022_8E04, smd_2022_8E05, smd_2022_8E07, smd_2022_8E08",8E06,,,,8E,,,,,8,,,,,,,,,,
smd_2022_8E07,"smd_2022_8D03, smd_2022_8D08, smd_2022_8E06, smd_2022_8E08, smd_2022_8E09",8E07,,,,8E,,,,,11,,,,,,,,,,
smd_2022_8E08,"smd_2022_8E06, smd_2022_8E07, smd_2022_8E09",8E08,,,,8E,,,,,4,,,,,,,,,,
smd_2022_8E09,"smd_2022_8D03, smd_2022_8D04, smd_2022_8E07, smd_2022_8E08",8E09,,,,8E,,,,,7,,,,,,,,,,
smd_2022_8F01,"smd_2022_6B01, smd_2022_6B04, smd_2022_6B08, smd_2022_8A02, smd_2022_8A06, smd_2022_8F02, smd_2022_8F03",8F01,,,,8F,,,,,6,,,,,,,,,,
smd_2022_8F02,"smd_2022_6D05, smd_2022_6D08, smd_2022_8A06, smd_2022_8C01, smd_2022_8F01, smd_2022_8F03, smd_2022_8F04",8F02,,,,8F,,,,,11,,,,,,,,,,
smd_2022_8F03,"smd_2022_6B01, smd_2022_8F01, smd_2022_8F02, smd_2022_8F04, smd_2022_8F05",8F03,,,,8F,,,,,1,,,,,,,,,,
smd_2022_8F04,"smd_2022_6D02, smd_2022_6D05, smd_2022_6D08, smd_2022_8F02, smd_2022_8F03, smd_2022_8F05",8F04,,,,8F,,,,,7,,,,,,,,,,
smd_2022_8F05,"smd_2022_6B01, smd_2022_6D02, smd_2022_6D05, smd_2022_8F03, smd_2022_8F04",8F05,,,,8F,,,,,12,,,,,,,,,,
