candidate_id,person_id,dcboe_hash_id,smd_id,candidate_name,candidate_status,candidate_source,candidate_source_link,pickup_date,filed_date
50001,10285,fbcfd3f6b447c45fb65e455da966c98b2462654e9a8abebbe81ea671,smd_1A02,Dieter Lehmann Morales,Pulled Papers for Ballot,DCBOE,https://www.dcboe.org/Candidates/2020-Candidates,2020-06-29,
50002,10003,93619b5aa6e7a651f0d0db86887f91ea74a4ce64d4cc8f0998e7b447,smd_1A03,Zach Rybarczyk,Pulled Papers for Ballot,DCBOE,https://www.dcboe.org/Candidates/2020-Candidates,2020-06-29,
50003,10286,1c69d59e11bbdd3f7ad6c7f4fa5eca2cf109db6017dd02c8f02a9b83,smd_1A05,Karyn C. Miller,Pulled Papers for Ballot,DCBOE,https://www.dcboe.org/Candidates/2020-Candidates,2020-06-26,
50004,10287,b22ba95ab2f748013492092ef9c9e208c7f00490b657c9c3b65240ed,smd_1A06,Sean McGrath,Pulled Papers for Ballot,DCBOE,https://www.dcboe.org/Candidates/2020-Candidates,2020-06-30,
50005,10288,7698e60172dc04aa59a4e3c4e1b15c6ca6226234b67b1ba8049ba305,smd_1A06,Judson Wood,On Ballot,DCBOE,https://www.dcboe.org/Candidates/2020-Candidates,2020-06-26,2020-07-10
50006,10289,2ec2b7b53beafc8d0c6de1f6de096895cb477913bb0be75eacafb193,smd_1A07,Benjamin Tingle,Pulled Papers for Ballot,DCBOE,https://www.dcboe.org/Candidates/2020-Candidates,2020-07-01,
50007,10290,0492fe8c14563676043af6c10e36b76ecf6316eabf04d3e5aa6f323e,smd_1A07,Mukta Ghorpadey,Pulled Papers for Ballot,DCBOE,https://www.dcboe.org/Candidates/2020-Candidates,2020-06-30,
50008,10008,546e6a75bd74d5da1fbd3fd76cd10bc4fad4d39cbdc1851271bab80b,smd_1A08,Kent Boese,On Ballot,DCBOE,https://www.dcboe.org/Candidates/2020-Candidates,2020-06-29,2020-07-06
50009,10009,2ee0d53ca2fb47bcdae83340aa87fbfd75797b052e018c9dc230c190,smd_1A09,Michael Wray,Pulled Papers for Ballot,DCBOE,https://www.dcboe.org/Candidates/2020-Candidates,2020-06-26,
50010,10010,1e86520ddbd4b5d25acc522d8ac07139079fed2cd92431a44d9a0c43,smd_1A10,Rashida E. Brown,On Ballot,DCBOE,https://www.dcboe.org/Candidates/2020-Candidates,2020-06-30,2020-07-13
50011,10011,7ce79e53319465d38cfa33666f0d36e1ddc86f306be588f1af7a6687,smd_1A11,Dotti Love Wade,Pulled Papers for Ballot,DCBOE,https://www.dcboe.org/Candidates/2020-Candidates,2020-07-10,
50012,10012,caa2bc3567541c0803bc4bc60fb5e8d638ae730c9dfcb17aef60acbf,smd_1A12,Jason Clock,Pulled Papers for Ballot,DCBOE,https://www.dcboe.org/Candidates/2020-Candidates,2020-07-13,
50013,10014,f7fb612057813d64748fc55350be5f6fc748dbdf46dc34b0e1ac0b82,smd_1B02,Daniel C. Orlaskey,Pulled Papers for Ballot,DCBOE,https://www.dcboe.org/Candidates/2020-Candidates,2020-06-26,
50014,10291,1ad30b864db573a5f5e08fe509057b2b612c25281c01dbad8d8e5b89,smd_1B05,Victoria Sanchez,Pulled Papers for Ballot,DCBOE,https://www.dcboe.org/Candidates/2020-Candidates,2020-07-13,
50015,10018,52354346602018fe77f962d7ddfc6a9075922430770977deeea5cd0c,smd_1B07,Marcia Shia,Pulled Papers for Ballot,DCBOE,https://www.dcboe.org/Candidates/2020-Candidates,2020-06-29,
50016,10020,c45c9cb36ba386ea68193f4217f76b71fce4c75debcfad9a3735e030,smd_1B09,James A. Turner,Pulled Papers for Ballot,DCBOE,https://www.dcboe.org/Candidates/2020-Candidates,2020-06-26,
50017,10022,4105a354842ee2a31597b04c19740c467d3ce5657aaf2557b1bb9bd3,smd_1B11,Robb Hudson,Pulled Papers for Ballot,DCBOE,https://www.dcboe.org/Candidates/2020-Candidates,2020-06-29,
50018,10292,f2c04ec8051309ea7507a7526885ac0c6ec129efb23c4bfcebb8ac6b,smd_1B12,Michael Singer,Pulled Papers for Ballot,DCBOE,https://www.dcboe.org/Candidates/2020-Candidates,,
50019,10293,c6708fd4853c51af2d0f9421767df56520c103017e66632085f077f0,smd_1C02,Celeste Carano,Pulled Papers for Ballot,DCBOE,https://www.dcboe.org/Candidates/2020-Candidates,2020-07-14,
50020,10294,6886fc54022091cbfdfd4995787f10a112f6ee70a23024c4bf61e6aa,smd_1C03,Elias Benda,Pulled Papers for Ballot,DCBOE,https://www.dcboe.org/Candidates/2020-Candidates,2020-06-30,
50021,10295,0a3c278320dad6f6bc9d04f813b00c7a4ead3a608e944cb4dc6f53fa,smd_1C03,Jennifer Hughes,Pulled Papers for Ballot,DCBOE,https://www.dcboe.org/Candidates/2020-Candidates,2020-07-02,
50022,10296,95a8ba82f30c0df564f2a61da3e9bf1e8d1176ffa06b4dc9421d63f6,smd_1C03,Peter Wood,Pulled Papers for Ballot,DCBOE,https://www.dcboe.org/Candidates/2020-Candidates,2020-06-29,
50023,10297,f6ab11d6bb80e8e9299fff5df872d917c598fee6df48841bd675f2b7,smd_1C04,Meghan Faulkner,Pulled Papers for Ballot,DCBOE,https://www.dcboe.org/Candidates/2020-Candidates,2020-07-09,
50024,10026,09a307f2856e527aa6b882b9e9191027591b60f55d1ffca18e776213,smd_1C04,John V. Zottoli,On Ballot,DCBOE,https://www.dcboe.org/Candidates/2020-Candidates,2020-07-02,2020-07-14
50025,10298,acede56c0b79161daa88adc4386480aa3201cd6fa17131d502ed7a21,smd_1C05,Dennis Jaffe,Pulled Papers for Ballot,DCBOE,https://www.dcboe.org/Candidates/2020-Candidates,2020-07-10,
50026,10299,41bd26f22e6d9376c0a826987c4ce029459cf24e69d282f0f588894f,smd_1C05,Zack Gold,Pulled Papers for Ballot,DCBOE,https://www.dcboe.org/Candidates/2020-Candidates,2020-07-10,
50027,10029,c08c4a3807fc79ab003e2a8d6f3d783a24c3f9b6e59f5a6d8583046d,smd_1C07,Joseph Bowles,Pulled Papers for Ballot,DCBOE,https://www.dcboe.org/Candidates/2020-Candidates,2020-06-30,
50028,10301,1c22d891bafb3e2e54a5da7b03952606e6656b8b936b60d4cf425f27,smd_1C08,Fiona Clem,Pulled Papers for Ballot,DCBOE,https://www.dcboe.org/Candidates/2020-Candidates,2020-07-02,
50029,10032,767489631ab5fa4c0a519b84ce4c118eb5eda9e35e0658449b261a46,smd_1D02,Robin L.Sandenburgh,Pulled Papers for Ballot,DCBOE,https://www.dcboe.org/Candidates/2020-Candidates,2020-06-29,
50030,10033,cbb1731cf5f24de591920fccf5da7b1829164833df12ca4d3a62db57,smd_1D03,Jack McKay,Pulled Papers for Ballot,DCBOE,https://www.dcboe.org/Candidates/2020-Candidates,2020-06-26,
50031,10035,4d297e845efc10c042ffdd5d974e36c06f1b65863caec5e12a6100e0,smd_1D05,Chelsea A. Allinger,Pulled Papers for Ballot,DCBOE,https://www.dcboe.org/Candidates/2020-Candidates,2020-06-29,
50032,10037,3feb98caf9bcae00ee8887856ad410358734a1d2cbe3414a23249be1,smd_2A02,Nicole Goldin,Pulled Papers for Ballot,DCBOE,https://www.dcboe.org/Candidates/2020-Candidates,2020-07-13,
50033,10302,a10e8ddd457a348795f9d4b29f41bede394dfff707b8c01197a193fd,smd_2A02,Joel Causey,Pulled Papers for Ballot,DCBOE,https://www.dcboe.org/Candidates/2020-Candidates,2020-07-07,
50034,10038,d836c81389a7216242b0255fa6ec17445a712bd9ee9036432b05ce49,smd_2A03,Trupti Patel,Pulled Papers for Ballot,DCBOE,https://www.dcboe.org/Candidates/2020-Candidates,2020-07-06,
50035,10303,5e8120d284327bd48dbe33a275a60df1c4a7ba2e3b4bea09ec079954,smd_2A03,John Didiuk,Pulled Papers for Ballot,DCBOE,https://www.dcboe.org/Candidates/2020-Candidates,2020-07-10,
50036,10304,f8801298628778554338480834d1240d47fff0f24b04bd19477f773f,smd_2A05,Evelyn Hudson,Pulled Papers for Ballot,DCBOE,https://www.dcboe.org/Candidates/2020-Candidates,2020-07-09,
50037,10041,a9c220b0ed24c758f3b9dfe8ee45a31e9567fded08f411886241ff4c,smd_2A06,Jeri Epstein,Pulled Papers for Ballot,DCBOE,https://www.dcboe.org/Candidates/2020-Candidates,2020-07-10,
50038,10305,d494f9bb32d635f3d20d2a0d50deef9809d8e22c88c9775a13cf606e,smd_2B01,Margaret Ellen Roggensack,Pulled Papers for Ballot,DCBOE,https://www.dcboe.org/Candidates/2020-Candidates,2020-07-08,
50039,10044,68a2444b5ceff2ad9ae820610d1c650b5f69a016f2e09ded4512129b,smd_2B01,Matthew Sampson,Pulled Papers for Ballot,DCBOE,https://www.dcboe.org/Candidates/2020-Candidates,2020-07-01,
50040,10045,1c8e6cbc68268696c2cd6046143a20426c95e1c81bfbc794539faef7,smd_2B02,Daniel Warwick,Pulled Papers for Ballot,DCBOE,https://www.dcboe.org/Candidates/2020-Candidates,2020-07-14,
50041,10306,69c759e026a8132f0e3973fabf630fb543b1bb350fe1842a41621723,smd_2B03,Bashir Yousef,Pulled Papers for Ballot,DCBOE,https://www.dcboe.org/Candidates/2020-Candidates,2020-07-13,
50042,10307,3ce45b995f26fed295f520a8f8135c510c5a71c95e9d52477389c2b3,smd_2B03,Robin Linnett Nunn,Pulled Papers for Ballot,DCBOE,https://www.dcboe.org/Candidates/2020-Candidates,2020-06-29,
50044,10309,042b98ed23b3ff99c7e06fcaa31501081e815f54c339548cfa355d15,smd_2B04,Moshe 'Mo' Pasternak,Pulled Papers for Ballot,DCBOE,https://www.dcboe.org/Candidates/2020-Candidates,2020-07-07,
50045,10310,64ad8ac45299027680c246160c287da7bdcaae561e539fee83aac0ff,smd_2B04,Dianne C. Quinn,Pulled Papers for Ballot,DCBOE,https://www.dcboe.org/Candidates/2020-Candidates,2020-06-30,
50046,10047,46e59d1554ea29082c4e3df8baca95dafbef00d75fd2787e81af7e1b,smd_2B05,Randy D Downs,Pulled Papers for Ballot,DCBOE,https://www.dcboe.org/Candidates/2020-Candidates,2020-07-02,
50047,10311,b265f9ae85205d7f762a8acc905ad56b5476af23936655c66ec923e5,smd_2B08,Matthew Holden,Pulled Papers for Ballot,DCBOE,https://www.dcboe.org/Candidates/2020-Candidates,2020-07-07,
50048,10312,c8b34051a5a070a821b32190f0d1bf06eb33bf51114c3281c42f5561,smd_2B09,Kyle Mulhall,On Ballot,DCBOE,https://www.dcboe.org/Candidates/2020-Candidates,2020-06-30,2020-07-16
50049,10052,f6acb6460c447a056224ac2626c6120211df725818d747f4da2b3ef7,smd_2C01,Michael D. Shankle,On Ballot,DCBOE,https://www.dcboe.org/Candidates/2020-Candidates,2020-06-29,2020-07-16
50050,10313,a49d608b2209232b5567081bfaf8922e3613149ba405200c7f3f6b9f,smd_2C03,Gigi Nelson,Pulled Papers for Ballot,DCBOE,https://www.dcboe.org/Candidates/2020-Candidates,2020-07-14,
50051,10314,ef9d7efd37c9e275a2659c0532f1abc560e4dc85d94a106c65605b8b,smd_2D01,Thomas McDonough,Pulled Papers for Ballot,DCBOE,https://www.dcboe.org/Candidates/2020-Candidates,2020-06-30,
50052,10315,f51d42bb8b3eefa298538a5c9b84ec7fa048a881233df48f133a8519,smd_2E02,Jenny Mitchell,Pulled Papers for Ballot,DCBOE,https://www.dcboe.org/Candidates/2020-Candidates,2020-07-15,
50053,10316,f3ddec687e715c836cb723c6704e5d2ef75def217955aae4c362eaf2,smd_2E02,Christopher Mathews,Pulled Papers for Ballot,DCBOE,https://www.dcboe.org/Candidates/2020-Candidates,2020-06-29,
50054,10059,50562fab69b98e298b353af3a625c147e11919a05c01049ab865b968,smd_2E03,"Richard G. Murphy, Jr.",On Ballot,DCBOE,https://www.dcboe.org/Candidates/2020-Candidates,2020-07-09,2020-07-15
50055,10061,0ae877a4a33d88beb9e2723c504593aa1c442af2b8ef7e58321122b2,smd_2E05,Lisa Palmer,Pulled Papers for Ballot,DCBOE,https://www.dcboe.org/Candidates/2020-Candidates,2020-07-13,
50056,10063,ce4d8d0f52237e48ac2793f29f6d30f22623c86c02e52b3ba9222cd9,smd_2E07,Elizabeth Miller,On Ballot,DCBOE,https://www.dcboe.org/Candidates/2020-Candidates,2020-07-01,2020-07-16
50057,10318,eae204f588d2fb2cb4f9dc2b50f4daec5f6354e39d91ad84c2df667e,smd_2F01,Brian Romanowski,Pulled Papers for Ballot,DCBOE,https://www.dcboe.org/Candidates/2020-Candidates,2020-06-29,
50058,10068,c920d1a714f6fe0864d02601c58795dd8282ac6ecf024b2767e813eb,smd_2F04,John Fanning,Pulled Papers for Ballot,DCBOE,https://www.dcboe.org/Candidates/2020-Candidates,2020-06-30,
50059,10319,fcba9c37c988d5e2d77e69c557bb4533c8ed2f565efce0789d86f1c5,smd_2F05,Peyton Jane Gibson,Pulled Papers for Ballot,DCBOE,https://www.dcboe.org/Candidates/2020-Candidates,2020-07-14,
50060,10070,bae07fc9ee1843b9cf097f6b7abf44e6c8be9fa46035b2f5257a1480,smd_2F06,Ian Simon,Pulled Papers for Ballot,DCBOE,https://www.dcboe.org/Candidates/2020-Candidates,2020-06-26,
50061,10320,0f1edd2555c1fa3df14a6f88791b0ec6cc516dd7d4fcf00c49e24bb7,smd_2F07,Rehana Mohammed,Pulled Papers for Ballot,DCBOE,https://www.dcboe.org/Candidates/2020-Candidates,2020-07-14,
50062,10072,6fc85346675343d859ced9760521ce48f451662bdd137051386a3e64,smd_2F08,Janice Ferebee,Pulled Papers for Ballot,DCBOE,https://www.dcboe.org/Candidates/2020-Candidates,2020-06-30,
50063,10073,b079a250c5eb67415c68377804780bdb82e12104dd9afb7ad4e44b9f,smd_3B01,Anne Lane Mladinov,Pulled Papers for Ballot,DCBOE,https://www.dcboe.org/Candidates/2020-Candidates,2020-07-16,
50064,10074,df4821408578c0f91b3ec743d7b8d0cc762385bf7b3f3e1cbfc06900,smd_3B02,Jackie  Blumenthal,Pulled Papers for Ballot,DCBOE,https://www.dcboe.org/Candidates/2020-Candidates,2020-07-07,
50065,10075,a4177e4bfeba0a7b849e436450513c4a0edfe3385691182d91aa0817,smd_3B03,Melissa Lane,Pulled Papers for Ballot,DCBOE,https://www.dcboe.org/Candidates/2020-Candidates,2020-07-09,
50066,10321,66f804bcd4e85246fe5c56f5ba24d8996774ca8f371014249a62f269,smd_3B04,Elizabeth Elson,Pulled Papers for Ballot,DCBOE,https://www.dcboe.org/Candidates/2020-Candidates,2020-07-13,
50067,10077,d1bec1c8013b3cec95ee498b59b9adcea312e8433ff2682c5225c7cd,smd_3B05,Brian Turmail,Pulled Papers for Ballot,DCBOE,https://www.dcboe.org/Candidates/2020-Candidates,2020-06-29,
50068,10078,5491650e2fc1fc0f8ee84e2d6134bf8919c1cca1f92f50e97e5cb5ac,smd_3C01,Lee Brian Reba,Pulled Papers for Ballot,DCBOE,https://www.dcboe.org/Candidates/2020-Candidates,2020-07-07,
50069,10079,e71dc6bf3199e85864794e3b1ca4f1b1eb20a93d6e3b2397946c9a55,smd_3C02,Jason Fink,Pulled Papers for Ballot,DCBOE,https://www.dcboe.org/Candidates/2020-Candidates,2020-07-07,
50070,10322,3bb35accb436dd218c2210279689a1e799aa8a04ab511c895b978766,smd_3C03,Janell Marie Pagats,Pulled Papers for Ballot,DCBOE,https://www.dcboe.org/Candidates/2020-Candidates,2020-07-10,
50071,10323,2c90ebc206579e301515724f6a94f2d84e073e656bef6b8dffba6a99,smd_3C05,Meena Aladdin,Pulled Papers for Ballot,DCBOE,https://www.dcboe.org/Candidates/2020-Candidates,2020-06-29,
50072,10324,85631db31b0993e81411fdebd047488f698eca87505bbad03627ac64,smd_3C05,Trish Berman,Pulled Papers for Ballot,DCBOE,https://www.dcboe.org/Candidates/2020-Candidates,2020-07-06,
50073,10325,1dc9a11b774e7aca111df5b3ea594aac36f83884ceb70c93152c0fd1,smd_3C05,Sauleh A. Siddiqui,Pulled Papers for Ballot,DCBOE,https://www.dcboe.org/Candidates/2020-Candidates,2020-07-10,
50074,10326,c665d2b358d370327fdb40455808e1d87c99fb44e3afc8bf1daae904,smd_3C06,Kamolika Das,Pulled Papers for Ballot,DCBOE,https://www.dcboe.org/Candidates/2020-Candidates,2020-07-13,
50075,10085,e118a3d98f7ff015470d2d45f357e8bc50cef82e5ca6b5b142ffdda5,smd_3C09,Nancy J. MacWood,Pulled Papers for Ballot,DCBOE,https://www.dcboe.org/Candidates/2020-Candidates,2020-07-13,
50076,10327,1cb22df640fb889ec180394c972ac7d8692ba40360ec9862fc5044b9,smd_3D01,Carolin Jane Croft,Pulled Papers for Ballot,DCBOE,https://www.dcboe.org/Candidates/2020-Candidates,2020-07-16,
50077,10086,12c1313e7c8ad951998074605596772cd377093184d6385eadc16f14,smd_3D01,Charles Lowrey Elkins,Pulled Papers for Ballot,DCBOE,https://www.dcboe.org/Candidates/2020-Candidates,2020-06-29,
50078,10087,4e02ad309aa3aeaffd9c85a5d938f0ad64d7e89591c68e0f41c9bb54,smd_3D02,Troy Kravitz,Pulled Papers for Ballot,DCBOE,https://www.dcboe.org/Candidates/2020-Candidates,2020-07-02,
50079,10088,c183928331cc8050ee9790073b321498cc0e9cc39a63c99fcd3d6427,smd_3D03,Paige Ela,Pulled Papers for Ballot,DCBOE,https://www.dcboe.org/Candidates/2020-Candidates,2020-07-10,
50080,10089,83e4f1e66f5d368305530eae38c75d14faca98f519630db6db72d06a,smd_3D04,Michael Sriqui,Pulled Papers for Ballot,DCBOE,https://www.dcboe.org/Candidates/2020-Candidates,2020-07-09,
50081,10329,7318ac619d1bd0035f9e83712efeb5d2749d0f4d90fdfc1ab7adf737,smd_3D07,Christian Damiana,Pulled Papers for Ballot,DCBOE,https://www.dcboe.org/Candidates/2020-Candidates,2020-06-26,
50082,10330,241faa20cc774bd56ac461c3af473a4bd629e5d38c84ca920f8db389,smd_3D08,Benjamin Bergmann,Pulled Papers for Ballot,DCBOE,https://www.dcboe.org/Candidates/2020-Candidates,2020-06-26,
50083,10331,e3ca0e34fa273ba522eba10c85a5ffa372cb095df3fc2302e61147c1,smd_3D08,Doreen Moses,Pulled Papers for Ballot,DCBOE,https://www.dcboe.org/Candidates/2020-Candidates,2020-07-10,
50084,10093,eadeb940fa403ae756aa08db5850d4aee5da070a92035665204b4312,smd_3D08,Christine M. Warnke,On Ballot,DCBOE,https://www.dcboe.org/Candidates/2020-Candidates,2020-06-29,2020-07-10
50085,10094,2a3d6dfa6e801f3627a6a897508b9297e411d3871c02010e9875e500,smd_3D09,John Paul Szymkowicz,Pulled Papers for Ballot,DCBOE,https://www.dcboe.org/Candidates/2020-Candidates,2020-06-26,
50086,10332,d95b91a00fbe658aaa46ead4f1ac15bd49168c3cf1d2166a766b96d4,smd_3D09,Marc Hayes Robinson,Pulled Papers for Ballot,DCBOE,https://www.dcboe.org/Candidates/2020-Candidates,2020-07-13,
50087,10095,f2cc3a28c6a3f5d0566585792bd4a94f4310e07cce9a3618a6b05492,smd_3D10,Jeremy Lee Del Moral,Pulled Papers for Ballot,DCBOE,https://www.dcboe.org/Candidates/2020-Candidates,2020-07-10,
50088,10333,f3cc613ba9fff04e44270470fe5b5f345ad9af97d829d35ce65261cc,smd_3E01,Matthew Cohen,Pulled Papers for Ballot,DCBOE,https://www.dcboe.org/Candidates/2020-Candidates,2020-06-29,
50089,10334,31a651f872a02c5978c5ca804b102f9f113a0a0311d141d588d3a77e,smd_3E04,Laila Kunaish,Pulled Papers for Ballot,DCBOE,https://www.dcboe.org/Candidates/2020-Candidates,2020-07-06,
50090,10099,dedae62285e3f044a5620edf19819522a5d22581b051f8d824520de2,smd_3E04,Tom Quinn,Pulled Papers for Ballot,DCBOE,https://www.dcboe.org/Candidates/2020-Candidates,2020-07-09,
50091,10100,0be3b2fd5c86de18b1903cbd9df1656d299c44041a0bb7c96c52c7ae,smd_3E05,Jonathan McHugh,Pulled Papers for Ballot,DCBOE,https://www.dcboe.org/Candidates/2020-Candidates,2020-07-06,
50092,10101,5c6621105249d540019cc91532e8504a86dc2f270084658e2ee73d6e,smd_3F01,David G. Cristeal,Pulled Papers for Ballot,DCBOE,https://www.dcboe.org/Candidates/2020-Candidates,2020-07-08,
50093,10335,dd33d393762c5ff764bce725bfd4d45d9ebd9c7fe3b6e50bc6ff0bac,smd_3F01,Ulas Doga Eralp,Pulled Papers for Ballot,DCBOE,https://www.dcboe.org/Candidates/2020-Candidates,2020-07-09,
50094,10336,a9371dd031e7c1981468fe040edeb90ea18eefb7e97d0c3d1b3d2759,smd_3F03,"Dipali (""Dipa"") Mehta",Pulled Papers for Ballot,DCBOE,https://www.dcboe.org/Candidates/2020-Candidates,2020-07-15,
50095,10106,31f95c1fe470e9149c266cec445504171bdca12706c69ca184db4f73,smd_3F06,Monika Nemeth,Pulled Papers for Ballot,DCBOE,https://www.dcboe.org/Candidates/2020-Candidates,2020-07-09,
50096,10337,f1e441c78c392c92ab93d0898dcaa0c870ced72b4c3f5887a0a79ec0,smd_3F07,Lisa Cox,Pulled Papers for Ballot,DCBOE,https://www.dcboe.org/Candidates/2020-Candidates,2020-07-13,
50097,10338,dbcad43e18792cba3842725a7c05d8401aba7bd390e7bcd2076a6a53,smd_3G01,Lisa R. Gore,Pulled Papers for Ballot,DCBOE,https://www.dcboe.org/Candidates/2020-Candidates,2020-07-16,
50098,10339,b32401691d5022747bcd749ba1988da5a2e5c3d1129e8cbe5c813192,smd_3G01,Lucinda A. Wade,On Ballot,DCBOE,https://www.dcboe.org/Candidates/2020-Candidates,2020-06-30,2020-07-15
50099,10340,bee428e540192134fe99933bf8818646f2d8295594a2b545669cd608,smd_3G02,John K. Higgins,Pulled Papers for Ballot,DCBOE,https://www.dcboe.org/Candidates/2020-Candidates,2020-07-14,
50100,10109,08970cb463d4b333b0a388e051d4fb3cce4aa759a6bc290bf3627792,smd_3G03,Randy Speck,On Ballot,DCBOE,https://www.dcboe.org/Candidates/2020-Candidates,2020-06-26,2020-07-10
50101,10341,9c56382fd39fff296c298bd02a7b1b8b48f705285b11d9a6f57f2c2f,smd_3G05,Connie K.N. Chang,On Ballot,DCBOE,https://www.dcboe.org/Candidates/2020-Candidates,2020-06-29,2020-07-16
50102,10113,9af8085f545b4458b83e738fa80843510e9df93642aa827126a32cba,smd_3G07,Christopher Fromboluti,On Ballot,DCBOE,https://www.dcboe.org/Candidates/2020-Candidates,2020-07-06,2020-07-13
50103,10115,05296f94adf11be4219cd20a5635a517efd87aaffd1dbe4d8bf51e12,smd_4A02,Stacey Lincoln,Pulled Papers for Ballot,DCBOE,https://www.dcboe.org/Candidates/2020-Candidates,2020-07-06,
50104,10342,d6ece2a4b0db4315b915eccae7b3da91b73ffac4ba230069980ea6d3,smd_4A02,Merrit Paul Drucker,On Ballot,DCBOE,https://www.dcboe.org/Candidates/2020-Candidates,2020-06-30,2020-07-15
50105,10343,f1eac35453a932c01067d6dd612fdcced4ab566111ca33128ac491e2,smd_4A04,Jes'Terieuz 'JT' Howard,Pulled Papers for Ballot,DCBOE,https://www.dcboe.org/Candidates/2020-Candidates,2020-07-06,
50106,10344,ea6b0e10ac139fc139ab97f4cbaae78be653a4a080813c43b967dbb7,smd_4A06,Aretha N. Jones,Pulled Papers for Ballot,DCBOE,https://www.dcboe.org/Candidates/2020-Candidates,2020-07-14,
50107,10345,df29ecd22a8d31e0361ce792c2611e7d6b224980e8ed7f22b8f3af18,smd_4A08,Pavan Khoobchandani,Pulled Papers for Ballot,DCBOE,https://www.dcboe.org/Candidates/2020-Candidates,2020-07-06,
50108,10121,8495407bbb407a9c3027227d93d090c3e1452d36824253977b4b758a,smd_4B01,Evan Yeats,On Ballot,DCBOE,https://www.dcboe.org/Candidates/2020-Candidates,2020-06-29,2020-07-10
50109,10122,3e28b7e92e648cc7f1327ba56fb7b01c76c9d50b3ff1601274827fa1,smd_4B02,Erin Palmer,Pulled Papers for Ballot,DCBOE,https://www.dcboe.org/Candidates/2020-Candidates,2020-07-06,
50110,10346,ced2eb831cfcc0b7937f9cc7a6257b2f0fa9518a6163ee60f8adfbae,smd_4B03,Jocelynn 'JJ' Johnson,Pulled Papers for Ballot,DCBOE,https://www.dcboe.org/Candidates/2020-Candidates,2020-07-07,
50111,10347,5139cdb9225a5233b8749ee0faedc0ab082e6578daf28250d5a884cc,smd_4B03,Laurence B Minor II,Pulled Papers for Ballot,DCBOE,https://www.dcboe.org/Candidates/2020-Candidates,,
50112,10126,dad234295f66b06e8bf2755ced24a6c216cfb8727464ebd055ebab16,smd_4B06,Tiffani Nichole Johnson,Pulled Papers for Ballot,DCBOE,https://www.dcboe.org/Candidates/2020-Candidates,2020-06-30,
50113,10129,d4ccf3d6bfc07599b7f0c98a64e031fb9a32e81b1d4e356b42743dc7,smd_4B09,La Roya Huff,Pulled Papers for Ballot,DCBOE,https://www.dcboe.org/Candidates/2020-Candidates,2020-07-15,
50114,10348,547dd2e5f5544c63efdf7d71795e03d0150886ed5611e7194e532b5e,smd_4B09,Tischa Cockrell,Pulled Papers for Ballot,DCBOE,https://www.dcboe.org/Candidates/2020-Candidates,2020-07-15,
50115,10349,bc01f710ad11e009dc38403ee69ff1bd231ac5c06f86c03073a78b84,smd_4C01,Vanessa Rubio,Pulled Papers for Ballot,DCBOE,https://www.dcboe.org/Candidates/2020-Candidates,2020-07-15,
50116,10350,afc1d38c0c70ccfde73b08b9c18ef4d50b741601eca79167ce6b9406,smd_4C01,Taalib-Din Uqdah,Pulled Papers for Ballot,DCBOE,https://www.dcboe.org/Candidates/2020-Candidates,2020-07-07,
50117,10131,2f10b13aa9362dfbc32425f4dac2d4f7073ff33cbd2c5f5748b27ae4,smd_4C02,Maria Barry,Pulled Papers for Ballot,DCBOE,https://www.dcboe.org/Candidates/2020-Candidates,2020-07-06,
50118,10132,b936c8c7f183a5945e7d015c645c20386280a3eea0b8dd9c73db53f3,smd_4C03,Ulysses Campbell,Pulled Papers for Ballot,DCBOE,https://www.dcboe.org/Candidates/2020-Candidates,2020-07-13,
50119,10351,36936ecb86e7cd55a8ae76051345151d7ce0e7a25a7d6ba47c821f44,smd_4C04,Yvette D. Marbury-Long,Pulled Papers for Ballot,DCBOE,https://www.dcboe.org/Candidates/2020-Candidates,2020-06-26,
50120,10352,3b83d403db332eac08598dc327ad1294cc8502762be3be7bcfbe3aa7,smd_4C06,Michael C. Whelan,Pulled Papers for Ballot,DCBOE,https://www.dcboe.org/Candidates/2020-Candidates,2020-07-13,
50121,10353,b0e70b24f8985b9f9e517790ef0a2c73386460ed72895921fee2813f,smd_4C06,Namatie Sia Mansaray,Pulled Papers for Ballot,DCBOE,https://www.dcboe.org/Candidates/2020-Candidates,,
50122,10354,e68adffffd2ee2e469618518f0042ac5374c7b032110582011b3ee32,smd_4C08,Charles Andrew Sinks,Pulled Papers for Ballot,DCBOE,https://www.dcboe.org/Candidates/2020-Candidates,2020-07-09,
50123,10355,7973f65263bb41a6f681c52917021b7d51d73d691f826afe05d0b4f2,smd_4C09,Alan Wehler,Pulled Papers for Ballot,DCBOE,https://www.dcboe.org/Candidates/2020-Candidates,,
50124,10356,7927bc5bda0454fcb992b4dfdc942ae4d695e9054af3ef3e11365f49,smd_4C10,Monica P. Blair,Pulled Papers for Ballot,DCBOE,https://www.dcboe.org/Candidates/2020-Candidates,2020-07-07,
50125,10145,e0924ac1294a416abf16ef3bf2682e83ab65debc269f0d33340b4c64,smd_4D06,Jonathan Nobil,Pulled Papers for Ballot,DCBOE,https://www.dcboe.org/Candidates/2020-Candidates,2020-06-29,
50126,10357,22273b6c1d6fec4a3e7bc2c64255b39f092101ff5c779aa977707e89,smd_5A01,Damion McDuffie Sr.,Pulled Papers for Ballot,DCBOE,https://www.dcboe.org/Candidates/2020-Candidates,2020-07-16,
50127,10148,072969a67c03fbcee6ce1bb96a5352f6d137084341dd373f88f6981b,smd_5A03,Emily Singer Lucio,Pulled Papers for Ballot,DCBOE,https://www.dcboe.org/Candidates/2020-Candidates,2020-07-15,
50128,10358,d23c5a641f739b7f469b7f28029dcdfc635fcb287f9bd0738d2666e4,smd_5A08,Nestride Yumga,Pulled Papers for Ballot,DCBOE,https://www.dcboe.org/Candidates/2020-Candidates,2020-07-13,
50129,10152,8d8b0c715b9f19d91b7810a9cfac6be67bef2d179482469307defab3,smd_5A08,Gordon-Andrew Fletcher,Pulled Papers for Ballot,DCBOE,https://www.dcboe.org/Candidates/2020-Candidates,2020-07-15,
50130,10153,49e8e404801383762bbb49adbc8c89949ca2938e99f8876b36dab1b5,smd_5B01,Gayle E. Carley,Pulled Papers for Ballot,DCBOE,https://www.dcboe.org/Candidates/2020-Candidates,2020-07-02,
50132,10360,9c6bd2bd3d1b6c62117c05c645a51d492d9b3a69c6185a178def5ea8,smd_5B01,Cynthia Woerner,Pulled Papers for Ballot,DCBOE,https://www.dcboe.org/Candidates/2020-Candidates,2020-07-06,
50133,10154,6e7298fd915f25f8784f7654031f9f4926038dbd25c647f0ff71bbe3,smd_5B02,Ursula Higgins,On Ballot,DCBOE,https://www.dcboe.org/Candidates/2020-Candidates,2020-06-26,2020-07-08
50134,10156,a36c6cd0011c818e5ca0cee688bc255fb40c2c517906c2121fd15fa2,smd_5B04,Ra Amin,Pulled Papers for Ballot,DCBOE,https://www.dcboe.org/Candidates/2020-Candidates,2020-06-26,
50135,10361,7861ccf338ef91b8b229ba193d9e58ce48b1ecc35db8932f62a6ca4b,smd_5B05,"John J. Feeley, Jr.",Pulled Papers for Ballot,DCBOE,https://www.dcboe.org/Candidates/2020-Candidates,2020-06-29,
50136,10158,aceaceedb63b60817309f947c271c0fc5270b177f783a632b4f9a394,smd_5C01,Gail A. Brevard,On Ballot,DCBOE,https://www.dcboe.org/Candidates/2020-Candidates,2020-07-08,2020-07-14
50137,10362,f77c0dd4507152fda311020cccd34c6bfd3a08706d3a354d5307ee3f,smd_5C01,Michael Triebwasser,Pulled Papers for Ballot,DCBOE,https://www.dcboe.org/Candidates/2020-Candidates,2020-07-01,
50138,10159,ae5a38e1b992a7c6fa5c336bb9d9671e048ab2149dc5cce44509e28d,smd_5C02,Lauren Rogers,Pulled Papers for Ballot,DCBOE,https://www.dcboe.org/Candidates/2020-Candidates,2020-07-13,
50139,10160,d1b97aea73c2cbd2eecec59929bb5008ac235d0836e983b5037acd41,smd_5C03,Pierre Hines,Pulled Papers for Ballot,DCBOE,https://www.dcboe.org/Candidates/2020-Candidates,2020-07-15,
50140,10161,85f2f97b5f76919e6d167a4c3350679c4ae730e9886823965c142568,smd_5C04,Jacqueline Manning,On Ballot,DCBOE,https://www.dcboe.org/Candidates/2020-Candidates,2020-06-26,2020-06-30
50141,10363,3a5bf2e21faf40c5854ecc1db48776ec938f95d63f7bafc6fbb255a8,smd_5C06,Thaddeus James,Pulled Papers for Ballot,DCBOE,https://www.dcboe.org/Candidates/2020-Candidates,2020-07-08,
50142,10364,48730005128325c8f89d16dc6dd835fbb2228df87ec4f0f294ca4742,smd_5C06,D'Andre A. Phillips,On Ballot,DCBOE,https://www.dcboe.org/Candidates/2020-Candidates,2020-07-08,2020-07-14
50143,10164,88f3ffc40a6794b2c3f6181d6378c820546e24d0d84802107044c006,smd_5C07,Jeremiah Montague Jr,Pulled Papers for Ballot,DCBOE,https://www.dcboe.org/Candidates/2020-Candidates,2020-06-26,
50144,10365,b53e1028b413101d0f95d51acedf8861cb6ce0b3c141f4465ead5dcb,smd_5D01,Sebrena L. Rhodes,Pulled Papers for Ballot,DCBOE,https://www.dcboe.org/Candidates/2020-Candidates,2020-06-26,
50145,10366,dbc4b189676ca027e66acaee2b136835d8e3466297b31ea8f18e95d0,smd_5D02,Salvador Sauceda-Guzman,On Ballot,DCBOE,https://www.dcboe.org/Candidates/2020-Candidates,2020-07-08,2020-07-14
50146,10367,46de7b948255df78e85aa12ab4424c22087da066a334b747cd9e77ce,smd_5D03,Sean Barry,Pulled Papers for Ballot,DCBOE,https://www.dcboe.org/Candidates/2020-Candidates,2020-06-26,
50147,10368,b9335dbc383a762be13d49fe8d95e2c44d881592970cc7141bc712f5,smd_5D03,James Butler,Pulled Papers for Ballot,DCBOE,https://www.dcboe.org/Candidates/2020-Candidates,2020-07-06,
50148,10369,8ee06ed31a12607b7b348b64af7108b4dc50aefec942bcb2c84cdfc9,smd_5D03,Latoya Renee Moore,On Ballot,DCBOE,https://www.dcboe.org/Candidates/2020-Candidates,2020-07-09,2020-07-13
50149,10168,0a1642e13a05676db524c9c038d546014cc2a4b41ef38c5522e606ad,smd_5D04,Bernice S. Blacknell,Pulled Papers for Ballot,DCBOE,https://www.dcboe.org/Candidates/2020-Candidates,2020-06-29,
50150,10370,169ef9892cd2e807aaf1cd399db6e23802a8b1f2a674fbfd065628da,smd_5D05,Kathy Henderson,Pulled Papers for Ballot,DCBOE,https://www.dcboe.org/Candidates/2020-Candidates,2020-07-01,
50151,10169,f7dd6fc22c57dd50b15e0db3c07218fe1af71454a93e909fc053e82a,smd_5D05,Sydelle Moore,Pulled Papers for Ballot,DCBOE,https://www.dcboe.org/Candidates/2020-Candidates,2020-06-29,
50152,10371,c8850d91633b832fca8652b74ccdc93644933bc30958df7cf24a9897,smd_5D06,Zachary Hoffman,Pulled Papers for Ballot,DCBOE,https://www.dcboe.org/Candidates/2020-Candidates,2020-07-02,
50153,10372,d90a1d8ca6058a8fd525d822ee053d56639088bd29cf2e15ea39553e,smd_5D07,Stephen Cobb,Pulled Papers for Ballot,DCBOE,https://www.dcboe.org/Candidates/2020-Candidates,2020-07-06,
50154,10172,27c9a8a2d1ee78fd8b28b8aeeaffee8c9871c4e8dcc2b0b471919798,smd_5E02,Patricia L. Williams,On Ballot,DCBOE,https://www.dcboe.org/Candidates/2020-Candidates,2020-06-30,2020-06-30
50155,10373,1ad0d3b51b08c5af0fac9b480625a877c03debf8222ed960f733c41c,smd_5E03,Denise L. Wright,Pulled Papers for Ballot,DCBOE,https://www.dcboe.org/Candidates/2020-Candidates,2020-07-10,
50156,10174,7d5aba831a57fbd6d853840d18c97fde4db2029105505021c542dfc8,smd_5E04,Sylvia M. Pinkney,On Ballot,DCBOE,https://www.dcboe.org/Candidates/2020-Candidates,2020-06-26,2020-06-30
50157,10176,ed3b4f17016b414a19a70a8ad7664c3780b8138d9f9184614fc043c3,smd_5E06,Karla M. Lewis,On Ballot,DCBOE,https://www.dcboe.org/Candidates/2020-Candidates,2020-06-29,2020-07-06
50158,10374,60f83949404bfb9ba65d9972950f627b3cf8d2de2b6259ee9bf42df5,smd_5E07,Sharon Burns,Pulled Papers for Ballot,DCBOE,https://www.dcboe.org/Candidates/2020-Candidates,2020-07-08,
50159,10178,f8fa51a7ebf3d04d6dce765955f2669058459dd0becf8a043ef4fc66,smd_5E08,Robert Vinson Brannum,On Ballot,DCBOE,https://www.dcboe.org/Candidates/2020-Candidates,2020-06-29,2020-07-10
50160,10179,bb51d004ace61a34b4cfd3f06bbe496af82416faaa1c48e2dafaee00,smd_5E09,Celia Dianne Barnes,On Ballot,DCBOE,https://www.dcboe.org/Candidates/2020-Candidates,2020-06-26,2020-06-29
50161,10375,b0f9707198be5feace954171aaf84e898442a27e1636b674636daf1a,smd_5E09,Kirby Vining,Pulled Papers for Ballot,DCBOE,https://www.dcboe.org/Candidates/2020-Candidates,2020-06-29,
50162,10376,5a3f9f13d81c383bb33693baa771bbc3451b5148bfe92f5e7fdb9d3c,smd_6A01,Keya Chatterjee,Pulled Papers for Ballot,DCBOE,https://www.dcboe.org/Candidates/2020-Candidates,2020-07-15,
50163,10181,87576a3d513833472f5756a29187ab8838281842e73ea818a72d1809,smd_6A01,Marie-Claire Brown,Pulled Papers for Ballot,DCBOE,https://www.dcboe.org/Candidates/2020-Candidates,2020-07-13,
50164,10182,85ac7985b7113f602b2f6b40d79c06b8c441b8d4c929247e24352e8f,smd_6A02,Phil Toomajian,Pulled Papers for Ballot,DCBOE,https://www.dcboe.org/Candidates/2020-Candidates,2020-06-29,
50166,10183,41d0bde681989776b2eb29b9458b1515ccd72dc8465fcd293a5c5c7e,smd_6A03,Mike Soderman,Pulled Papers for Ballot,DCBOE,https://www.dcboe.org/Candidates/2020-Candidates,2020-07-16,
50167,10378,9b66476f030f56bb68d3f49d59656f684a2ad99f3812758786407767,smd_6A04,Ali Gardezi,On Ballot,DCBOE,https://www.dcboe.org/Candidates/2020-Candidates,2020-06-30,2020-07-13
50168,10184,879fd22b186effc5169bef126ecb4ea8180df741da73cd0255e110d1,smd_6A04,Amber K. Gove,Pulled Papers for Ballot,DCBOE,https://www.dcboe.org/Candidates/2020-Candidates,2020-07-13,
50169,10379,0b1a569c443da048d574f46c8a8b184a27f8241d49504c825bd34540,smd_6A06,"H.J. Amons, Sr.",Pulled Papers for Ballot,DCBOE,https://www.dcboe.org/Candidates/2020-Candidates,2020-07-09,
50170,10380,ee8a31b72f7deeccd3f409401fe5a2021fc6f5cf9f6e975e8c254013,smd_6A06,Robb Dooling,Pulled Papers for Ballot,DCBOE,https://www.dcboe.org/Candidates/2020-Candidates,2020-07-01,
50171,10381,7ffa806d6c5c7dbdd24743fb6e2811f2b8c163803fff5e3e9621afbb,smd_6A06,Kate Robinson,Pulled Papers for Ballot,DCBOE,https://www.dcboe.org/Candidates/2020-Candidates,2020-07-09,
50172,10187,2c364145541e30b85ef28b03e819dcb862303e93bf6d80248083b325,smd_6A07,Sondra Phillips-Gilbert,On Ballot,DCBOE,https://www.dcboe.org/Candidates/2020-Candidates,2020-07-02,2020-07-08
50173,10382,85ecb1297a306c8bc0f6fa56e7dda66dc534d46d82a57624196952c0,smd_6A07,Daniel M. Lee,Pulled Papers for Ballot,DCBOE,https://www.dcboe.org/Candidates/2020-Candidates,2020-07-02,
50174,10188,830bd05713caf4b5ea4511d7e303ae8025f24c53ac5aab855e4eb2da,smd_6A08,Brian Alcorn,Pulled Papers for Ballot,DCBOE,https://www.dcboe.org/Candidates/2020-Candidates,2020-07-06,
50175,10190,f553ca8e278d7c5d7e53c6827c0ae5148e3458b31ce4948a3834a629,smd_6B02,Gerald E. Sroufe,Pulled Papers for Ballot,DCBOE,https://www.dcboe.org/Candidates/2020-Candidates,2020-06-30,
50176,10383,c9e3c8060e4ed07731021bc4197204212803cf34abd117fb2dd0101e,smd_6B03,Gerardo Mijares-Shafai,Pulled Papers for Ballot,DCBOE,https://www.dcboe.org/Candidates/2020-Candidates,2020-07-02,
50177,10191,af70e50e78949a6d2101e6c415f216c68b61bbcbcbdbbddd78e94608,smd_6B03,Brian Ready,Pulled Papers for Ballot,DCBOE,https://www.dcboe.org/Candidates/2020-Candidates,2020-07-01,
50178,10192,e318015d759a532f7c0c850f353281842e6b305f053b434ad79f9ac7,smd_6B04,Kirsten Oldenburg,Pulled Papers for Ballot,DCBOE,https://www.dcboe.org/Candidates/2020-Candidates,2020-06-29,
50179,10194,1517ed5f34ee8200194cefac2d575ead1ecae8d2b3dc1465aebc9156,smd_6B06,Corey Holman,Pulled Papers for Ballot,DCBOE,https://www.dcboe.org/Candidates/2020-Candidates,2020-06-26,
50180,10384,4e3d500dfb2c18e4a2c9d699f7362ee9b6eb80f14c981a755e626e23,smd_6B08,Paul Blair,Pulled Papers for Ballot,DCBOE,https://www.dcboe.org/Candidates/2020-Candidates,2020-07-16,
50181,10385,eae1705ed1c30e069a0dcb2f3b67fb5480695fbb002d44113b665fa4,smd_6B09,Michael Morris,Pulled Papers for Ballot,DCBOE,https://www.dcboe.org/Candidates/2020-Candidates,2020-07-14,
50182,10386,bc0e41395346766077b053d7caf81363cdcb156d688027265c4bb40d,smd_6B09,R. Andre Speaks,Pulled Papers for Ballot,DCBOE,https://www.dcboe.org/Candidates/2020-Candidates,2020-06-29,
50183,10198,96e31ccc906fcf1f4e0713d9d21651bb0243d55ae3d2d7a79313354a,smd_6C01,Christine Healey,On Ballot,DCBOE,https://www.dcboe.org/Candidates/2020-Candidates,2020-06-26,2020-07-01
50184,10199,bc20e56b26b0cd5d6a1147afe184a54781aa9d0b8805efd06dbb9c7c,smd_6C02,Karen Wirt,On Ballot,DCBOE,https://www.dcboe.org/Candidates/2020-Candidates,2020-06-30,2020-07-09
50185,10200,f85a894184bb801e92cd10b3a757372dd6c89db721ab30090d091ab5,smd_6C03,Jay Adelstein,On Ballot,DCBOE,https://www.dcboe.org/Candidates/2020-Candidates,2020-06-29,2020-07-15
50186,10201,fef1af28a47e4d6a2caa74b746660eef4b499fe43609a7479d98e24d,smd_6C04,Mark Eckenwiler,On Ballot,DCBOE,https://www.dcboe.org/Candidates/2020-Candidates,2020-06-26,2020-07-13
50187,10387,97dc1b7950240e70ca562b808b8017f4d334573452e36fc6e9e8e56d,smd_6C04,Pranav Nanda,Pulled Papers for Ballot,DCBOE,https://www.dcboe.org/Candidates/2020-Candidates,2020-06-30,
50188,10202,e6f66c329c63d0a02f99db0f273dc545ea5dd5c5fb75899bbaa05d17,smd_6C05,Joel P. Kelty,Pulled Papers for Ballot,DCBOE,https://www.dcboe.org/Candidates/2020-Candidates,2020-07-02,
50189,10388,957612d6693de7f86563bf9d162c6307b0a44ebc3c593fb4ac54c867,smd_6C06,Tommy Howard,Pulled Papers for Ballot,DCBOE,https://www.dcboe.org/Candidates/2020-Candidates,2020-06-30,
50190,10203,014cac4dd905f3c85a0b269bf43a352ebe04c08b102b7ab7c286cf27,smd_6C06,Drew Courtney,On Ballot,DCBOE,https://www.dcboe.org/Candidates/2020-Candidates,2020-06-26,2020-07-16
50191,10204,e8e09e0717fa161d1882296c491fd927da4edcd7890aaa67335bba56,smd_6D01,Gail Fast,Pulled Papers for Ballot,DCBOE,https://www.dcboe.org/Candidates/2020-Candidates,2020-06-26,
50192,10206,c62c4224b689687a162a97b11731b9c4177afdf80ecf4e309b9e176c,smd_6D03,Ronald Collins,Pulled Papers for Ballot,DCBOE,https://www.dcboe.org/Candidates/2020-Candidates,2020-06-26,
50193,10207,e4d3a374dfcf85028220dbf0963ec9ff43e9e5121beeccca814d5953,smd_6D04,Andy Litsky,Pulled Papers for Ballot,DCBOE,https://www.dcboe.org/Candidates/2020-Candidates,2020-06-30,
50194,10208,4450718cfb70b6ee68bf9d04ab148c91ade4f8303d41c8eaa15333f3,smd_6D05,Fredrica D. Kramer,Pulled Papers for Ballot,DCBOE,https://www.dcboe.org/Candidates/2020-Candidates,2020-06-30,
50195,10209,8a168930fa4b70bd433d00df05cc7e2e4445a959d6e353010bae4a70,smd_6D06,Rhonda Natalie Hamilton,Pulled Papers for Ballot,DCBOE,https://www.dcboe.org/Candidates/2020-Candidates,2020-07-10,
50196,10210,7539aee6824a0595239a484867eb66aa040141f238bae051c5e330ea,smd_6D07,"Edward Lee Daniels, Jr.",Pulled Papers for Ballot,DCBOE,https://www.dcboe.org/Candidates/2020-Candidates,2020-07-02,
50197,10390,4d36978bddea1fcabb5f4bb928083fb65f9c08db0c19d00224cb28ff,smd_6E01,Michael Eichler,Pulled Papers for Ballot,DCBOE,https://www.dcboe.org/Candidates/2020-Candidates,2020-06-30,
50198,10391,ad2c1823d8087561535569eae9119076b792c2631874a4476f84f659,smd_6E01,Andrew Spencer DeFrank,Pulled Papers for Ballot,DCBOE,https://www.dcboe.org/Candidates/2020-Candidates,2020-06-29,
50199,10392,bc8b6864b9a87c225f3ff87a7e9a444b598c23c877a5758bf613e890,smd_6E01,Mary A. Sutherland,Pulled Papers for Ballot,DCBOE,https://www.dcboe.org/Candidates/2020-Candidates,2020-07-02,
50200,10393,bae51d965ea6e0dfa4245fd17e15cbc451fe372bdc8412155a479c6a,smd_6E02,Tony Brown,Pulled Papers for Ballot,DCBOE,https://www.dcboe.org/Candidates/2020-Candidates,2020-06-26,
50201,10394,95437b70a735206f3354571981c8ff0020ce3eb08ae16f3376a9a734,smd_6E02,Alexander Lopez,Pulled Papers for Ballot,DCBOE,https://www.dcboe.org/Candidates/2020-Candidates,2020-06-30,
50202,10395,863866882a2b320b4b3cd7fd90cc60ec6563956260b86f910ef4537d,smd_6E02,Valerie Randolph,Pulled Papers for Ballot,DCBOE,https://www.dcboe.org/Candidates/2020-Candidates,2020-07-14,
50203,10396,d06d6ed846f83c8f3316499204839bb26a4d6c94e599a75b60d8fd74,smd_6E02,Eugene Simms,Pulled Papers for Ballot,DCBOE,https://www.dcboe.org/Candidates/2020-Candidates,2020-06-29,
50204,10397,8652057b0e41d2649ec27d7533aa15ba7f140a0b016cd5536f477de1,smd_6E04,Matthew R. Salmon,Pulled Papers for Ballot,DCBOE,https://www.dcboe.org/Candidates/2020-Candidates,2020-06-29,
50205,10398,d68c8793daa25fdbe479d2aebc428c1628631e7bc5f39799d4b2c00a,smd_6E07,Nathan Brown,Pulled Papers for Ballot,DCBOE,https://www.dcboe.org/Candidates/2020-Candidates,2020-06-30,
50206,10217,a112807b4559139a77023c36faa7cf5fc7b1a21ceae399b7c07ae6f9,smd_6E07,Kevin M. Rogers,On Ballot,DCBOE,https://www.dcboe.org/Candidates/2020-Candidates,2020-07-09,2020-07-13
50207,10399,30fed81a6b5a4a9e393278d7109eaa210040561773911880043f392f,smd_7B01,Chioma Iwuoha,Pulled Papers for Ballot,DCBOE,https://www.dcboe.org/Candidates/2020-Candidates,2020-07-13,
50208,10219,31e7af7d14964f55794e414867850713e481bad0a6d979f2fc3e8ca6,smd_7B02,Tiffany Brown,Pulled Papers for Ballot,DCBOE,https://www.dcboe.org/Candidates/2020-Candidates,2020-06-26,
50209,10222,5da0bcf9bf3d150e5276a3e868f10b7064b42acd5ef24f12f4767a1a,smd_7B05,"Villareal ""VJ"" Johnson",Pulled Papers for Ballot,DCBOE,https://www.dcboe.org/Candidates/2020-Candidates,2020-06-29,
50210,10400,438423cf8c12ff8e76d0595e8d902c7405cc573b25fe579559ff9ffe,smd_7B05,Donna Robinson,Pulled Papers for Ballot,DCBOE,https://www.dcboe.org/Candidates/2020-Candidates,2020-07-08,
50211,10401,7bd26c5159e5ea4fa2c284ccc1377a347df39484eee14ad74c1d1476,smd_7B06,Tony Dugger,Pulled Papers for Ballot,DCBOE,https://www.dcboe.org/Candidates/2020-Candidates,2020-06-30,
50212,10402,6694fe240277a4a600a6dce285c8b611cf5c54baf5ed2ed13ea32d06,smd_7B06,Andrew Carlyle Haynesworth,Pulled Papers for Ballot,DCBOE,https://www.dcboe.org/Candidates/2020-Candidates,2020-07-06,
50213,10225,949602ad3c430f5ea3dd9ed4235fd0507f6ba04050dcf7785414c093,smd_7C01,Patricia Malloy,Pulled Papers for Ballot,DCBOE,https://www.dcboe.org/Candidates/2020-Candidates,2020-07-10,
50214,10403,b02c7e764003bd71dfe87f1e63f823a6f009f4a45744df67165d1112,smd_7C02,Mandla Deskins,On Ballot,DCBOE,https://www.dcboe.org/Candidates/2020-Candidates,2020-07-07,2020-07-15
50215,10404,34056ec8ad42d98e546e76336c5ecc40b2c9a77a6add57af3d246c91,smd_7C02,Yolanda Fields,Pulled Papers for Ballot,DCBOE,https://www.dcboe.org/Candidates/2020-Candidates,2020-07-13,
50216,10405,435d231ec5bb7d50e69399f77b8e95e69ab9e970ddc63a4e8894715a,smd_7C02,Patricia Williams,Pulled Papers for Ballot,DCBOE,https://www.dcboe.org/Candidates/2020-Candidates,2020-06-30,
50217,10406,7e6eff492c2dcca912c54ae1dc711dd7f1f0f4e238a005ecf93239e8,smd_7C03,Vincent Van,Pulled Papers for Ballot,DCBOE,https://www.dcboe.org/Candidates/2020-Candidates,2020-06-26,
50218,10226,5f89d075f1b4c24674074151f5dc5a8e60b2b06c122954cbb1113f7b,smd_7C03,Catherine A. Woods,Pulled Papers for Ballot,DCBOE,https://www.dcboe.org/Candidates/2020-Candidates,2020-06-30,
50219,10227,94aa6bf43202356ced3ffe79b90da22607bd8a1d821ed4a296390eb0,smd_7C04,Anthony Lorenzo Green,Pulled Papers for Ballot,DCBOE,https://www.dcboe.org/Candidates/2020-Candidates,2020-07-02,
50220,10407,1d131035eb09ab78ad60435543f83bab4fdff1ae5f65790a2152fc31,smd_7C04,Pete Stamper,On Ballot,DCBOE,https://www.dcboe.org/Candidates/2020-Candidates,2020-07-01,2020-07-07
50221,10228,c44aac188bbf7b6ff6e29ae58f57ee45e744063191a429d8b22a40c7,smd_7C05,Mary L. Gaffney,Pulled Papers for Ballot,DCBOE,https://www.dcboe.org/Candidates/2020-Candidates,2020-07-10,
50222,10408,1fde94fcdbdc78aad7215a1703ee4044721ccb5c20016ec6b8b2269b,smd_7C06,Victoria Clark,Pulled Papers for Ballot,DCBOE,https://www.dcboe.org/Candidates/2020-Candidates,2020-06-26,
50223,10409,789a80ffb14dd37669d4e4dd9c1fc508651e37fd1a174dcc5400cfc8,smd_7C07,Emmanuelle Klossou,Pulled Papers for Ballot,DCBOE,https://www.dcboe.org/Candidates/2020-Candidates,2020-07-06,
50224,10230,8580f2ec11725b2108b5f5d5cb897e6ab50f6d90f91d3dcf7b29d546,smd_7C07,Antawan Holmes,On Ballot,DCBOE,https://www.dcboe.org/Candidates/2020-Candidates,2020-06-26,2020-07-13
50225,10231,f6b1cb4ffaac7e57b070b5c0c52fdb95bc4945e9ba7b4e877fdd5efd,smd_7D01,Tamara Blair,Pulled Papers for Ballot,DCBOE,https://www.dcboe.org/Candidates/2020-Candidates,2020-07-13,
50226,10233,af224c141be0fe6046b40afa581610d773d09abe86b48519eaeeedde,smd_7D03,Dorothy Douglas,Pulled Papers for Ballot,DCBOE,https://www.dcboe.org/Candidates/2020-Candidates,2020-07-14,
50227,10410,c98b6458e1d4cf4ab96c3f1b57b4027af1818ee06b69e0788700d2f2,smd_7D04,Milton Hardy,Pulled Papers for Ballot,DCBOE,https://www.dcboe.org/Candidates/2020-Candidates,2020-07-01,
50228,10411,03aab859ab25aa3001ad4033c983c1c39d7d80202cdc4181ae219b06,smd_7D06,Rebecca Morris,On Ballot,DCBOE,https://www.dcboe.org/Candidates/2020-Candidates,2020-06-26,2020-07-10
50229,10412,deb5e54ddfd46cd4e2cb518700d5faf834a9c3197d34c88efca7393f,smd_7E04,Natasha Dupee,On Ballot,DCBOE,https://www.dcboe.org/Candidates/2020-Candidates,2020-07-13,2020-07-13
50230,10413,a484fdc10554373b456e6475396d3c03f31da49d6826bcd94c236707,smd_7E04,Lorraine Miller,On Ballot,DCBOE,https://www.dcboe.org/Candidates/2020-Candidates,2020-06-30,2020-07-07
50231,10414,e24a0e9f73a4886846f1a05691ccd289f93fca98df9719459afe4ac7,smd_7E04,Keith Hasan-Towery,On Ballot,DCBOE,https://www.dcboe.org/Candidates/2020-Candidates,2020-07-02,2020-07-16
50232,10415,a6b59a3e40b8cff385ea2d19ce5ea68e79e8d2f8f9e7d6dc234f3465,smd_7E06,Joel Savary,Pulled Papers for Ballot,DCBOE,https://www.dcboe.org/Candidates/2020-Candidates,2020-06-30,
50233,10416,ec7a905fb3f5db0eb618a5052e305576f19d585a49f23a394e6c91fc,smd_7E07,Brandon Scott,Pulled Papers for Ballot,DCBOE,https://www.dcboe.org/Candidates/2020-Candidates,2020-07-16,
50234,10417,dd115a7a7fbab63dc37f1418eb08750facc1c15be260e111f006a724,smd_7F02,Dawn R. Cook,On Ballot,DCBOE,https://www.dcboe.org/Candidates/2020-Candidates,2020-06-26,2020-07-07
50235,10418,ca1b2fcf24ff27dda78518436c6c892a337db86a0520ecbc5abac2e5,smd_7F04,Racquel Codling,Pulled Papers for Ballot,DCBOE,https://www.dcboe.org/Candidates/2020-Candidates,2020-07-06,
50236,10419,cb80dacc590055dcafe6eacd0a801faaef9e1a52a4247c78fa570c8b,smd_7F06,Betty  J. Diggs,Pulled Papers for Ballot,DCBOE,https://www.dcboe.org/Candidates/2020-Candidates,2020-06-26,
50237,10249,429e56c5c4188892896204594a856447d969857a97fd644accabfc97,smd_7F06,Carol E. Fletcher,Pulled Papers for Ballot,DCBOE,https://www.dcboe.org/Candidates/2020-Candidates,2020-06-29,
50238,10250,9db5b8624c2a26387f063842a0531dacf0694bcdb0d3ef9732f38117,smd_8A01,Holly Muhammad,Pulled Papers for Ballot,DCBOE,https://www.dcboe.org/Candidates/2020-Candidates,2020-06-29,
50239,10420,6fcdb1860223c7ed2336ee615f8bdaac96507c6237f85cb7c2cb003c,smd_8A02,Ira L. Lovelace,Pulled Papers for Ballot,DCBOE,https://www.dcboe.org/Candidates/2020-Candidates,2020-07-08,
50240,10421,e3d1524ef53f0964e203762d8848d66ffed00c74ce5460ff997ae881,smd_8A04,Moses Smith,Pulled Papers for Ballot,DCBOE,https://www.dcboe.org/Candidates/2020-Candidates,2020-07-06,
50241,10422,1504b86ab6fb63d54e3888d928b0ded663e899882fd6e5aeb6d36d7d,smd_8A04,Laneice Moore,Pulled Papers for Ballot,DCBOE,https://www.dcboe.org/Candidates/2020-Candidates,2020-06-30,
50242,10423,0fc9a9457eaf99c2aa2479cd8aebac1a52f7b7641009f162433a5398,smd_8A05,Michael Grier,Pulled Papers for Ballot,DCBOE,https://www.dcboe.org/Candidates/2020-Candidates,2020-07-10,
50243,10424,453c088f1859c1f8cd442aeda762fdc92e1099cc41bc5deb747dd232,smd_8A05,Jamila White,Pulled Papers for Ballot,DCBOE,https://www.dcboe.org/Candidates/2020-Candidates,2020-06-26,
50244,10425,49106119727102ad5af1aac8fa892d098e6325e4bcdb5b4dd7d6a65c,smd_8A06,Aiyi'nah Darlene Ford,Pulled Papers for Ballot,DCBOE,https://www.dcboe.org/Candidates/2020-Candidates,2020-07-14,
50245,10426,1c23aaaf7c6ad95faea3946a02781eaf04e1ee28f59c21c7a654c353,smd_8A06,Isaac Smith,Pulled Papers for Ballot,DCBOE,https://www.dcboe.org/Candidates/2020-Candidates,2020-07-16,
50246,10427,bd515e851240454f2a72e4b84a687f8869697f02d68b78e3e7a2fe62,smd_8B03,Alyce k. McFarland,Pulled Papers for Ballot,DCBOE,https://www.dcboe.org/Candidates/2020-Candidates,2020-07-10,
50247,10259,9a72c179f4b4c0aef1f12f8e24d7e330be6298706889e41d07ceb699,smd_8B03,Charles H. Wilson,Pulled Papers for Ballot,DCBOE,https://www.dcboe.org/Candidates/2020-Candidates,,
50248,10260,9e36b19f4e3070ec258c9cd049d9f1df1fe0620f23f81e182e99e112,smd_8B04,Darrell Gaston,Pulled Papers for Ballot,DCBOE,https://www.dcboe.org/Candidates/2020-Candidates,2020-06-26,
50249,10428,a43c9806d49ba4c40daa7a7ffb64e11bf8b1b9449f944b200cc5ab04,smd_8B04,Kevin B. Coleman,Pulled Papers for Ballot,DCBOE,https://www.dcboe.org/Candidates/2020-Candidates,2020-06-29,
50250,10261,c20facbd5f6a3445886e654b4d6e5d9346b39e6d7551ccfa26ab932f,smd_8B05,Betty Scippio,Pulled Papers for Ballot,DCBOE,https://www.dcboe.org/Candidates/2020-Candidates,2020-06-29,
50251,10262,7e89ffc931e9eb2f18e9ff1e404b86b97e379daef1d167dad93a07c7,smd_8B06,Humam Abdulmalik,Pulled Papers for Ballot,DCBOE,https://www.dcboe.org/Candidates/2020-Candidates,2020-07-16,
50252,10429,39c960f0c37d83bb1657b8d216cb7fd00b2cecf98ee28d96e05d2d27,smd_8C02,Victoria Akinseye,Pulled Papers for Ballot,DCBOE,https://www.dcboe.org/Candidates/2020-Candidates,2020-06-30,
50253,10430,f664dc803814a5b0774041a7701ff4826c4624023292e059d859fbc9,smd_8C03,Tasha J. Powell,Pulled Papers for Ballot,DCBOE,https://www.dcboe.org/Candidates/2020-Candidates,2020-07-09,
50254,10266,c09612c2fe41f6661d50ed2f49389382353053b0fb9fc9cd8a82891c,smd_8C03,Robinette Woodland,Pulled Papers for Ballot,DCBOE,https://www.dcboe.org/Candidates/2020-Candidates,,
50255,10267,58ea761d42a5f8aceeadd42b8c0a0105f22eebf69c24da87e1b3a9cc,smd_8C04,Regina Pixley,On Ballot,DCBOE,https://www.dcboe.org/Candidates/2020-Candidates,2020-06-26,2020-07-02
50256,10269,63eb3582e3f12bc76a5d0e08d0a05ded2217ce880284f009368a0ece,smd_8C06,Rhonda L. Edwards-Hines,Pulled Papers for Ballot,DCBOE,https://www.dcboe.org/Candidates/2020-Candidates,2020-07-02,
50257,10432,e58f61516fdd8882f09205d6000b0ce5d134b2531ee176ef6dbe0ce2,smd_8C07,Jonathan Steele,Pulled Papers for Ballot,DCBOE,https://www.dcboe.org/Candidates/2020-Candidates,2020-07-14,
50258,10433,34d31b42d2260e4297e00cbd13fba596a260dba0c37e460b506fd4f4,smd_8C07,Mary J. Cuthbert,Pulled Papers for Ballot,DCBOE,https://www.dcboe.org/Candidates/2020-Candidates,2020-07-02,
50259,10270,e3f0207cc2c28026481a01f8f9d76f37b67aec96637133977cc168ee,smd_8C07,Salim Adofo,Pulled Papers for Ballot,DCBOE,https://www.dcboe.org/Candidates/2020-Candidates,2020-06-26,
50260,10434,d8e28e48f555e104c65667b8a818f233d592e1c60364efb29a6104ca,smd_8D01,"Rowena ""Joyce"" Scott",Pulled Papers for Ballot,DCBOE,https://www.dcboe.org/Candidates/2020-Candidates,2020-07-02,
50261,10272,c93c9bcddbcd0644b375b51329ea72e31eb0629435b04472e2e4620d,smd_8D02,Olivia L. Henderson,Pulled Papers for Ballot,DCBOE,https://www.dcboe.org/Candidates/2020-Candidates,2020-07-07,
50262,10435,29421688750ed7d7dd08d578136367a2b94175377b5d171cc51dcae3,smd_8D02,Emerald Holman,Pulled Papers for Ballot,DCBOE,https://www.dcboe.org/Candidates/2020-Candidates,2020-06-26,
50263,10274,031e7b2afdbba5e441bf9a101f559c94809269c291be5a2744e4ddf7,smd_8D04,Monique T. Diop,Pulled Papers for Ballot,DCBOE,https://www.dcboe.org/Candidates/2020-Candidates,2020-07-06,
50264,10275,6eea7afc1f7cdb741e4a791498eac19f47f52b6b9de99df4053ca1fd,smd_8D05,Ellen Armstead,Pulled Papers for Ballot,DCBOE,https://www.dcboe.org/Candidates/2020-Candidates,2020-07-01,
50265,10436,41580b13d84d383b568f44e5009400f3c147c3e9bfa67f73d34d2c6f,smd_8D05,Shanquella 'Goldie' Ross,Pulled Papers for Ballot,DCBOE,https://www.dcboe.org/Candidates/2020-Candidates,,
50266,10276,530c2e90836981521b48d5635a045ecacd09c9753b8586fa13f9b9fa,smd_8D06,LaVerne Glenn,Pulled Papers for Ballot,DCBOE,https://www.dcboe.org/Candidates/2020-Candidates,2020-07-15,
50267,10437,7f12763c83cc511758fe50fbf8538d0609dd93d975fdc96fdf167dba,smd_8E01,Rufaro Jenkins,Pulled Papers for Ballot,DCBOE,https://www.dcboe.org/Candidates/2020-Candidates,2020-06-29,
50268,10279,adafb54bef17553c1012152c55f3e3327710eaad485e81474a4729c7,smd_8E02,Cheryl Moore,Pulled Papers for Ballot,DCBOE,https://www.dcboe.org/Candidates/2020-Candidates,2020-06-29,
50269,10438,9e7d45e485df95322ccddeb91499eb4ed3dc2c4cb544f57646b6628d,smd_8E02,Bruce C. Jones III,On Ballot,DCBOE,https://www.dcboe.org/Candidates/2020-Candidates,2020-07-06,2020-07-15
50270,10439,3f967151a21328ea9244854d261749699fdd1b34d9ca17cb37044933,smd_8E02,Anthony Muhammad,On Ballot,DCBOE,https://www.dcboe.org/Candidates/2020-Candidates,2020-07-09,2020-07-16
50271,10440,e870ff32c6234a58f3dcacc3a3fed77867abb2296f841f2b48e145bf,smd_8E04,Richard Martin Campbell,Pulled Papers for Ballot,DCBOE,https://www.dcboe.org/Candidates/2020-Candidates,2020-06-29,
50272,10281,f3ec918ae9f5ae7cb3078fbf073ff80446825801ad8b66e368f93609,smd_8E04,Kendall Simmons,Pulled Papers for Ballot,DCBOE,https://www.dcboe.org/Candidates/2020-Candidates,2020-07-16,
50273,10441,6ce81c78f013eea91b0c559d4ed6401521fdf3c1ce197aab6420b721,smd_8E05,Shaquan Hudson,Pulled Papers for Ballot,DCBOE,https://www.dcboe.org/Candidates/2020-Candidates,2020-06-26,
50274,10442,95debcd7c4e2ba810f96aca322f8a01626c61bc0e2c8a5319ea61d7c,smd_8E06,Brittany Geneva Cummings,Pulled Papers for Ballot,DCBOE,https://www.dcboe.org/Candidates/2020-Candidates,2020-06-26,
50275,10443,8e23cc87b3145d9b45960ce9fb35b7fec3217ea2bc763e0a5cdd8c9d,smd_8E07,Jeannina Williams,Pulled Papers for Ballot,DCBOE,https://www.dcboe.org/Candidates/2020-Candidates,2020-07-16,
50276,10024,,smd_1C01,Amir Irani,Declared Intention to Run,"ANC1C Meeting, July 1 2020",,,
50278,10445,4ada580d09881bfc79fc4618f33ffe1e6151a8f82fa1234e8da7bb47,smd_2B05,William Herbig,Pulled Papers for Ballot,DCBOE,,,
50279,10048,c11ae8ca0bef6288bc1813b66bde2d518f332c31c150d362354d8930,smd_2B06,Mike Silverstein,Pulled Papers for Ballot,DCBOE,,,
50280,10057,97a9717da7305eb5cf08dc258373a2870237681fcb4cf7a4104dc98c,smd_2E01,Kishan Putta,Pulled Papers for Ballot,DCBOE,,,
50281,10066,372bccf1e3a766361858c39b2e4b3aa64ad11308bd97af2e90469903,smd_2F02,John Guggenmos,Pulled Papers for Ballot,DCBOE,,,
50282,10117,bcbe3a7d20b7ceec576bf1ce556bc2ee50253342c968bbb0c3916935,smd_4A04,Patience Sigleton,Pulled Papers for Ballot,DCBOE,,,
50283,10446,d30c739db11d22c11cf05dd2946c5c011603bdc3c6851282ff2dfeca,smd_4C04,Jeremy Foster,Pulled Papers for Ballot,DCBOE,,,
50284,10447,766ff3ec755d7c200c303889860d9e614e57e17584c2d82eb552dbb5,smd_4C05,Audrey Anderson Duckett,Pulled Papers for Ballot,DCBOE,,,
50285,10139,2dfc6d733bb4cf95c4ceb2da45fa3243525bc0441f1182c5b178f6fc,smd_4C10,Jonah Goodman,Pulled Papers for Ballot,DCBOE,,,
50286,10448,b440d6713339be43cca4d7ce05e74af576154b911ce0ecfde293d458,smd_5B01,Steven Reaves Couper,Pulled Papers for Ballot,DCBOE,,,
50287,10449,68b7e3664536c203223f7461000a607c41aa71001afc0f8b532085d9,smd_5E04,Mary Farmer-Allen,Pulled Papers for Ballot,DCBOE,,,
50288,10175,837078ca7c70ce50ab60337515b2cccf127d6b2a68b5e5029757ccb8,smd_5E05,Bradley A. Thomas,Pulled Papers for Ballot,DCBOE,,,
50289,10450,0fa69c9bbd8d67109d5e3db63b8a9303a3a2c6f46687a08b7ea957ab,smd_6C06,Cindy Drabek,Pulled Papers for Ballot,DCBOE,,,
50290,10214,b19497a88656530c04146869a6d11ea76ccd590f131f987dec77866a,smd_6E04,Rachelle Nigro,Pulled Papers for Ballot,DCBOE,,,
50291,10451,4081b89ed701721bbe9b12c2a0178e62cf1fe81727543e3ec679ed6c,smd_6E05,Katherine Kortum,Pulled Papers for Ballot,DCBOE,,,
50292,10452,ec8367c93e603aefd224d360e3231724f0d26f02500890f59624dd9d,smd_7B01,John Adams,Pulled Papers for Ballot,DCBOE,,,
50293,10453,a518b2a4473ea089e8d95e0ff100a491decdb642df0be6db64de68cf,smd_7F06,Betty J. Diggs,Pulled Papers for Ballot,DCBOE,,,
50294,10454,adc258f268a231b8d3a7de61756463a0005213a1a3777d00a9ff2fe6,smd_8A06,Greta Fuller,Pulled Papers for Ballot,DCBOE,,,
50296,10456,7e4b98f954e1b30b0d5a435c25f835214c5ffc16d72a872d23ba4688,smd_8C01,Kwasi Seitu,Pulled Papers for Ballot,DCBOE,,,
50297,10457,df922df4c1e321bd7f458f8010c2aea27887d6413248941980871d7d,smd_8C02,Kendrick Daniel,Pulled Papers for Ballot,DCBOE,,,
50298,10271,9bd61943b16542005aa92a0ab6066a18e51a92b76bc8e8f528689c2a,smd_8D01,Patricia Carmon,Pulled Papers for Ballot,DCBOE,,,
50299,10273,522cfa9d2722b8a9ece17be42cf0c59150f6eced613ff9428a374889,smd_8D03,Absalom Jordan,Pulled Papers for Ballot,DCBOE,,,
50300,10458,a2e0f20947a06f8ea2125b0a7cae09136b8e39b0734b5f827114e8d2,smd_8D07,Patricia Janifer,Pulled Papers for Ballot,DCBOE,,,
50301,10459,07b3593b041ac733f6b2c6116f56442593e1caf50d0fbc82ade06db4,smd_8E01,Shekita McBroom,Pulled Papers for Ballot,DCBOE,,,
50302,10283,556117e954c3c0d04dbbd9c2890cc5168214fec2a0a2f2a3e45ed6a7,smd_8E06,Karlene Armstead,Pulled Papers for Ballot,DCBOE,,,
50303,10001,e8195655180312077cb1e91cf408b100930da182291bc8053f979b8e,smd_1A01,Layla Bonnot,Pulled Papers for Ballot,DCBOE,,,
50304,10460,96c6ff0fc08b9c3f1cea51c7d6df8f11111621d230615f0582212549,smd_1B07,Max Ewart,Pulled Papers for Ballot,DCBOE,,,
50305,10461,82ea3c334167ebafbed2e00cefbc60026deb55cb82069a216cd546d6,smd_1C06,Nancy Shia,Pulled Papers for Ballot,DCBOE,,,
50306,10462,1b0070e870368ff9f3aa20ec08967bdb6ca2c04a006a33e5e43e0174,smd_2D01,Ashley Warren,Pulled Papers for Ballot,DCBOE,,,
50307,10110,fe083013e2be54408de9cdf0ade87d8df2b617f91019f6a9b6c4e34d,smd_3G04,Rebecca Maydak,Pulled Papers for Ballot,DCBOE,,,
50308,10141,824f9d19118a77260288a9646f1ac8326b03bbf941d90a68dd509991,smd_4D02,Renee L. Bowser,Pulled Papers for Ballot,DCBOE,,,
50309,10213,eedc78427fd5b2da41c4cbd414855b5c43d8f5755f1e56bdb38e929c,smd_6E03,Frank Wiggins,Pulled Papers for Ballot,DCBOE,,,
50310,10245,0eef05dacfe5ed236fdb8d81e6192250f9d3917681115c5bcdd83654,smd_7F02,Terrance Hunter,Pulled Papers for Ballot,DCBOE,,,
50311,10247,dd41042cbb87b83b0d4f6cf4013b430134e65bd546b57a646ecfc5a1,smd_7F04,Charlene Exum,Pulled Papers for Ballot,DCBOE,,,
50312,10463,b3a876ff6b6472729de3c68bc658959b29e6ca4fcf23da8bf37a55ab,smd_7F05,Karen Settles,Pulled Papers for Ballot,DCBOE,,,
50313,10464,513111c742b1e9528acd33ed7e95374fbec04a853d381d09dd2c4d75,smd_8A06,Robin Ward 8 McKinney,Pulled Papers for Ballot,DCBOE,,,
50314,10465,1f124d1f7f00a74ccd5c4b55a2a640e8e36ef9b52193954c52b7aa21,smd_8C04,Reginia R. Summers,Pulled Papers for Ballot,DCBOE,,,
50315,10466,4313c256378b0a9ba001d5a96bf57c7f25aea53eda16d77c19368952,smd_8C04,Veronica Proctor,Pulled Papers for Ballot,DCBOE,,,
