person_id,full_name,current_smd_id,running_for_smd_id,twitter_link,facebook_link,website_link,researched
10001,Layla Bonnot,smd_1A01,smd_1A01,https://twitter.com/LaylaBonnot,,https://www.votelayla.com/meet-layla,x
10002,Teresa A. Edmondson,smd_1A02,z no candidacy,,https://www.facebook.com/Teresa4dc/,http://teresaedmondsonanc.com/,x
10003,Zach Rybarczyk,smd_1A03,smd_1A03,https://twitter.com/zach_rybarczyk,,,x
10004,Matthew Goldschmidt,smd_1A04,z no candidacy,,,,x
10005,Christine Miller,smd_1A05,smd_1A05,https://twitter.com/MillerANC1A05,,https://christinemillerdc.com/,x
10006,Angelica Castañon,smd_1A06,z no candidacy,https://twitter.com/angelicachanel,https://www.facebook.com/AngelicaANC1a6/,https://www.angelicaanc1a6.com/,x
10007,Jen Bundy,not_currently_serving,z no candidacy,,,,x
10008,Kent C. Boese,smd_1A08,smd_1A08,https://twitter.com/kentboesedc,,,x
10009,Michael Wray,smd_1A09,smd_1A09,https://twitter.com/mwraydc,,,x
10010,Rashida Brown,smd_1A10,smd_1A10,https://twitter.com/rashidabrowndc,https://www.facebook.com/RashidaBrownForANC1A10/,,x
10011,Dotti Love Wade,smd_1A11,smd_1A11,,,,x
10012,Jason Clock,smd_1A12,smd_1A12,https://twitter.com/jasonclock,,,x
10013,Anita Norman,smd_1B01,z no candidacy,https://twitter.com/anc1b01,,,x
10014,Dan Orlaskey,smd_1B02,smd_1B02,https://twitter.com/danielorlaskey,,https://www.facebook.com/dan4anc/,x
10015,Sedrick Muhammad,smd_1B03,z no candidacy,,,,
10016,Deborah Thomas,smd_1B04,smd_1B04,,,,x
10017,Jennifer Bristol,not_currently_serving,z no candidacy,https://twitter.com/jenbristol_,,https://www.jenbristoldc.com/,x
10018,Marcia Shia,smd_1B07,z not an active candidate,https://twitter.com/loridcward1,,,x
10019,Joshua Ryan Mater,smd_1B08,smd_1B08,https://twitter.com/ANC1B08,,,x
10020,James A. Turner,smd_1B09,smd_1B09,,,,x
10021,Danny Delaney,smd_1B10,smd_1B10,https://twitter.com/_dannydelaney,,,x
10022,Robb Hudson,smd_1B11,smd_1B11,https://twitter.com/robbhudson,https://www.facebook.com/robbfordc/,,x
10023,Dan Winston,smd_1B12,z no candidacy,https://twitter.com/dan4dc,,,
10024,Amir Irani,smd_1C01,smd_1C01,https://twitter.com/iraniamir,,,x
10025,Ted Guthrie,smd_1C03,smd_1C03,,,,x
10026,John V. Zottoli,smd_1C04,smd_1C04,https://twitter.com/JohnZottoli,,,x
10027,Damiana Dendy,smd_1C05,z no candidacy,https://twitter.com/laborisforever,,,
10028,Michaela Wright,smd_1C06,z no candidacy,https://twitter.com/MichaelaWright_,,,
10029,Japer Bowles,smd_1C07,smd_1C07,https://twitter.com/JaperBowles,,,x
10030,Chris Jackson,smd_1C08,smd_1C08,,,,x
10031,Jon Stewart,smd_1D01,z no candidacy,https://twitter.com/JonStewartANC1D,,,
10032,Robin Sandenburgh,smd_1D02,smd_1D02,,,,x
10033,Jack McKay,smd_1D03,smd_1D03,https://twitter.com/dc_jack,,http://dcjack.org/,x
10034,Yasmin Romero-Latin,smd_1D04,z no candidacy,https://twitter.com/Yasminkiki,,,
10035,Chelsea A. Allinger,smd_1D05,smd_1D05,https://twitter.com/allinsea,https://www.facebook.com/ChelseaANC1D,,x
10036,Patrick Kennedy,smd_2A01,z no candidacy,https://twitter.com/PLKDC,,,
10037,Nicole Goldin,smd_2A02,z not an active candidate,https://twitter.com/nicolegoldin,,http://www.nicolegoldin.com/,x
10038,"Trupti ""Trip"" J. Patel",smd_2A03,smd_2A03,https://twitter.com/TruptiANC2A03,,https://truptijpatel.com/,x
10039,William Kennedy Smith,smd_2A04,z no candidacy,,,,
10040,Philip J. Schrefer,not_currently_serving,z no candidacy,,,,
10041,Jeri Epstein,smd_2A06,smd_2A06,,,,x
10042,Detrick Campbell,smd_2A07,z no candidacy,https://twitter.com/CampbellDetrick,,,
10043,James Harnett,smd_2A08,z no candidacy,https://twitter.com/ComnrHarnett,,,
10044,Matthew H. Sampson,smd_2B01,smd_2B01,https://twitter.com/riotpedestrian,,https://matthewfor2b01.com/,x
10045,Daniel Warwick,smd_2B02,smd_2B02,https://twitter.com/danielmwarwick,,,x
10046,Aaron Landry,smd_2B04,z no candidacy,https://twitter.com/s4xton,,,
10047,Randy D. Downs,smd_2B05,z not an active candidate,https://twitter.com/RandyDaleDowns,,,x
10048,Mike Silverstein,smd_2B06,smd_2B06,https://twitter.com/mikeindeecee1,https://www.facebook.com/mike.silverstein.566,https://mike4dupont.com/,x
10049,Kari Cunningham,smd_2B07,z no candidacy,https://twitter.com/KariLCunningha1,,,
10050,Beverly Schwartz,smd_2B08,z no candidacy,https://twitter.com/beverlyschwartz,,,
10051,Ed Hanlon,smd_2B09,smd_2B09,,,https://edforanc.wordpress.com/,x
10052,Michael D. Shankle,smd_2C01,smd_2C01,https://twitter.com/MShankle,,,x
10053,Jamaal T. Burton,smd_2C02,z not an active candidate,https://twitter.com/iJamaal,,,
10054,Kevin Wilsey,smd_2C03,z no candidacy,,,,
10055,David R. Bender,smd_2D01,z no candidacy,,,,
10056,Jeff Nestler,smd_2D02,z no candidacy,,,,
10057,Kishan Putta,smd_2E01,smd_2E01,https://twitter.com/kishanfordc,,,x
10058,Joe Gibbons,smd_2E02,z no candidacy,,,,
10059,Rick Murphy,smd_2E03,smd_2E03,,,,x
10060,Anna Landre,smd_2E04,smd_2E04,https://twitter.com/annalandre,,,x
10061,Lisa Palmer,smd_2E05,smd_2E05,,https://www.facebook.com/LisaPalmerANC/,https://georgetownpalmer.wixsite.com/vote4lisa,x
10062,Gwendolyn Lohse,smd_2E06,smd_2E06,,,,x
10063,Elizabeth H. Miller,smd_2E07,smd_2E07,,,,x
10064,Matias Burdman,smd_2E08,z not an active candidate,,,,
10065,Jason Forman,smd_2F01,z no candidacy,,,,
10066,John Guggenmos,smd_2F02,smd_2F02,https://twitter.com/ANC2F02,https://www.facebook.com/ANC2F02,,x
10067,John Bottino,smd_2F03,z no candidacy,,,,
10068,John Fanning,smd_2F04,smd_2F04,https://twitter.com/fanning_2,,,x
10069,Madeleine G. Stirling,smd_2F05,z no candidacy,https://twitter.com/madelbean,,,
10070,Ian D. Simon,smd_2F06,smd_2F06,,https://www.facebook.com/IanSimonANC/,,x
10071,Kevin J. Sylvester,smd_2F07,smd_2F07,,,,x
10072,Janice Ferebee,smd_2F08,smd_2F08,https://twitter.com/JFerebeeMSW,,https://www.janiceferebee.com/,x
10073,Ann Lane Mladinov,smd_3B01,smd_3B01,,,,x
10074,Jackie Blumenthal,smd_3B02,smd_3B02,,,,x
10075,Melissa Lane,smd_3B03,smd_3B03,,,,x
10076,Mary C. Young,smd_3B04,z no candidacy,,,,
10077,Brian G. Turmail,smd_3B05,smd_3B05,https://twitter.com/BTurmail,,,x
10078,Lee Brian Reba,smd_3C01,smd_3C01,,,,x
10079,Jason Fink,smd_3C02,smd_3C02,https://twitter.com/FINKJM,,,x
10080,Jimmy Dubois,smd_3C03,z no candidacy,https://twitter.com/JimmyDinDC,,,
10081,Beau Finley,smd_3C04,smd_3C04,https://twitter.com/BeauFinleyANC3C,https://www.facebook.com/BeauFinleyANC3C04/,,x
10082,Angela Bradbery,smd_3C06,z no candidacy,https://twitter.com/activist_angela,,,
10083,Maureen Kinlan Boucher,smd_3C07,smd_3C07,,,,x
10084,"Victoria ""Vicki"" Gersten",smd_3C08,smd_3C08,,,,x
10085,Nancy J. MacWood,smd_3C09,smd_3C09,,,,x
10086,Chuck Elkins,smd_3D01,smd_3D01,,,,x
10087,Troy Kravitz,smd_3D02,z not an active candidate,,,,x
10088,Paige Ela,smd_3D03,smd_3D03,,,,x
10089,Michael Sriqui,smd_3D04,smd_3D04,https://twitter.com/michael_sriqui,,http://www.michaelsriqui.com/home.html,x
10090,Alan Karnofsky,smd_3D05,z no candidacy,https://twitter.com/alankarnofsky,,,
10091,Virginia Gorsevski,smd_3D06,z no candidacy,,,,
10092,Taylor Berlin,smd_3D07,z no candidacy,https://twitter.com/taylorbberlin,,,
10093,Christine Warnke,smd_3D08,z not an active candidate,,,,x
10094,J.P. Szymkowicz,smd_3D09,smd_3D09,,,,x
10095,Jeremy Del Moral,smd_3D10,smd_3D10,,,,x
10096,Greg Ehrhardt,not_currently_serving,z no candidacy,,,,
10097,Amy B. Hall,smd_3E02,smd_3E02,,,,x
10098,Jonathan Bender,smd_3E03,smd_3E03,https://twitter.com/oblivious_dude,,,x
10099,Tom Quinn,smd_3E04,smd_3E04,https://twitter.com/TomQ71,,,x
10100,Jonathan McHugh,smd_3E05,smd_3E05,,,,x
10101,David Cristeal,smd_3F01,smd_3F01,,,,x
10102,Carolinn A Kuebler,smd_3F02,z no candidacy,,,,
10103,Naomi Rutenberg,smd_3F03,z no candidacy,,,,
10104,Leah Frelinghuysen,smd_3F04,z no candidacy,,,,
10105,Andrea Molod,smd_3F05,z no candidacy,,,,
10106,Monika Nemeth,smd_3F06,smd_3F06,https://twitter.com/TheMonikaNemeth,https://www.facebook.com/MonikaNemethANC,,x
10107,Abraham Clayman,smd_3G01,z no candidacy,https://twitter.com/AbrahamClayman,,,
10108,Chanda Tuck Garfield,smd_3G02,z no candidacy,,,,
10109,Randy Speck,smd_3G03,smd_3G03,,,,x
10110,Rebecca Maydak,smd_3G04,z not an active candidate,,,,x
10111,Jerry Malitz,smd_3G05,z no candidacy,,,,
10112,Dan Bradfield,smd_3G06,z no candidacy,,,,
10113,Chris Fromboluti,smd_3G07,smd_3G07,,,,x
10114,Phyllis Caudle Green,smd_4A01,z no candidacy,,,,
10115,Stacey Lincoln,smd_4A02,smd_4A02,https://twitter.com/ANC4A02,https://www.facebook.com/ANC4A02.dc.gov/,,x
10116,"Stephen A. ""Steve"" Whatley",smd_4A03,smd_4A03,,,,x
10117,Patience R. Singleton,smd_4A04,smd_4A04,https://twitter.com/Ladylaw1996,,,x
10118,Candace Tiana Nelson,smd_4A06,smd_4A06,https://twitter.com/candacetiana,,,x
10119,Marlene Moss,smd_4A07,smd_4A07,,,,x
10120,Gale B. Black,smd_4A08,z no candidacy,,,,
10121,Evan Yeats,smd_4B01,smd_4B01,https://twitter.com/Evan_Yeats,,,x
10122,Erin Palmer,smd_4B02,smd_4B02,https://twitter.com/Erinfor4B02,https://www.facebook.com/Erinfor4B02/,https://www.erinforanc.com/,x
10123,Scot Knickerbocker,smd_4B03,z no candidacy,https://twitter.com/ScotANC,,,
10124,Brenda Parks,smd_4B04,z no candidacy,,,,
10125,Perry Redd,smd_4B05,z no candidacy,https://twitter.com/perryanc4B05,,,x
10126,Tiffani Nichole Johnson,smd_4B06,smd_4B06,https://twitter.com/johnson4b06,https://www.facebook.com/4B06CommissionerJohnson/,https://www.commissionerjohnson4b06.com/,x
10127,Geoff Bromaghim,smd_4B07,smd_4B07,https://twitter.com/geoffbromaghim,,https://www.geoffbforanc.com/,x
10128,Alison Brooks,smd_4B08,smd_4B08,,,,x
10129,La Roya A. Huff,smd_4B09,smd_4B09,https://twitter.com/laroya_ward4,https://www.facebook.com/LaRoyaHuffANC4B09/,,x
10130,Charlotte Nugent,smd_4C01,z no candidacy,,,,
10131,Maria Barry,smd_4C02,smd_4C02,https://twitter.com/MariaFeitBarry,https://www.facebook.com/mariabarry4C02/,,x
10132,Ulysses E. Campbell,smd_4C03,smd_4C03,https://twitter.com/4c03_e,https://www.facebook.com/anc4c03/,,x
10133,Nora Simon,smd_4C04,z no candidacy,https://twitter.com/NoraKarenS,,,
10134,Debbie Matties,smd_4C05,z no candidacy,https://twitter.com/debmatties,,,
10135,Bennett Hilley,smd_4C06,z no candidacy,,,,
10136,Kim Varzi,smd_4C07,z no candidacy,,,,
10137,Leah Anderson,smd_4C08,z no candidacy,,,,
10138,Tearsa Coates,not_currently_serving,z no candidacy,https://twitter.com/tearsacoates,,,
10139,Jonah Goodman,smd_4C10,smd_4C10,https://twitter.com/ANCJonah,https://www.facebook.com/ancjonah/,,x
10140,Peter Tabor,smd_4D01,z no candidacy,,,,
10141,Renée L. Bowser,smd_4D02,smd_4D02,,,,x
10142,Aaron Polkey,smd_4D03,z no candidacy,https://twitter.com/apolkey,,,
10143,Jamie Barden,smd_4D04,z no candidacy,https://twitter.com/ANC4D04,,,
10144,Krystal Branton,smd_4D05,z no candidacy,https://twitter.com/Anc4D05,,,
10145,Jonathan Nobil,smd_4D06,smd_4D06,,,,x
10146,Frank Wilds,smd_5A01,z no candidacy,https://twitter.com/FrankWilds,,,
10147,Grace J. Lewis,smd_5A02,z no candidacy,,,,
10148,Emily Singer Lucio,smd_5A03,smd_5A03,https://twitter.com/singerlucio,https://www.facebook.com/Emily-Singer-Lucio-Commissioner-5A03-787598228259523/,,x
10149,Ronnie Edwards,smd_5A05,smd_5A05,,,,x
10150,Claudia Barragan,smd_5A06,z no candidacy,,,,
10151,Sandi Washington,smd_5A07,smd_5A07,,,,x
10152,Gordon-Andrew Fletcher,smd_5A08,smd_5A08,https://twitter.com/ANCCommissioner,https://www.facebook.com/gordonandrewfletcheranc5a0/,,x
10153,Gayle Carley,smd_5B01,smd_5B01,,,,x
10154,Ursula Higgins,smd_5B02,smd_5B02,,,,x
10155,Henri Makembe,smd_5B03,z no candidacy,https://twitter.com/henrim,,,
10156,Ra Amin,smd_5B04,smd_5B04,https://twitter.com/raamin5b04,,,x
10157,Landon Jones,not_currently_serving,z no candidacy,https://twitter.com/Landon2814,,,
10158,Gail Brevard,smd_5C01,smd_5C01,,,,x
10159,Lauren Rogers,smd_5C02,smd_5C02,https://twitter.com/laurenrogersdc,https://www.facebook.com/laurenrogersdc/,,x
10160,Pierre Hines,smd_5C03,smd_5C03,https://twitter.com/pierrechines,,,x
10161,Jacqueline Manning,smd_5C04,smd_5C04,https://twitter.com/JCMSpeaks,,,x
10162,Darlene Oliver,smd_5C05,smd_5C05,,,,x
10163,Kirsten Williams,smd_5C06,z no candidacy,,,,
10164,Jeremiah Montague Jr.,smd_5C07,smd_5C07,,,,x
10165,Ryan Linehan,smd_5D01,z no candidacy,https://twitter.com/IvyCityRyan,,,
10166,Keisha L. Shropshire,smd_5D02,z no candidacy,https://twitter.com/ShropANC5D02,,,
10167,Steven C. Motley Sr,smd_5D03,z no candidacy,,,,
10168,Bernice S Blacknell,smd_5D04,smd_5D04,,,,x
10169,Sydelle Moore,smd_5D05,smd_5D05,https://twitter.com/sydellebelle,,https://www.sydelleforanc.com/,x
10170,Clarence Lee,smd_5D07,z no candidacy,,,,
10171,Nick Cheolas,smd_5E01,z no candidacy,https://twitter.com/Nick4Ward5,,https://www.anc5e01.org/,x
10172,Patricia Williams,smd_5E02,smd_5E02,,,,x
10173,Cortney Segmen,smd_5E03,z no candidacy,https://twitter.com/cortneyfor5e03,,,
10174,Sylvia M. Pinkney,smd_5E04,smd_5E04,,,,x
10175,Bradley Ashton Thomas,smd_5E05,smd_5E05,https://twitter.com/bradleythomasdc,,,x
10176,Karla M. Lewis,smd_5E06,smd_5E06,https://twitter.com/ANC_5E06,,https://karlamlewis4anc.wordpress.com/,x
10177,Bertha G. Holliday,smd_5E07,smd_5E07,,,https://www.berthaholliday.com/,x
10178,Robert Vinson Brannum,smd_5E08,smd_5E08,https://twitter.com/robert158,,,x
10179,Dianne Barnes,smd_5E09,smd_5E09,,,https://www.anc5e09.info/,x
10180,Nancy Darlene Jones,smd_5E10,smd_5E10,,,,x
10181,Marie-Claire Brown,smd_6A01,smd_6A01,,,,x
10182,Phil Toomajian,smd_6A02,smd_6A02,,,,x
10183,Michael Soderman,smd_6A03,smd_6A03,,,,x
10184,Amber Gove,smd_6A04,smd_6A04,https://twitter.com/AmberGove,,,x
10185,Ruth Ann Hudson,smd_6A05,z no candidacy,https://twitter.com/RuthAnnANC6A05,,,
10186,Stephanie Zimny,smd_6A06,z no candidacy,,,,
10187,Sondra Phillips-Gilbert,smd_6A07,smd_6A07,,,,x
10188,Brian Alcorn,smd_6A08,smd_6A08,https://twitter.com/AlcornANC6A08,https://www.facebook.com/AlcornANC6A08/,,x
10189,Jennifer E. Samolyk,smd_6B01,smd_6B01,,,,x
10190,Gerald Sroufe,smd_6B02,smd_6B02,,,,x
10191,Brian Ready,smd_6B03,smd_6B03,https://twitter.com/Ready_4_DC,,,x
10192,Kirsten Oldenburg,smd_6B04,smd_6B04,https://twitter.com/kirsten6b,,https://www.kirsten6b.org/,x
10193,Steven Holtzman,smd_6B05,smd_6B05,https://twitter.com/SteveHoltzman3,,,x
10194,Corey Holman,smd_6B06,smd_6B06,https://twitter.com/coreyholman,,https://coreyholman.com/,x
10195,Kelly Waud,smd_6B07,z no candidacy,,,,
10196,Chander Jayaraman,smd_6B08,z no candidacy,https://twitter.com/DC_Chander,,,
10197,Kathryn Denise Rucker Krepp,smd_6B10,smd_6B10,https://twitter.com/kdrkrepp,,https://deniseforanc.com/,x
10198,Christine Healey,smd_6C01,smd_6C01,,,,x
10199,Karen Wirt,smd_6C02,smd_6C02,,,,x
10200,Jay Adelstein,smd_6C03,smd_6C03,,,,x
10201,Mark Eckenwiler,smd_6C04,smd_6C04,https://twitter.com/20002ist,,,x
10202,Joel Kelty,smd_6C05,smd_6C05,,,,x
10203,Drew Courtney,smd_6C06,smd_6C06,https://twitter.com/DrewCourt_6C06,,https://www.drewforanc.com/,x
10204,Gail Fast,smd_6D01,z not an active candidate,,,,
10205,Anna Forgie,smd_6D02,z no candidacy,https://twitter.com/AnnaForgieANC,,,
10206,Ronald R. Collins,smd_6D03,smd_6D03,,,,x
10207,Andy Litsky,smd_6D04,smd_6D04,,,,x
10208,"Fredrica ""Rikki"" Kramer",smd_6D05,smd_6D05,,,,x
10209,Rhonda N. Hamilton,smd_6D06,smd_6D06,,,,x
10210,Edward Daniels,smd_6D07,smd_6D07,https://twitter.com/EdwardDaniels,https://www.facebook.com/edwardANC/,https://www.edwarddaniels.com/commissioner,x
10211,"Alexander M. ""Alex"" Padro",smd_6E01,z no candidacy,https://twitter.com/AlexanderMPadro,,,
10212,Michael J. Brown,smd_6E02,z no candidacy,,,,
10213,Frank S. Wiggins,smd_6E03,smd_6E03,,,,x
10214,Rachelle P. Nigro,smd_6E04,smd_6E04,https://twitter.com/nigro4dc,https://www.facebook.com/votenigro,,x
10215,Alex Marriott,smd_6E05,z no candidacy,https://twitter.com/AlexMarriottANC,,,
10216,Alvin Judd Sr.,smd_6E06,z not an active candidate,,,,
10217,Kevin M. Rogers,smd_6E07,smd_6E07,,,,x
10218,Patricia Howard-Chittams,smd_7B01,z no candidacy,,,,
10219,Tiffany L. Brown,smd_7B02,smd_7B02,https://twitter.com/tlbrown1221,,http://tiffanylbrown.weebly.com/,x
10220,Benjamin Crane,smd_7B03,z no candidacy,https://twitter.com/anc7b03,,,
10221,Nicole Smith-McDermott,smd_7B04,z not an active candidate,,,,
10222,"Villareal ""VJ"" Johnson II",smd_7B05,smd_7B05,https://twitter.com/vjsthoughts,,,x
10223,April Pradier,smd_7B06,z no candidacy,,,,
10224,D. L. Humphrey,smd_7B07,z no candidacy,https://twitter.com/Anc7B07,,,
10225,Patricia A. Malloy,smd_7C01,smd_7C01,,,,x
10226,Catherine A. Woods,smd_7C03,z not an active candidate,,,,
10227,Anthony Lorenzo Green,smd_7C04,smd_7C04,https://twitter.com/LorenzoWard7DC,,,x
10228,Mary L. Gaffney,smd_7C05,smd_7C05,,,,x
10229,Arnold Smith,smd_7C06,z no candidacy,,,,
10230,Antawan Holmes,smd_7C07,smd_7C07,https://twitter.com/AntawanHolmes,,https://antawanholmes.com/,x
10231,Tamara Blair,smd_7D01,smd_7D01,https://twitter.com/BlairTamara,,,x
10232,Siraaj M. Hasan,smd_7D02,smd_7D02,https://twitter.com/Siraaj_CEO_SMSB,,,x
10233,Dorothy Douglas,smd_7D03,smd_7D03,https://twitter.com/DDouglasANC7D03,,,x
10234,Cinque E. Culver,smd_7D04,z not an active candidate,https://twitter.com/CinqueCulver,,,x
10235,Aretha Jackson,smd_7D05,z no candidacy,https://twitter.com/ArethaJJack,,,
10236,Artilie Wright,smd_7D07,z no candidacy,,,,
10237,Veda Rasheed,smd_7E01,smd_7E01,https://twitter.com/VedaRasheed,,,x
10238,Linda S. Green,smd_7E02,smd_7E02,,,,x
10239,Ebbon A. Allen,smd_7E03,z no candidacy,https://twitter.com/Anc7Eo3,,,
10240,Takiyah Tate,smd_7E04,z no candidacy,,,,
10241,Victor L. Horton,smd_7E05,smd_7E05,https://twitter.com/1mV1ctor,,,x
10242,Delia Houseal,smd_7E06,smd_7E06,https://twitter.com/DeliaHouseal,,,x
10243,Yolanda Fields,smd_7E07,z no candidacy,,,,
10244,Tyrell M. Holcomb,smd_7F01,smd_7F01,https://twitter.com/tmholcomb,https://www.facebook.com/tmholcomb,https://www.tyrellholcomb.com/,x
10245,Terrance Hunter,smd_7F02,smd_7F02,,,,x
10246,Sheila Carson Carr,smd_7F03,z no candidacy,,,,
10247,C Exum,smd_7F04,smd_7F04,,,,x
10248,Brittany N. Hughes,smd_7F05,smd_7F05,,,,x
10249,Carol E. Fletcher,smd_7F06,z not an active candidate,,,,x
10250,Holly Muhammad,smd_8A01,smd_8A01,https://twitter.com/soldbyhollym,,,x
10251,Barbara J. Clark,smd_8A02,smd_8A02,,,,x
10252,Brian K Thompson,smd_8A03,smd_8A03,,,,x
10253,Troy Donte Prestwood,smd_8A04,z no candidacy,https://twitter.com/TroyDonte,,,
10254,Dorcas Agyei,smd_8A05,z no candidacy,https://twitter.com/DorcasAgyei4,,,
10255,Tyón Jones,smd_8A06,z no candidacy,https://twitter.com/DC_TJ23,,,
10256,Hanna Baker,smd_8A07,z no candidacy,https://twitter.com/IBHanna,,,
10257,Leonard Lee Watson Jr.,smd_8B01,z no candidacy,,,,
10258,Paul Trantham,smd_8B02,z no candidacy,,,,
10259,Charles H. Wilson,smd_8B03,smd_8B03,,,,x
10260,Darrell Danny Gaston,smd_8B04,z not an active candidate,https://twitter.com/DarrellGastonDC,https://www.facebook.com/darrellgastondc,,x
10261,Betty Scippio,smd_8B05,smd_8B05,,https://www.facebook.com/pages/category/Political-Organization/8b05-ANC-Commissioner-Betty-Scippio-325546191438020/,,x
10262,Humam Abdulmalik,smd_8B06,smd_8B06,,https://www.facebook.com/Commissioner8B06/,https://humamabdulmalik8b06.weebly.com/,x
10263,Keeon Johnson,smd_8B07,z no candidacy,,,,
10264,Mike Austin,smd_8C01,z no candidacy,https://twitter.com/Mike8Austin,,,
10265,Chyla D. Evans,smd_8C02,z no candidacy,,,,
10266,Robbie Woodland,smd_8C03,smd_8C03,https://twitter.com/robbieanc8c03,,,x
10267,Regina Sharlita Pixley,smd_8C04,smd_8C04,,,,x
10268,Mustafa Abdul-Salaam,smd_8C05,smd_8C05,,https://www.facebook.com/mabdulsalaam1,,x
10269,Rhonda L. Edwards-Hines,smd_8C06,z not an active candidate,,,,x
10270,Salim Adofo,smd_8C07,smd_8C07,https://twitter.com/salimadofo,https://www.facebook.com/salimadofo,https://www.salim4dc.com/,x
10271,"Patricia ""Pat"" Carmon",smd_8D01,smd_8D01,,,,x
10272,Olivia L. Henderson,smd_8D02,smd_8D02,,,,x
10273,Absalom Jordan,smd_8D03,smd_8D03,,,,x
10274,Monique T. Diop,smd_8D04,smd_8D04,https://twitter.com/MoniDiop,,,x
10275,Ellen Armstead,smd_8D05,z not an active candidate,,https://www.facebook.com/pages/category/Politician/8DO5-ANC-Commissoner-Ellen-Armstead-100328974645314/,,x
10276,LaVerne R. Glenn,smd_8D06,smd_8D06,,,,x
10277,Constance Mobley,smd_8D07,z no candidacy,,,,
10278,Adeoye Owolewa,smd_8E01,z no candidacy,,,,
10279,Cheryl Moore,smd_8E02,smd_8E02,,,,x
10280,Monica Watts,smd_8E03,z no candidacy,,,,
10281,Kendall Simmons,smd_8E04,smd_8E04,,,,x
10282,Christopher L. Hawthorne,smd_8E05,smd_8E05,https://twitter.com/Christo34514033,https://www.facebook.com/ChristopherHawthorne4Ward8-108356587365543/,,x
10283,"Karlene ""K"" Armstead",smd_8E06,smd_8E06,,,,x
10284,Stephen A. Slaughter,smd_8E07,smd_8E07,,https://www.facebook.com/anccommissioner.slaughter.5,,x
10285,Dieter Lehmann Morales,not_currently_serving,smd_1A02,,,,x
10287,Sean McGrath,not_currently_serving,z not an active candidate,,,,x
10288,Judson Wood,not_currently_serving,smd_1A06,https://twitter.com/Judson4DC,,https://www.judsonwood.com/,x
10289,Benjamin Tingle,not_currently_serving,z not an active candidate,,,,x
10290,Mukta Ghorpadey,not_currently_serving,smd_1A07,,,,x
10291,Victoria Sanchez,not_currently_serving,smd_1B05,,,,x
10292,"Michael ""Mike"" Singer",not_currently_serving,smd_1B12,,,,x
10293,Celeste Carano,not_currently_serving,smd_1C02,https://twitter.com/celestecarano,,,x
10294,Elias Benda,not_currently_serving,smd_1C03,https://twitter.com/bendaelias,,,x
10295,Jennifer Hughes,not_currently_serving,z not an active candidate,,,,x
10296,Peter Wood,not_currently_serving,smd_1C03,https://twitter.com/notPeterWood,https://www.facebook.com/peter.wood.50,https://www.pdawood.com/,x
10297,Meghan Faulkner,not_currently_serving,smd_1C04,,,https://meghanforanc.com,x
10298,Dennis Jaffe,not_currently_serving,z not an active candidate,https://twitter.com/dennisjaffe,,,x
10299,Zack Gold,not_currently_serving,smd_1C05,https://twitter.com/zacycles,https://www.facebook.com/GoldForAdamsMorgan/,,x
10301,Fiona Clem,not_currently_serving,smd_1C08,https://twitter.com/feejaysee,,https://fiona1c08.org/,x
10302,Joel Causey,not_currently_serving,smd_2A02,,,https://causeyanc2a02.org/,x
10303,John Didiuk,not_currently_serving,z not an active candidate,,,,x
10304,Evelyn Hudson,smd_2A05,smd_2A05,,,,x
10305,Meg Roggensack,not_currently_serving,smd_2B01,https://twitter.com/ancmeg,,https://meg4anc.com/,x
10306,Yousef Bashir,not_currently_serving,smd_2B03,,,,x
10307,Robin Linnett Nunn,not_currently_serving,smd_2B03,,https://www.facebook.com/Robin4anc/,https://robin4dc.com/,x
10309,Moshe 'Mo' Pasternak,not_currently_serving,smd_2B04,https://twitter.com/MoPasternakDC,https://facebook.com/MoPasternakANC,https://mopasternak.com/,x
10310,Diane C. Quinn,not_currently_serving,smd_2B04,,,,x
10311,Matthew Holden,not_currently_serving,smd_2B08,https://twitter.com/_matthewthomas,,https://matthew2b08.com/,x
10312,Kyle Mulhall,not_currently_serving,smd_2B09,https://twitter.com/kyle_mulhall_DC,https://www.facebook.com/Kyle-Mulhall-for-ANC-103884294735452,https://kyle4anc.com/,x
10313,Gigi Nelson,not_currently_serving,smd_2C03,,,,x
10314,Thomas McDonough,not_currently_serving,smd_2D01,,,,x
10315,Jenny Mitchell,not_currently_serving,smd_2E02,,,,x
10316,"Christopher ""Topher"" Mathews",not_currently_serving,smd_2E02,https://twitter.com/GeorgetownMet,,,x
10318,Brian Romanowski,not_currently_serving,smd_2F01,https://twitter.com/Anc2F01,,,x
10319,Peyton Jane Gibson,not_currently_serving,z not an active candidate,https://twitter.com/peytonjaneg,,,x
10320,Rehana Mohammed,not_currently_serving,smd_2F07,https://twitter.com/rehanamohammed,http://facebook.com/rehanaforanc,http://rehanaforanc.com/,x
10321,Elizabeth Elson,not_currently_serving,smd_3B04,,,,x
10322,Janell Marie Pagats,not_currently_serving,smd_3C03,,,,x
10323,Meena Aladdin,not_currently_serving,z not an active candidate,,,,x
10324,Trish Berman,not_currently_serving,smd_3C05,,,,x
10325,Sauleh A. Siddiqui,not_currently_serving,smd_3C05,https://twitter.com/saulehsiddiqui,,,x
10326,Kamolika Das,not_currently_serving,z not an active candidate,https://twitter.com/Kamolika_Das,,,x
10327,Caroline Jane Croft,not_currently_serving,smd_3D01,,,,x
10329,Christian Damiana,not_currently_serving,smd_3D07,https://twitter.com/latestchristian,,https://www.electdamiana.com/,x
10330,Benjamin Bergmann,not_currently_serving,smd_3D08,https://twitter.com/bzbergmann,,https://www.benb4anc.com/,x
10331,Doreen Moses,not_currently_serving,smd_3D08,,,,x
10332,Marc Hayes Robinson,not_currently_serving,z not an active candidate,,,,x
10333,Matthew Cohen,not_currently_serving,smd_3E01,,,,x
10334,Laila Kunaish,not_currently_serving,z not an active candidate,,,,x
10335,Ulas Doga Eralp,not_currently_serving,z not an active candidate,,,,x
10336,"Dipali (""Dipa"") Mehta",not_currently_serving,smd_3F03,,,,x
10337,Lisa Cox,not_currently_serving,z not an active candidate,,,,x
10338,Lisa R. Gore,not_currently_serving,smd_3G01,https://twitter.com/GoreforANC34G01,,,x
10339,Lucinda A. Wade,not_currently_serving,smd_3G01,,,,x
10340,John K. Higgins,not_currently_serving,smd_3G02,,,,x
10341,Connie K.N. Chang,not_currently_serving,smd_3G05,,,,x
10342,Merrit P. Drucker,not_currently_serving,smd_4A02,,,,x
10343,"Jes'Terieuz ""JT"" Howard",not_currently_serving,smd_4A04,,,,x
10344,Aretha N. Jones,not_currently_serving,z not an active candidate,,,,x
10345,Pavan Ishwar Khoobchandani,not_currently_serving,smd_4A08,https://twitter.com/PKhoobchandani,,,x
10346,Jocelynn 'JJ' Johnson,not_currently_serving,smd_4B03,,,,x
10347,Laurence B Minor II,not_currently_serving,smd_4B03,,,,x
10348,Tischa Cockrell,not_currently_serving,smd_4B09,,https://www.facebook.com/anc4b09tischacockrell/,,x
10349,Vanessa Rubio,not_currently_serving,smd_4C01,,,,x
10350,Taalib-Din Uqdah,not_currently_serving,smd_4C01,,,,x
10351,Yvette D. Marbury-Long,not_currently_serving,smd_4C04,,,,x
10352,Mike Whelan,not_currently_serving,smd_4C06,https://twitter.com/Mike4Petworth,https://www.facebook.com/Mike4Petworth,https://www.mikeforpetworth.com/,x
10353,Namatie Sia Mansaray,not_currently_serving,smd_4C06,https://twitter.com/MsMansaray,https://www.facebook.com/NamatieSiaMansaray/,https://www.namatiemansaray.com/,x
10354,Charles Andrew Sinks,not_currently_serving,smd_4C08,https://twitter.com/notfloats,,https://www.charlieforanc.com/,x
10355,Alan Wehler,not_currently_serving,smd_4C09,https://twitter.com/alanwehler,,,x
10356,Monica P. Blair,not_currently_serving,smd_4C10,,,,x
10357,"Damion McDuffie, Sr.",not_currently_serving,smd_5A01,https://twitter.com/1handsometaurus,,,x
10358,Nestride Yumga,not_currently_serving,smd_5A08,https://twitter.com/nestride,,,x
10360,Cynthia Woerner,not_currently_serving,z not an active candidate,,,,
10361,"John J. Feeley, Jr.",smd_5B05,smd_5B05,,,https://smd5b05.blogspot.com/,x
10362,Michael Triebwasser,not_currently_serving,smd_5C01,https://twitter.com/trieb4anc,https://www.facebook.com/trieb4anc,https://www.trieb4anc.com/,x
10363,Thaddeus James,not_currently_serving,smd_5C06,,,,x
10364,D'Andre A. Phillips,not_currently_serving,smd_5C06,,,https://www.dandrephillips.com/,x
10365,Sebrena L. Rhodes,not_currently_serving,smd_5D01,,,,x
10366,Salvador Sauceda-Guzman,not_currently_serving,smd_5D02,https://twitter.com/salvadorfor5d02,,https://www.salvadorfordc.com/,x
10367,Sean Barry,not_currently_serving,smd_5D03,https://twitter.com/seanbbarry,https://www.facebook.com/seanbbarrydc/,https://www.seanbarrydc.com/,x
10368,James Butler,not_currently_serving,smd_5D03,https://twitter.com/jamesbutler4dc,https://www.facebook.com/TheRealJamesButler/,http://www.butlerforanc.com/,x
10369,Latoya Moore,not_currently_serving,smd_5D03,https://twitter.com/LatoyaM01766637,,https://www.mooreforanc.com/,x
10370,Kathy Henderson,not_currently_serving,smd_5D05,https://twitter.com/khenderson029,,,x
10371,Zachary Hoffman,not_currently_serving,smd_5D06,https://twitter.com/HoffmanANC5D06,https://www.facebook.com/HoffmanforANC5D/,https://www.hoffmananc5d.com/,x
10372,Stephen Cobb,not_currently_serving,smd_5D07,https://twitter.com/StephenACobb,,https://cobbfor5d.com/,x
10373,Denise L. Wright,not_currently_serving,smd_5E03,,,,x
10374,Sharon Burns,not_currently_serving,smd_5E07,,,,x
10375,Kirby Vining,not_currently_serving,smd_5E09,,https://www.facebook.com/KirbyForANC/,,x
10376,Keya Chatterjee,not_currently_serving,smd_6A01,https://twitter.com/keya_chatterjee,,https://www.keyachatterjeeforanc6a01.com/,x
10378,Ali Gardezi,not_currently_serving,smd_6A04,,https://www.facebook.com/TeamAli2020/,https://www.aligardezi2020.com/,x
10379,"H.J. Amons, Sr.",not_currently_serving,smd_6A06,,,,x
10380,Robb Dooling,not_currently_serving,smd_6A06,https://twitter.com/Robb4DC,https://www.facebook.com/Robb4DC,https://www.robbdooling.com/,x
10381,Kate Robinson,not_currently_serving,smd_6A06,https://twitter.com/KateforANC,https://www.facebook.com/KateforANC,https://katetrobinson.com/,x
10382,Daniel M. Lee,not_currently_serving,smd_6A07,,,,x
10383,Gerardo Mijares,not_currently_serving,smd_6B03,,,,x
10384,Paul Blair,not_currently_serving,smd_6B08,,,,x
10385,Michael Morris,not_currently_serving,z not an active candidate,,,,
10386,R. André Speaks,not_currently_serving,smd_6B09,,,,x
10387,Pranav Nanda,not_currently_serving,smd_6C04,https://twitter.com/PranavNandaDC,https://www.facebook.com/PranavForDC/,https://pranavnanda6c04.com/,x
10388,Tommy Howard,not_currently_serving,z not an active candidate,,,,
10390,Michael Eichler,not_currently_serving,smd_6E01,,,https://eichler4dc.com,x
10391,Andrew Spencer DeFrank,not_currently_serving,z not an active candidate,https://twitter.com/andrewdefrank,,,
10392,Mary A. Sutherland,not_currently_serving,z not an active candidate,,,,
10393,Tony Brown,not_currently_serving,smd_6E02,,,,x
10394,Alex Lopez,not_currently_serving,smd_6E02,https://twitter.com/alopez_pdx,,https://www.alexlopez6e02.com/,x
10395,Valerie Randolph,not_currently_serving,smd_6E02,,,,x
10396,Eugene Simms,not_currently_serving,z not an active candidate,,,,
10397,Matthew R. Salmon,not_currently_serving,z not an active candidate,,,,
10398,"Nate Brown ""MW6""",not_currently_serving,smd_6E07,,,,x
10399,Chioma J. Iwuoha,not_currently_serving,smd_7B01,https://twitter.com/Chioma7B01,,,x
10400,Donna Robinson,not_currently_serving,smd_7B05,,,,x
10401,Tony Dugger,not_currently_serving,smd_7B06,https://twitter.com/CFMBDUGGER,,,x
10402,Andrew Carlyle Haynesworth,not_currently_serving,smd_7B06,https://twitter.com/ach4dc,,,x
10403,Mandla Deskins,not_currently_serving,smd_7C02,https://twitter.com/MandlaTDeskins,,https://www.mandla4anc.com/,x
10404,Yolanda Fields,not_currently_serving,smd_7C02,,,,x
10405,Patricia Williams,not_currently_serving,smd_7C02,,,,x
10406,Vince Van,not_currently_serving,smd_7C03,https://twitter.com/VinceJVan,,https://www.vincevanfordc.com/,x
10407,Pete Stamper,not_currently_serving,z not an active candidate,,,,
10408,Victoria Clark,not_currently_serving,smd_7C06,https://twitter.com/Rayelle_ESQ,https://www.facebook.com/victoria4dc,https://www.victoria4dc.com/,x
10409,Emmanuelle Klossou,not_currently_serving,smd_7C07,https://twitter.com/EKlossou,,https://www.klossou4ward7.com/,x
10410,Milton Hardy,not_currently_serving,smd_7D04,,,,x
10411,Rebecca J. Morris,not_currently_serving,smd_7D06,https://twitter.com/ward7Rebecca,,,x
10412,Natasha Dupee,not_currently_serving,smd_7E04,https://twitter.com/DupeeforDC,,,x
10413,Lorraine Miller,not_currently_serving,smd_7E04,,,,x
10414,Keith Hasan-Towery,not_currently_serving,smd_7E04,https://twitter.com/towerykr,,http://www.hasan-towery.com/,x
10415,Joel Savary,not_currently_serving,smd_7E06,,,,x
10416,Brandon M. Scott,not_currently_serving,smd_7E07,,,,x
10417,Dawn R. Cook,not_currently_serving,smd_7F02,,,,x
10418,Racquel Codling,not_currently_serving,smd_7F04,,,,x
10420,Ira L. Lovelace,not_currently_serving,z not an active candidate,,,,x
10421,Moses Smith,not_currently_serving,smd_8A04,,,,x
10422,Laneice Moore,not_currently_serving,smd_8A04,https://twitter.com/LaneiceMoore,,,x
10423,Michael Grier,not_currently_serving,smd_8A05,https://twitter.com/daeducatormg06,,,x
10424,Jamila White,not_currently_serving,smd_8A05,,,,x
10425,Aiyi'nah D. Ford,not_currently_serving,smd_8A06,https://twitter.com/aplus8a06,,https://www.aplus8a06.com/,x
10426,Isaac Smith,not_currently_serving,smd_8A06,,,,x
10427,Alyce K. McFarland,not_currently_serving,smd_8B03,,,,x
10428,Kevin B. Coleman,not_currently_serving,smd_8B04,,,,x
10429,Victoria Akinseye,not_currently_serving,smd_8C02,,,,x
10430,Tasha J. Powell,not_currently_serving,smd_8C03,,,,x
10432,Jonathan Steele,not_currently_serving,z not an active candidate,,,,x
10433,Mary J. Cuthbert,not_currently_serving,z not an active candidate,,,,x
10434,"Rowena ""Joyce"" Scott",not_currently_serving,z not an active candidate,,,,x
10435,Emerald Holman,not_currently_serving,smd_8D02,,,https://www.emerald4dc.com/,x
10436,Shanquella 'Goldie' Ross,not_currently_serving,z not an active candidate,,,,x
10437,Rufaro Jenkins,not_currently_serving,z not an active candidate,,,,x
10438,Bruce Jones,not_currently_serving,smd_8E02,,,,x
10439,Anthony Muhammad,not_currently_serving,smd_8E02,https://twitter.com/ward8_4muhammad,,,x
10440,Richard Martin Campbell,not_currently_serving,z not an active candidate,,,,x
10441,Shaquan Hudson,not_currently_serving,smd_8E05,,,,x
10442,Brittany Geneva Cummings,not_currently_serving,smd_8E06,https://twitter.com/bgc4dc,https://www.facebook.com/BGC4DC/,https://www.bgc4dc.com/,x
10443,"Jeannina ""W8 Matters"" Williams",not_currently_serving,smd_8E07,,,,x
10445,William Herbig,not_currently_serving,smd_2B05,https://twitter.com/William_Herbig,https://www.facebook.com/will4anc,,x
10446,Jeremy Foster,not_currently_serving,z not an active candidate,,,,x
10447,Audrey Anderson Duckett,not_currently_serving,smd_4C05,https://twitter.com/aeande,,,x
10448,Steven Reaves Couper,not_currently_serving,smd_5B01,,,,x
10449,Mary L. Farmer-Allen,not_currently_serving,smd_5E04,,,,x
10450,Cindy Drabek,not_currently_serving,z not an active candidate,,,,
10451,Katherine Kortum,not_currently_serving,z not an active candidate,,,,
10452,John F. Adams,not_currently_serving,smd_7B01,,,,x
10453,Betty J. Diggs,not_currently_serving,smd_7F06,,,,x
10454,Greta Fuller,not_currently_serving,z not an active candidate,https://twitter.com/greta4ward8,,,x
10456,Kwasi Seitu,not_currently_serving,smd_8C01,https://twitter.com/kwazeetu,,,x
10457,Kendrick Daniel,not_currently_serving,smd_8C02,https://twitter.com/kendrickjdaniel,,,x
10458,Patricia Janifer,not_currently_serving,smd_8D07,,,,x
10459,"Shekita ""Ki-Ki"" McBroom",not_currently_serving,smd_8E01,,,,x
10460,Max Ewart,not_currently_serving,smd_1B07,https://twitter.com/Capn_max,,,x
10461,Nancy Shia,not_currently_serving,z not an active candidate,https://twitter.com/nancy_shia,,,x
10462,Ashley Warren,not_currently_serving,smd_2D01,https://twitter.com/ashelizwarren,,https://www.ashleyforanc.com/,x
10463,Karen Settles,not_currently_serving,smd_7F05,,,,x
10464,Robin Ward 8 McKinney,not_currently_serving,smd_8A06,https://twitter.com/boomboomdaclown,,,x
10465,Reginia R. Summers,not_currently_serving,smd_8C04,,,,x
10466,Veronica Proctor,not_currently_serving,z not an active candidate,,,,x
10467,Ryan Keefe,not_currently_serving,smd_3F05,https://twitter.com/Ryanfor3F05,,,x
10468,Larry Handerhan,not_currently_serving,smd_1B01,https://twitter.com/larryhanderhan,,,x
10469,Dan Wittels,not_currently_serving,smd_1B12,,,https://wittelsanc1b12.wordpress.com/,x
10470,John P. George,not_currently_serving,smd_2A03,,,,x
10471,Michael Scott McKernan,not_currently_serving,smd_2B07,,,,x
10472,Michelle Yan,not_currently_serving,smd_2F03,,,,x
10473,Jacob Mason,not_currently_serving,smd_4C07,https://twitter.com/mason_transport,,,x
10474,Michael Braeuninger,not_currently_serving,smd_5E01,,,,x
10475,Joseph B. Johnson,not_currently_serving,smd_8B03,,,,x
10476,Alyse Newhouse,not_currently_serving,smd_8D06,,,,x
10477,Toni A. Ghazi,not_currently_serving,smd_3D02,,,,x
10478,Alexandria Appah,not_currently_serving,smd_3F02,,,,x
10479,Alexander Armstrong,not_currently_serving,z not an active candidate,https://twitter.com/AlexJArmstrong,,,x
10480,Paul Johnson,not_currently_serving,smd_4C07,,,,x
10481,Clara Haskell Botstein,not_currently_serving,smd_4C08,,,https://www.claraforanc.com/,x
10482,Zachary Israel,not_currently_serving,smd_4D04,https://twitter.com/Zachfor4D04,https://www.facebook.com/Zachfor4D04/,https://www.zachisrael.com/,x
10483,Michael Lussier,not_currently_serving,smd_5D06,,,,x
10484,Rico Dancy,not_currently_serving,smd_6A07,https://twitter.com/deafPolitics216,https://www.facebook.com/Rico-dancy-for-the-people-108304324342562,,x
10485,Jordan Hibbs,not_currently_serving,smd_6E04,https://twitter.com/VoteJordanHibbs,,https://www.votejordanhibbs.com/,x
10486,Kristina (K) Leszczak,not_currently_serving,smd_8A06,,,,x
10487,"Alan Kensek, Jr.",not_currently_serving,smd_1B05,,,,x
10488,Andre Denegri,not_currently_serving,z not an active candidate,,,,x
10489,Alexandra Morgan,not_currently_serving,z not an active candidate,,,,x
10490,Jonathan Alfuth,not_currently_serving,z not an active candidate,,,,
10491,Justin R. Riordan,not_currently_serving,smd_5C05,https://twitter.com/Justin_Riordan,,https://www.justin4anc.info/,x
10492,Steven Tiller,not_currently_serving,smd_8A07,,,,x
10493,Sara Cantos Kline,not_currently_serving,z not an active candidate,,,,x
10494,Claudette David,not_currently_serving,smd_3F05,,,,x
10495,Matt Buechner,not_currently_serving,smd_3F07,,,,x
10496,Chris Hall,not_currently_serving,smd_1A04,,,,x
10497,Muhsin Boe Umar,not_currently_serving,smd_1B03,,,,x
10498,Karen Gaal,not_currently_serving,smd_1B04,,https://www.facebook.com/KarenGaalDC/,https://karengaal.com/,x
10499,Judy Floy,not_currently_serving,smd_1B06,,,,x
10500,Eric Behna,not_currently_serving,smd_1B08,https://twitter.com/ericbehna,,https://www.ericbehna1b08.com/,x
10502,Adam M. Hoyt,not_currently_serving,smd_3C06,,,,x
10503,Dora Currea,not_currently_serving,z not an active candidate,,,,
10504,Stephanie M. Zobay,not_currently_serving,smd_3C08,,,,x
10505,Jason Rao,not_currently_serving,smd_3D06,,,,x
10506,Mia Bruner,not_currently_serving,z not an active candidate,,,,
10507,Aryan Rodriguez Bocquet,not_currently_serving,smd_4D03,https://twitter.com/abocq,,,x
10508,Colleen Costello,not_currently_serving,smd_5B05,,,,x
10509,Raymond Chandler,not_currently_serving,smd_5C05,https://twitter.com/RCforANC5C05,https://www.facebook.com/rcforanc5c05/,,x
10510,Aliyah McNeely,not_currently_serving,z not an active candidate,,,,
10511,Laura Gentile,not_currently_serving,smd_6A05,https://twitter.com/LauraLMGentile,,https://lauragentile4anc6a05.com/,x
10512,Patrick K. Parlej,not_currently_serving,smd_6E05,https://twitter.com/PatrickForANC,,http://www.patrickforanc.com/,x
10513,Denise E Blackson,not_currently_serving,smd_6E06,,,,x
10514,Cydne Smith Nash,not_currently_serving,smd_7B04,https://twitter.com/CydneSmithNash,,,x
10515,Patricia Stamper,not_currently_serving,smd_7C04,,,,x
10516,Stephanie Audain,not_currently_serving,smd_7D05,,,,x
10517,Michelle Kiah,not_currently_serving,smd_8B05,,,,x
10518,"Dolores ""Miracle"" Bryant",not_currently_serving,smd_8C03,,,,x
10519,Sabel Harris,not_currently_serving,smd_1B12,https://twitter.com/sabelharris,https://www.facebook.com/sabelfordc,https://www.sabelfordc.com/,x
10520,Sherene Joseph,not_currently_serving,smd_2F05,https://twitter.com/ShereneJoseph,https://www.facebook.com/ShereneforANC,https://www.shereneforanc.com/,x
10521,Alexandra Bailey,not_currently_serving,smd_2F08,https://twitter.com/alexfor2f08,,https://www.instagram.com/alexfor2f08/,x
10522,Katharine Nanavatty,not_currently_serving,smd_3D05,,,,x
10524,Katie A. Snyder,not_currently_serving,smd_4A01,,,,x
10525,Brenda Dawson Parks,not_currently_serving,smd_4B04,,,,x
10526,Bobby Curtis King II,not_currently_serving,smd_4C02,,,,x
10527,Simone Egwu,not_currently_serving,z not an active candidate,,,,
10528,Kimory KSO Orendoff,not_currently_serving,smd_7D05,,,,x
10529,Benjamin Hart Butz,not_currently_serving,smd_1C06,https://twitter.com/Benjamin_Hart82,,,x
10530,Zack Brown,not_currently_serving,z not an active candidate,,,,
10531,Amy Nasr,not_currently_serving,z not an active candidate,,,,
10532,Elizabeth Miske,not_currently_serving,smd_2C02,https://twitter.com/ellie_miske,https://www.facebook.com/Elizabeth-Miske-for-ANC-2C02-109080067599416,https://www.miskefor2c02.com/,x
10533,Ron Rubin,not_currently_serving,smd_2F05,https://twitter.com/ronaldlrubin,,,x
10535,Steven Faigen,not_currently_serving,z not an active candidate,,,,
10536,Mark Moran,not_currently_serving,z not an active candidate,,,,
10537,Phyllis Green,not_currently_serving,smd_4A01,,,,x
10538,I-Ra A. Abubaker,not_currently_serving,smd_4B05,,,,x
10539,Joseph P. Brennan III,not_currently_serving,smd_4B05,,,,x
10540,Ursula Antares Miller,not_currently_serving,z not an active candidate,,,,
10541,"Sukhprita ""Prita"" Piekara",not_currently_serving,smd_5B03,,,,x
10542,Ashlee Gates Mercer,not_currently_serving,smd_5C02,,,,x
10543,Marina Budimir,not_currently_serving,smd_5D06,,,,x
10544,Michael Kaercher,not_currently_serving,smd_5E03,https://twitter.com/suederaincoat,,,x
10545,Timothy W. Drake,not_currently_serving,smd_6A05,,,,x
10546,Eric S. Blaylock,not_currently_serving,smd_6D07,,,,x
10547,Kelvin Brown,not_currently_serving,smd_7B06,https://twitter.com/VoteKelvinBrown,,https://www.votekelvinbrown.com/,x
10548,D.L. Humphrey,not_currently_serving,smd_7B07,https://twitter.com/Anc7B07,,,x
10549,Kimberly Martin,not_currently_serving,smd_7E07,,,,x
10550,"George O. Reid, Jr.",not_currently_serving,smd_8A07,,,,x
10551,Jason Hamacher,not_currently_serving,smd_1D01,,,,x
10552,Will Mascaro,not_currently_serving,smd_2C02,https://twitter.com/thewillmascaro,,,x
10553,Sabra Horne,not_currently_serving,z not an active candidate,,,,
10554,Carolyn C. Steptoe,not_currently_serving,smd_4A05,,,,x
10555,Farrah Darbouze,not_currently_serving,z not an active candidate,,,,
10556,Cecelia Waldeck,not_currently_serving,smd_4C03,,,,x
10557,Erik Lindsjo,not_currently_serving,smd_4D01,https://twitter.com/ErikLindsjo,,,x
10558,Misha G. Cornelius,not_currently_serving,smd_4D02,,,,x
10559,Peter Benzoni,not_currently_serving,z not an active candidate,,,,
10560,"Derrick O. Holloway, Sr.",not_currently_serving,smd_5A06,,,,x
10561,Cameron Brown,not_currently_serving,z not an active candidate,,,,
10562,Sally Hobaugh,not_currently_serving,smd_5E10,https://twitter.com/LifeontheEdgewd,,https://anc5e10.blogspot.com/p/home.html,x
10563,Boaz Yavnai,not_currently_serving,z not an active candidate,,,,
10564,Peter Wright,not_currently_serving,smd_6B08,,,,x
10565,Alison Horn,not_currently_serving,smd_6B09,https://twitter.com/AlisonPHorn,,,x
10566,Tierra J. Fletcher,not_currently_serving,smd_7E02,,,,x
10567,Justyn Iman,not_currently_serving,smd_7E07,https://twitter.com/msgorjuss,,,x
10568,Frederick Wolf,not_currently_serving,smd_7F02,,,,x
10570,Matthew Brandeburg,not_currently_serving,smd_1D04,,,,x
10572,Elizabeth R. Pemmerl,not_currently_serving,smd_3D02,,,,x
10573,Wendy Lynch,not_currently_serving,z not an active candidate,,,,
10574,Noah Bell,not_currently_serving,z not an active candidate,,,,
10575,Stanley Wall,not_currently_serving,smd_3F04,,,,x
10576,Lisa Jensen,not_currently_serving,z not an active candidate,,,,
10577,Stacy E. Beck,not_currently_serving,smd_3G04,https://twitter.com/StacyBeckforANC,https://www.facebook.com/StacyBeckforANC,https://www.stacybeckforanc.com/,x
10579,"Chrysanthe ""CC"" Courniotes",not_currently_serving,smd_4D04,,,,x
10580,April Brown,not_currently_serving,smd_5A07,,,,x
10581,Harry L. Thomas III,not_currently_serving,smd_5C06,,,,x
10582,Brandon Robert Watts,not_currently_serving,smd_5E09,https://twitter.com/iambrandonwatts,,,x
10583,Sarah Rens,not_currently_serving,z not an active candidate,,,,
10584,John Deignan,not_currently_serving,z not an active candidate,,,,
10585,David L. Retland,not_currently_serving,smd_7B04,,,,x
10586,James Goldfield,not_currently_serving,smd_7D05,,,,x
10587,Sharon Jafari,not_currently_serving,smd_7E05,,,,x
10588,Terri L. Acker,not_currently_serving,smd_8A07,,,,x
10589,Lucas McCabe,not_currently_serving,z not an active candidate,,,,
10590,Adam Friend,not_currently_serving,z not an active candidate,,,,
10591,Sarah Mehrotra,not_currently_serving,z not an active candidate,,,,
10592,Cameron Powell,not_currently_serving,z not an active candidate,,,,x
10593,Michael Zeldin,not_currently_serving,smd_3G04,,,,x
10594,Steve Donahoe,not_currently_serving,smd_4C04,,,,x
10595,Chelsea Skinner,not_currently_serving,smd_5E01,,,,x
10596,"Paul Biedlingmaier, III",not_currently_serving,z not an active candidate,,,,
10597,"David Brooks, II",not_currently_serving,smd_7B02,,,,x
10598,Ashley R. Ruff,not_currently_serving,smd_7F01,,,,x
10599,"Travon ""Ward8"" Hawkins",not_currently_serving,smd_8C04,,,,x
10600,Zenobia Love,not_currently_serving,smd_8D01,,,,x
10601,Matthew O'Donnell,not_currently_serving,smd_2E06,,,,x
10602,Charles T. Lockett,not_currently_serving,smd_5A02,,,,x
10603,Andrew Bossi,not_currently_serving,smd_6D01,https://twitter.com/thisisbossi,,,x
10604,Yannik Omictin,not_currently_serving,smd_2A01,https://twitter.com/Yannikfor2A01,https://www.facebook.com/Yannik-Omictin-for-ANC-2A01-104492221403072,,x
