candidate_id,candidate_matched,candidate_name,dcboe_hash_id,smd_id,contest_number,name_from_results,votes,vote_share,ranking,winner,write_in_winner,margin_of_victory,margin_of_victory_percentage,num_candidates,total_votes
,0,,dbc0f2c06132124bdeac9ec6448609a607550906c260bae0a16d4e63,smd_5A05,173,Write-in,11,2.62%,2,FALSE,FALSE,,,2,420
,0,,9bf35f764c8b47d3b9a7b7c019a110a10eb1b56c463d73bac79ca76a,smd_5C03,184,Write-in,56,3.68%,2,FALSE,FALSE,,,2,1523
,0,,97d0cc9149c51eb4efdb31c7e98ca95059ea01f88a077511433cf4fd,smd_5C02,183,Write-in,14,1.53%,3,FALSE,FALSE,,,3,918
,0,,2ec13b774cbc72dc3c15145cba3ecc30120bf7a071b580cfa2bfad03,smd_5C01,182,Write-in,15,1.35%,3,FALSE,FALSE,,,3,1112
,0,,0fe935abaad70fbc12ad7c788882d0f5dffcec1ea6be60ba243a0ade,smd_5B05,181,Write-in,33,2.74%,3,FALSE,FALSE,,,3,1205
,0,,73017c739859717bb66b5315d62dbe5b8c47587056231cd01a896403,smd_5B04,180,Write-in,50,4.13%,2,FALSE,FALSE,,,2,1212
,0,,bab6214b9f2641947120d27d921316a7961e8ff86a12c2e76ee0f512,smd_5B03,179,Write-in,54,5.43%,2,FALSE,FALSE,,,2,994
,0,,8b43a792d6dcab379d5a12c4c889f35c338543f913f39b3ce6cd293d,smd_5B02,178,Write-in,67,5.94%,2,FALSE,FALSE,,,2,1127
,0,,3a44a46861b8292721ff1116442886ac04445e29b00e35786d4548ec,smd_5B01,177,Write-in,11,0.82%,3,FALSE,FALSE,,,3,1342
,0,,681b82ec6fa40f5373fda718e34a9f87df859713adf9a249017ca1c2,smd_5A08,176,Write-in,19,1.36%,3,FALSE,FALSE,,,3,1399
,0,,ec3008ae2e9590a4218f478dd84ce243c313adf362df4a9892b0a5f8,smd_5A07,175,Write-in,3,0.53%,3,FALSE,FALSE,,,3,563
,0,,c4d0c4c9c11d76e46e6e97e98ac19179cfa3b82d4ddf4f91af75caa5,smd_5A06,174,Write-in,37,4.74%,2,FALSE,FALSE,,,2,781
,0,,78d15c8a5b224beebe0a7ad6b2124e2f7d8d6dcc4f0693cdc681aa5c,smd_5A04,172,Write-in,3,100.00%,1,TRUE,TRUE,,,1,3
,0,,a2afebc6f9a1205d9b29061cfbb2c4f8849bbf1d88d26214cf7a47a9,smd_5A03,171,Write-in,42,3.97%,2,FALSE,FALSE,,,2,1057
,0,,a10f2db5da23c74e3edc2101fc3b443896ef80da011a2a6f4ee28062,smd_5A02,170,Write-in,41,4.01%,2,FALSE,FALSE,,,2,1023
,0,,7284ceda53ce8990bf1458c86ed26672fe6aaa706c2b92675fa66480,smd_5A01,169,Write-in,43,3.67%,2,FALSE,FALSE,,,2,1173
,0,,66f490f4d80ed3b96bb14391e853f360fd6e3d0c1bfe5e3f406b95e2,smd_4D06,168,Write-in,31,3.52%,2,FALSE,FALSE,,,2,880
,0,,e6ae9f35f6a206558bb4ffa5fb9bd06964527410bc869d789475daf1,smd_4D05,167,Write-in,186,100.00%,1,TRUE,TRUE,,,1,186
,0,,edfa09fa2c05157c14e96e68317b38679784d966bd210c4cfd5c54e8,smd_4D04,166,Write-in,13,1.40%,3,FALSE,FALSE,,,3,927
,0,,fc82828040fe166e9268fc30d12c328e66379c0a7b7bd078a9395dbe,smd_4D03,165,Write-in,27,2.67%,2,FALSE,FALSE,,,2,1012
,0,,72b78940deaa8380aa2abb6214d3371156885aadf46472989a987221,smd_4D02,164,Write-in,7,0.70%,3,FALSE,FALSE,,,3,996
,0,,67a08ddb965fde09b322b8d722382e3ab0ed20f62dc83ab8a775fbd9,smd_4D01,163,Write-in,32,4.70%,2,FALSE,FALSE,,,2,681
,0,,fbf1edd9b0824e97528ea765271533362909b4550e532937f3e2d326,smd_5C04,185,Write-in,35,3.79%,2,FALSE,FALSE,,,2,924
,0,,0f1288e52ab5df4bd57c0dae147e24d4888ff1769e6aab9be0ed7154,smd_5C05,186,Write-in,21,1.89%,4,FALSE,FALSE,,,4,1109
,0,,59cdf5cb34d0dbb1068ff444e09ba630529c5c1f61eb8feace7ebb33,smd_5C06,187,Write-in,68,7.96%,3,FALSE,FALSE,,,3,854
,0,,40298de7f857be5e5ecfc9fe721ff4d56d8c45cbddce7eb0b0754ee8,smd_5C07,188,Write-in,37,3.73%,2,FALSE,FALSE,,,2,991
,0,,a9192b08a1117e7047c1e4c1d24dfe9cd2fb79be101cbdc8c4096351,smd_6A05,210,Write-in,15,1.18%,3,FALSE,FALSE,,,3,1274
,0,,b8ed52bae273c0e00d22a51e8f9746fc34df90505c7faa0a0fa5bb64,smd_6A04,209,Write-in,11,0.86%,3,FALSE,FALSE,,,3,1285
,0,,562ecfc4e652fed96aca6e9dd59427e1b5c3b20218f0366a188232e8,smd_6A03,208,Write-in,51,5.11%,2,FALSE,FALSE,,,2,998
,0,,b63b4e6f2aa20da3c7f2fb3c9295a228b5974743f5b3abec127c9acd,smd_6A02,207,Write-in,62,6.63%,2,FALSE,FALSE,,,2,935
,0,,71428481cf6087cd050e12d7df6ca81823956b3c32e5836f4b2c1f2e,smd_6A01,206,Write-in,19,1.47%,3,FALSE,FALSE,,,3,1292
,0,,da66d574a08849fe3578dcc472a97cb9e0829d01591f7080bc0866ce,smd_5E10,205,Write-in,7,0.55%,3,FALSE,FALSE,,,3,1270
,0,,271c921865c7cee2286ab37b486bd3de54f577f556cab33e88331358,smd_5E09,204,Write-in,13,1.23%,4,FALSE,FALSE,,,4,1055
,0,,107e2a98534c60a31a2da6722c2d857defb903f122ed8be5223777ec,smd_5E08,203,Write-in,48,5.50%,2,FALSE,FALSE,,,2,873
,0,,e70866761594fddae535b6d236181e1a591e89bb4499e006ffdc6c78,smd_5E07,202,Write-in,26,2.33%,3,FALSE,FALSE,,,3,1115
,0,,d9992ba92fde89d9bc77f078b0cb61fe425db150bd0d777614ad82c5,smd_5E06,201,Write-in,47,4.79%,2,FALSE,FALSE,,,2,982
,0,,045075b94f28602dc223214eeed79cd66160d53c316de8417656a407,smd_4C10,162,Write-in,21,1.90%,3,FALSE,FALSE,,,3,1105
,0,,3fb3daabcc13b3ab6bf197e1083173e44eefb53e88152178bc7143c2,smd_5E05,200,Write-in,41,3.54%,2,FALSE,FALSE,,,2,1157
,0,,8ed5417d80de6cf5cc71273ab14378279be43963c042b661258596e9,smd_5E03,198,Write-in,27,1.53%,3,FALSE,FALSE,,,3,1759
,0,,0f1ef8fe92237c505b9e8473ab34c9ba39465780438d03f4f916fc8f,smd_5E02,197,Write-in,18,2.85%,2,FALSE,FALSE,,,2,632
,0,,7dd3340d04a0ecae955c7f59721637588dc387ff999c3b53d6d3b7b2,smd_5E01,196,Write-in,23,2.17%,3,FALSE,FALSE,,,3,1060
,0,,36643f79b8e303d8022fa58f2c04a5fde879ef0e7d04d99598fe81db,smd_5D07,195,Write-in,48,5.29%,2,FALSE,FALSE,,,2,908
,0,,c38616eca6335c94ca5b89dbd083dcd7223017d5933e6afceccf6216,smd_5D06,194,Write-in,32,2.63%,4,FALSE,FALSE,,,4,1219
,0,,6236cd7b6de87014740b714543ea0b20137cf191f301e1349859b497,smd_5D05,193,Write-in,10,1.19%,3,FALSE,FALSE,,,3,838
,0,,8d47c48334c325011aa0e021cfcd76fb050acfee46ca6fdb5070d6ab,smd_5D04,192,Write-in,18,2.84%,2,FALSE,FALSE,,,2,634
,0,,3bd372478e0eba9427556a1ecd1cc3123b46eec1fec5ec6745a83fae,smd_5D03,191,Write-in,9,0.89%,4,FALSE,FALSE,,,4,1006
,0,,e30e3260c3da15ea6c0d083b7c3e2ee4a8145f648e5404eebafe7f5f,smd_5D02,190,Write-in,43,5.28%,2,FALSE,FALSE,,,2,815
,0,,f42f71e8cf3e151177d2495402ab20197b550ea8bc75f8f5ec58c265,smd_5D01,189,Write-in,39,4.38%,2,FALSE,FALSE,,,2,890
,0,,416d92aac9f08fdc506e8ead81e29c47cc963e0bb5b9b9c616a81306,smd_5E04,199,Write-in,21,1.70%,3,FALSE,FALSE,,,3,1238
,0,,4e5bbae6824ec56d3a8ec445b84e3c03c988de951e575e3d7db7029a,smd_6A06,211,Write-in,9,0.70%,4,FALSE,FALSE,,,4,1281
,0,,18abffcb47dda835d3a4a07e6ca69c327feac83e190a822cf0b45aa9,smd_4C09,161,Write-in,43,5.05%,2,FALSE,FALSE,,,2,851
,0,,ffc132c184657f72f4adac0cf99a7b87afed1be95d7c9c1ccf01cd16,smd_4C07,159,Write-in,22,2.06%,3,FALSE,FALSE,,,3,1067
,0,,96ba0e8dcb7a55ac3888af52f62d18c006893d9e9fd11583e6d7012b,smd_3G04,132,Write-in,5,0.40%,3,FALSE,FALSE,,,3,1261
,0,,b5f5934f2f8089ade2a012dcdb449ffda739633acc85c2c6e69e875f,smd_3G03,131,Write-in,33,3.27%,2,FALSE,FALSE,,,2,1009
,0,,0c75aefc40228ea85357551713f1c755f4b5dc7eb16fac122d177e4a,smd_3G02,130,Write-in,47,5.34%,2,FALSE,FALSE,,,2,880
,0,,b7972bab65f5b36bfb9b5ae2019445b5dd54a4708780ec04e7cb06dd,smd_3G01,129,Write-in,27,2.81%,3,FALSE,FALSE,,,3,961
,0,,07260539c6f13accd7afd1fb32b2a6acd21d9b8bdd46f7acdcf85e99,smd_3F07,128,Write-in,52,5.74%,2,FALSE,FALSE,,,2,906
,0,,577d0b3a805987c5b3bd0025dd8c41aeccca5a72e5acf55d524135c1,smd_3F06,127,Write-in,32,3.56%,2,FALSE,FALSE,,,2,898
,0,,506bddd98ece13e58a15c11594055ce72a4025974a94b146424ac117,smd_3F05,126,Write-in,14,1.64%,3,FALSE,FALSE,,,3,853
,0,,ee517f6f3e42b39433fe77f3a8b18c31af705cfe08d389248aab197e,smd_3F04,125,Write-in,34,4.29%,2,FALSE,FALSE,,,2,792
,0,,68690eb20c34a2f3e86647fecd0127de3d14893a8ad9d6d670352872,smd_3F03,124,Write-in,31,3.38%,2,FALSE,FALSE,,,2,918
,0,,1f871e00ff42fd2fb3686c2c5efd20c7aa08f097ed130cc04b543078,smd_3F02,123,Write-in,12,1.50%,2,FALSE,FALSE,,,2,798
,0,,02e8be844812d6b47841fb0b0a8e7ca1a1f7bd1b76d9c4781a853640,smd_3F01,122,Write-in,23,3.16%,2,FALSE,FALSE,,,2,727
,0,,399d5e64049493b416ecc4f0a337a8169c663d149bc7ffabecfd7c12,smd_3E05,121,Write-in,44,7.04%,2,FALSE,FALSE,,,2,625
,0,,fd73bc83130797ec643ae69e6998247e8be55006da87be0f121557eb,smd_3E04,120,Write-in,73,7.88%,2,FALSE,FALSE,,,2,926
,0,,eccdc7d683ea6fc2b7a9470997a3615bcad26cb2d0ecc0fe00863bd5,smd_3E03,119,Write-in,58,6.14%,2,FALSE,FALSE,,,2,945
,0,,1c29fd96dcdfb0219c8a1b42df34e3c490340f598e5759bc7022fcf4,smd_3E02,118,Write-in,45,4.81%,2,FALSE,FALSE,,,2,935
,0,,a5f9d9ad43bb6f68cf86d951baf834e4e07551b5529ba86d08a72d55,smd_3E01,117,Write-in,45,5.11%,2,FALSE,FALSE,,,2,880
,0,,d737e145e67fb0f52d3ad9b60a3276ac5c14cb301be4321c3ec4611f,smd_3D10,116,Write-in,12,5.83%,2,FALSE,FALSE,,,2,206
,0,,e6554fb31d212668be6cef55881f4f208b9ecc41bcce4d5f731c41e9,smd_3D09,115,Write-in,38,5.49%,2,FALSE,FALSE,,,2,692
,0,,bebb7285137a1009844c3253310604e76166fda5b794b35c7ea25f4d,smd_3D08,114,Write-in,9,1.24%,3,FALSE,FALSE,,,3,726
,0,,e68b8f06edff4b3e89f7c1646d826877971a69b698e849e6db088a40,smd_3D07,113,Write-in,0,0.00%,2,FALSE,FALSE,,,2,21
,0,,4306012b31d38dbd18884d210ed541a0c35597f524411a4300873434,smd_3D06,112,Write-in,35,6.41%,2,FALSE,FALSE,,,2,546
,0,,6920c3141f0e56c91955cd6bc4f2b530512356588f07a79d404e7ba9,smd_3G05,133,Write-in,49,4.87%,2,FALSE,FALSE,,,2,1006
,0,,da5eaec11315736e4f56a425f926898671f2bcc325397b4b131ad55b,smd_3G06,134,Write-in,350,100.00%,1,TRUE,TRUE,,,1,350
,0,,ef40ab95ee29bd881d00e22a93257b2c0c2dc01a60f70369b1b3d4ba,smd_3G07,135,Write-in,21,2.71%,2,FALSE,FALSE,,,2,775
,0,,afb9858edf41d49d53cfdd913351781993e450b5d18f2a8bbc0dff78,smd_4A01,136,Write-in,18,1.69%,3,FALSE,FALSE,,,3,1068
,0,,7e75a394c1b489a8a2ac3106f5e029bedbf824b81d2552587cb45a95,smd_4C06,158,Write-in,11,0.97%,3,FALSE,FALSE,,,3,1139
,0,,8fdddd9e64a8e8d00d413989974026b89d3f4f406248e79c9f8260a9,smd_4C05,157,Write-in,22,3.15%,2,FALSE,FALSE,,,2,699
,0,,5e3fe3c6e4f473c0a14281424d008481c72bfdfe26cbef297872164b,smd_4C04,156,Write-in,7,1.25%,4,FALSE,FALSE,,,4,561
,0,,03f0048903e2b14fc88dfe5fbac152a692743dcb9b77026cfb3c5cbe,smd_4C03,155,Write-in,19,2.12%,3,FALSE,FALSE,,,3,898
,0,,86cb8986b11811b61f2fcff410ab66a97e405ae25b7c0260c2687b85,smd_4C02,154,Write-in,15,1.35%,3,FALSE,FALSE,,,3,1115
,0,,adad6f4bc49d2285ca9ab45e23a7f65c540e465abeab309415caf624,smd_4C01,153,Write-in,13,1.54%,3,FALSE,FALSE,,,3,843
,0,,ce88b005aa5a28f8f43d43133af371f37ad70b90af9b07408e386da1,smd_4B09,152,Write-in,5,0.36%,3,FALSE,FALSE,,,3,1400
,0,,8f25aaba27c1b6c9011b9204d9964f9c8a16e33e282d7c2f914a66ed,smd_4B08,151,Write-in,33,3.02%,2,FALSE,FALSE,,,2,1091
,0,,0eb62b3bb6a8cd5308043f6dabc82d4014fee92e59a0a796531a7f99,smd_4B07,150,Write-in,58,4.46%,2,FALSE,FALSE,,,2,1300
,0,,0f1d394df2076368875f29db8415c20b26fe453d2fad162a639bf1ac,smd_4B06,149,Write-in,29,2.48%,2,FALSE,FALSE,,,2,1169
,0,,2da94a1d5336f71778ef166f6e063c1d0efa09cb13585632f3ac1da7,smd_4C08,160,Write-in,39,3.67%,3,FALSE,FALSE,,,3,1064
,0,,53e6970431283f87c8d0595f2a4692f09069c1f61df631715b225a58,smd_4B05,148,Write-in,12,1.53%,3,FALSE,FALSE,,,3,784
,0,,89f48cf9054fbe9380c5c94957090f23f6a69eb0b2b2b3c03dd19885,smd_4B03,146,Write-in,28,2.65%,3,FALSE,FALSE,,,3,1057
,0,,4a16aba7b0a317267c1b44c687a909a7f6a661f75fb9eeabcff504a5,smd_4B02,145,Write-in,17,1.72%,2,FALSE,FALSE,,,2,987
,0,,a1c8a093399188461d005fd7d24e3aeb49dc1bb0b783d9d0b8249d80,smd_4B01,144,Write-in,37,3.15%,2,FALSE,FALSE,,,2,1174
,0,,bf77f1e4cc5ac8641936e555dd372a73deb2cfa47d43d237b96d9d33,smd_4A08,143,Write-in,30,2.72%,2,FALSE,FALSE,,,2,1104
,0,,ac7cef7cf7a06ff40b37c34b5807d823d9469059ff6bfc0a5e12ac32,smd_4A07,142,Write-in,25,3.44%,2,FALSE,FALSE,,,2,726
,0,,4c04b35323827b8a32d7b06ccadbce81e688a6391840dbe32a8c5c1a,smd_4A06,141,Write-in,12,2.11%,2,FALSE,FALSE,,,2,570
,0,,ebfc1e089fce628fc4dd5fa3896fe2c6e6bb4a572c19b44374efb0ad,smd_4A05,140,Write-in,26,4.42%,2,FALSE,FALSE,,,2,588
,0,,92b915f8069e317a808ecd5c0dd5c44c864d134df741df1786346154,smd_4A04,139,Write-in,5,0.51%,3,FALSE,FALSE,,,3,977
,0,,c4bb903a70053cb3655d5c6a0686889830f75683acfd3602b330c74a,smd_4A03,138,Write-in,34,4.23%,2,FALSE,FALSE,,,2,804
,0,,813a3be2aac15860ab2f5cb1150f1b0531cfc5a7ddeb89a0299294cb,smd_4A02,137,Write-in,12,0.91%,3,FALSE,FALSE,,,3,1312
,0,,e152b9eec7e877cd6bd682aa1c931b0b1c58fde5e7eca91572a8203f,smd_4B04,147,Write-in,44,3.98%,2,FALSE,FALSE,,,2,1105
,0,,fd5d3eb08175aafdc2d496c60d412b239522966f8d5be5b9ea970790,smd_3D05,111,Write-in,29,3.52%,2,FALSE,FALSE,,,2,825
,0,,d72275fa4fb262e54786a11e0521041ba2d0a9ed810afc4977650c5f,smd_6A07,212,Write-in,13,1.24%,4,FALSE,FALSE,,,4,1047
,0,,ddf88c5284aa7b18215522ad929d7ca246f142fa012bb19cd106ee06,smd_6B01,214,Write-in,65,8.80%,2,FALSE,FALSE,,,2,739
,0,,bfcd00d5d163807bd2fa55de08eb275872834cce081292b397595933,smd_8B01,286,Write-in,165,100.00%,1,TRUE,TRUE,,,1,165
,0,,3644b158dfaaada3e6e2e21706dba3aa2458789a785332507d120879,smd_8A07,285,Write-in,27,2.47%,4,FALSE,FALSE,,,4,1093
,0,,e156a091394b25c22e0a128ed94bd0d3010e9ba333467402cb342f24,smd_8A06,284,Write-in,21,1.84%,5,FALSE,FALSE,,,5,1141
,0,,04c86648fa7542d84f3449e8d4face41df6c70ffd05d0a317f4df2ec,smd_8A05,283,Write-in,10,1.05%,3,FALSE,FALSE,,,3,949
,0,,36f9b2b4e62b2dfcff22876b955c106afa21e64d140ddd876b4f5475,smd_8A04,282,Write-in,14,2.36%,3,FALSE,FALSE,,,3,593
,0,,fb9d4226f8aef4a54d549d125109f83d15bacc6572f3842ea6377803,smd_8A03,281,Write-in,46,5.32%,2,FALSE,FALSE,,,2,864
,0,,9865fa851a554538d3c1c2bf49b01a44205a119a3869736e240b488b,smd_8A02,280,Write-in,49,5.08%,2,FALSE,FALSE,,,2,965
,0,,5edb9cf2b21277655d78dfed4aeef94676e8979fddfe5fb803f71da1,smd_8A01,279,Write-in,57,6.03%,2,FALSE,FALSE,,,2,945
,0,,a55801a2ab94d5faef077b403a8b7708c3400bebc1f3198805a5bd96,smd_7F07,278,Write-in,23,100.00%,1,TRUE,TRUE,,,1,23
,0,,ba7e7cec6b4176324c5ef51f642d042d5c0ee7560126481503f7245f,smd_7F06,277,Write-in,57,6.61%,2,FALSE,FALSE,,,2,862
,0,,904cebf3d7cefe8b1ae324f4bc16ff8ed1cb05c4d2e2db4b023ed132,smd_7F05,276,Write-in,16,1.82%,3,FALSE,FALSE,,,3,878
,0,,8747f9c19164df68dde9585501e14d525f637b97d2203695ea4a863e,smd_7F04,275,Write-in,6,1.50%,3,FALSE,FALSE,,,3,400
,0,,371e12c940176061e7993995447e80c0cb4f1041e91e56367de7e759,smd_7F03,274,Write-in,113,100.00%,1,TRUE,TRUE,,,1,113
,0,,7dd28d78cfe36a734ea11e6cf7aa11df0d8df16c598214bf5d318e41,smd_7F02,273,Write-in,12,1.10%,4,FALSE,FALSE,,,4,1095
,0,,21f23126932c06ad82282a2525243d36a4b37977b3a83f80a4b0dfc2,smd_7F01,272,Write-in,12,0.98%,3,FALSE,FALSE,,,3,1224
,0,,63f4b449e1ee9f7bc3dd23f3308fd845f72105f0677bed37deae99ca,smd_7E07,271,Write-in,18,1.84%,4,FALSE,FALSE,,,4,976
,0,,58fb4da41ad70702c387da3e0d2630b7c7c44143732380d27b5d0cb8,smd_7E06,270,Write-in,16,1.79%,3,FALSE,FALSE,,,3,896
,0,,0d81a2437b77577d770b8f3bd3542f27d10ad58c2768cecd02db72db,smd_7E05,269,Write-in,16,2.12%,3,FALSE,FALSE,,,3,755
,0,,db9abbe904e452b72623a2d24731ced5ef929cd07d711e29fd13749a,smd_7E04,268,Write-in,16,1.40%,4,FALSE,FALSE,,,4,1146
,0,,0f4c9cfb8af5ff4b2dfbfe27c98fc88c3ee9f1894a03ecb1c9406a52,smd_7E03,267,Write-in,106,100.00%,1,TRUE,TRUE,,,1,106
,0,,6b4b2684c5a1c65f461e1aa8f428510df62fa891290983df008f9953,smd_7E02,266,Write-in,17,1.54%,3,FALSE,FALSE,,,3,1102
,0,,af0c08b4d79c0a40245c40f62c5282dd069001942135d95bf51871a5,smd_8B02,287,Write-in,103,100.00%,1,TRUE,TRUE,,,1,103
,0,,f86e68d506b2d8e5de8e24aa73e0c938425a5c4982363625c1c0a2d0,smd_8B03,288,Write-in,18,2.08%,4,FALSE,FALSE,,,4,864
,0,,16a2e0264e0dd61126652e63967dd3d9921d4787d6a0aa9873af3acc,smd_8B04,289,Write-in,30,5.01%,2,FALSE,FALSE,,,2,599
,0,,f971f5e832d97c8007d1165b217ebbd572ab4fefec929081f9aff4d5,smd_8B05,290,Write-in,11,1.92%,3,FALSE,FALSE,,,3,573
,0,,dce386cb378a0e25260961d44f463a8b27c6b43935cdfd50b6a30fe0,smd_8E06,312,Write-in,22,2.59%,3,FALSE,FALSE,,,3,849
,0,,6740b963aed71d2932a4ee491f835b72075d5f97f19bcf255a2a7d1e,smd_8E05,311,Write-in,18,1.72%,3,FALSE,FALSE,,,3,1049
,0,,a735532f9f95030323c286c1b071a41d4b698b7bcc6dbedae67a3517,smd_8E04,310,Write-in,75,8.66%,2,FALSE,FALSE,,,2,866
,0,,e8cb54cb58d19694af1eafef4cb704d90662239f352575f69f855190,smd_8E03,309,Write-in,104,100.00%,1,TRUE,TRUE,,,1,104
,0,,201189625a5ff7ce4d8152b25f4f725288eac65415e6e1032573d791,smd_8E02,308,Write-in,9,1.06%,4,FALSE,FALSE,,,4,851
,0,,cac9bc865fc25510dcd6716b00a8b2cccc76535ded4025037e888be0,smd_8E01,307,Write-in,76,8.73%,2,FALSE,FALSE,,,2,871
,0,,fb8c7848994ecb107c55ab9102d9137092300aa3cb98e94ebb036e11,smd_8D07,306,Write-in,25,4.07%,2,FALSE,FALSE,,,2,615
,0,,3afb81058921b2dad7321c5a6d176fa078ba5600ef7c54af42bca0b3,smd_8D06,305,Write-in,16,1.71%,3,FALSE,FALSE,,,3,933
,0,,2e1f10ff97c7e8e167fd90e268c93a11ac555414194b05eb1b66935b,smd_8D05,304,Write-in,142,100.00%,1,TRUE,TRUE,,,1,142
,0,,9a8d97dae67e051d91d48073edf3a1ce925d31f839eb342b2fe53ac9,smd_8D04,303,Write-in,12,2.70%,2,FALSE,FALSE,,,2,444
,0,,c716158450b1528ddfb449e4b5feb9d1c7e04ac8bdb1ea8f728defd9,smd_7E01,265,Write-in,18,1.88%,2,FALSE,FALSE,,,2,958
,0,,90743f410ac7cfd8f4558fe3d402176d82189098d49f2b3bcc1120d8,smd_8D03,302,Write-in,31,5.63%,2,FALSE,FALSE,,,2,551
,0,,cac30f51c39239d987ddbb27fe7d849f7a30b7c15ed550da04c000bd,smd_8D01,300,Write-in,13,1.79%,3,FALSE,FALSE,,,3,726
,0,,ea36df315fb62eff3db7afa2ab2bb787f4ba8c2cc9c352fe209e6257,smd_8C07,299,Write-in,25,3.29%,2,FALSE,FALSE,,,2,759
,0,,8f63a7de413129ea7291486ad42eb24d64df1ccbcc58d5d1c80bef11,smd_8C06,298,Write-in,78,100.00%,1,TRUE,TRUE,,,1,78
,0,,6e4225d6cd2764c706af209e10a1152af6034b84aa82ea3c75f825fd,smd_8C05,297,Write-in,25,5.71%,2,FALSE,FALSE,,,2,438
,0,,70317bb9c4a54cfd7337d065ce6191a175baaefddbe359ff76491948,smd_8C04,296,Write-in,16,1.68%,4,FALSE,FALSE,,,4,954
,0,,735caecc4362d8e05065c4fe35afc15c9735deb122cdf44dcf99a567,smd_8C03,295,Write-in,28,2.82%,4,FALSE,FALSE,,,4,994
,0,,152883a2a9a63cfc81ce6ea4cb6251bf5a148d98f64f1583cb390d2c,smd_8C02,294,Write-in,27,3.76%,3,FALSE,FALSE,,,3,719
,0,,5ca53d003d7f6986a1eaa6c8f700c6e3f785cb2560b377cf0a2c6ad9,smd_8C01,293,Write-in,28,5.49%,2,FALSE,FALSE,,,2,510
,0,,56dae34eb76ccc311ae753c2c9c5a85ae86eb37c04361a3baba2174d,smd_8B07,292,Write-in,100,100.00%,1,TRUE,TRUE,,,1,100
,0,,1c667ed3a4f72a8ce2831f353b7a627ec412277395bd89adb5acc85a,smd_8B06,291,Write-in,34,5.51%,2,FALSE,FALSE,,,2,617
,0,,3ca9ce7ccaa5b032ad7846b15c1f92b61d8ff543c94658c655b97b14,smd_8D02,301,Write-in,10,1.24%,3,FALSE,FALSE,,,3,804
,0,,d0536c6bd53a69c0e3e94f4756196f7d3ec6bcf505d3c95adea8f4f4,smd_6A08,213,Write-in,59,5.44%,2,FALSE,FALSE,,,2,1084
,0,,11345773aeda006c70108dd602ee729f0b7d72a61805aa4e40214fe2,smd_7D07,264,Write-in,193,100.00%,1,TRUE,TRUE,,,1,193
,0,,954757b8c20895b3dbf44c59b3cd1b26330d16280122d80ccf45dc58,smd_7D05,262,Write-in,33,3.07%,4,FALSE,FALSE,,,4,1075
,0,,2fcff59f0d04d81ab2cfb0c76cfb60afe223daf1b61e0e57f1a8f343,smd_6D06,235,Write-in,38,3.63%,2,FALSE,FALSE,,,2,1046
,0,,cb0dc661fe3af0186fe910251fc20b1941368d7e3c8e754abc4f24e2,smd_6D05,234,Write-in,54,4.38%,2,FALSE,FALSE,,,2,1232
,0,,6240a42aef0be92dbfeb7d93938f14c2fbdc3bf5b27ab65f81e9fe6f,smd_6D04,233,Write-in,53,3.87%,2,FALSE,FALSE,,,2,1369
,0,,88aaba6c069aa2dc562f411b3c896e6ae7017a1055a074ee34f315da,smd_6D03,232,Write-in,43,5.22%,2,FALSE,FALSE,,,2,823
,0,,db93aabc2a22339a2ac86143a31bbeb23fd7026757071833b15c6d8d,smd_6D02,231,Write-in,611,100.00%,1,TRUE,TRUE,,,1,611
,0,,7da7d4ac2cd777feb9150a2d3d2a242be597b0ada078b01519fd25a6,smd_6D01,230,Write-in,425,100.00%,1,TRUE,TRUE,,,1,425
,0,,8aee74449d9fe496639ae153322f9c1762481e6a45fed7f86c007082,smd_6C06,229,Write-in,97,3.29%,2,FALSE,FALSE,,,2,2945
,0,,acace6ecbef585bb521681213a6e1f089fd8311d0779a225ab74c1fd,smd_6C05,228,Write-in,76,5.31%,2,FALSE,FALSE,,,2,1430
,0,,24630f0fe20f5e8a6296a92999da4080bfa023ea39f91776ecce3894,smd_6C04,227,Write-in,111,9.11%,2,FALSE,FALSE,,,2,1219
,0,,5273cec75b056725f793d9b3f44e7950fe4fd064c2178ee42d2bb6e1,smd_6C03,226,Write-in,51,4.64%,2,FALSE,FALSE,,,2,1099
,0,,536c88618c91677ba6a5ee69264a32e41d175061afd6ae1576c93922,smd_6C02,225,Write-in,31,6.08%,2,FALSE,FALSE,,,2,510
,0,,be760af66a1ea0546b95b23ed70dd83afecee9b43807fc84cc1148f7,smd_6C01,224,Write-in,36,4.43%,2,FALSE,FALSE,,,2,812
,0,,907d363417e87a7b280854f973c1b697cbb0b0c1cf5afcc0191b78ad,smd_6B10,223,Write-in,70,6.43%,2,FALSE,FALSE,,,2,1088
,0,,69b1655a70cddfc1a7066ba2549cae7410bc2e4abb7d7ad2041aeefb,smd_6B09,222,Write-in,19,1.40%,3,FALSE,FALSE,,,3,1358
,0,,37eb84ee79986a96621a910857eda6607069d8499bc096afcb32a6e5,smd_6B08,221,Write-in,36,3.39%,3,FALSE,FALSE,,,3,1061
,0,,7a5c4e760f35bcc5f8aa57f6dd6c95137f28cf2baee89950b5c17064,smd_6B07,220,Write-in,301,100.00%,1,TRUE,TRUE,,,1,301
,0,,3edfa780f49d3138728567ebd2ab886c90aaa965c0fb8822439c11a5,smd_6B06,219,Write-in,41,3.34%,2,FALSE,FALSE,,,2,1227
,0,,aec3708df622841d504005d7a1b7748666d8e231fa21879e5624a45e,smd_6B05,218,Write-in,20,1.91%,2,FALSE,FALSE,,,2,1048
,0,,e4b86b8f67454e7e561db38787027b6beefe78f16b97770e7b6c83a9,smd_6B04,217,Write-in,48,5.41%,2,FALSE,FALSE,,,2,888
,0,,61afac703b066bfa32e4f13f35d268659f4ddfe1fd2d2803447c5ee7,smd_6B03,216,Write-in,20,1.83%,3,FALSE,FALSE,,,3,1091
,0,,34688883640d9b7019ad04338b81efd7a581bd5c2b6a9dbb03e743f2,smd_6B02,215,Write-in,52,5.50%,2,FALSE,FALSE,,,2,945
,0,,18b966ec9b52f242ffda57220cd9cc1f5cac26461944521216c0bbd9,smd_6D07,236,Write-in,78,2.50%,3,FALSE,FALSE,,,3,3116
,0,,78662387658ef5d3ae7fb396a2785db2345fc40daf83e6335db7f060,smd_6E01,237,Write-in,50,4.26%,2,FALSE,FALSE,,,2,1173
,0,,8e1ec8f9dc8b328840e81abef116e1b8117c0255a5ac282ae92a8df6,smd_6E02,238,Write-in,6,0.56%,4,FALSE,FALSE,,,4,1065
,0,,94724eede24e0e3463e0d7b129f31c26ad2997ef23f3705833ba176f,smd_6E03,239,Write-in,19,2.75%,2,FALSE,FALSE,,,2,691
,0,,cd29fd41d253367672574fc60b2b8d941b814b96b380de1f48be774b,smd_7D04,261,Write-in,55,5.25%,2,FALSE,FALSE,,,2,1047
,0,,d52ae60f041a0071b7c170124a69d01bb703cbf351debaa349d1c757,smd_7D03,260,Write-in,9,1.58%,2,FALSE,FALSE,,,2,571
,0,,238c6cfcadcfa93d2cc436e368a9ce0f559b8d98073b01c53bf2db59,smd_7D02,259,Write-in,34,3.83%,2,FALSE,FALSE,,,2,887
,0,,a091a794ec2222a6cb4d63fb6deb9b5209b9d6bc19b90b24041fb0bb,smd_7D01,258,Write-in,40,3.89%,2,FALSE,FALSE,,,2,1028
,0,,ff715cc52c3e3eec4f97aa0ddcbdd467181cd31256a52f3779ff01fb,smd_7C07,257,Write-in,5,0.51%,3,FALSE,FALSE,,,3,980
,0,,9c2cf32b713a8c487f3416138c89969c4a751a186679e153a913db4c,smd_7C06,256,Write-in,25,3.32%,2,FALSE,FALSE,,,2,753
,0,,22a88c31d0b301dd6acc3bb67f0b6a666b48f571bf823b424b1d1994,smd_7C05,255,Write-in,40,4.14%,2,FALSE,FALSE,,,2,967
,0,,cbf298c009b2afc13490b5e45118c84d8bd10af3fcc7455aa86f1412,smd_7C04,254,Write-in,16,1.71%,3,FALSE,FALSE,,,3,938
,0,,f61847b910ba9d041b1a4021f5e08324e6096b8c07afa1aa432e50d9,smd_7C03,253,Write-in,28,3.55%,2,FALSE,FALSE,,,2,789
,0,,0ddea6907fd9e0a0bc98b8b2c92b1aad5d6b42652861b385a7f44609,smd_7C02,252,Write-in,12,1.47%,4,FALSE,FALSE,,,4,817
,0,,30a6aa989c7a358ff4c3e1ed00749c6779b5e1ea98866a66e75135e1,smd_7D06,263,Write-in,31,3.70%,2,FALSE,FALSE,,,2,837
,0,,7c34420285a36ee2b2efc62631042e31e62ae035f04d278b98677545,smd_7C01,251,Write-in,39,4.23%,2,FALSE,FALSE,,,2,922
,0,,0b5236005a9c93e9814153692acece8e84073ab427fb90b9a7fcf19b,smd_7B06,249,Write-in,13,1.01%,4,FALSE,FALSE,,,4,1285
,0,,f52de80bd9e8c2b4fca453bbc14617af21db57ad588d7506daf28b34,smd_7B05,248,Write-in,13,1.32%,3,FALSE,FALSE,,,3,985
,0,,8c3e7ed5a36238bc4b081e4877992a860f98dc548d8a5db0a21892e6,smd_7B04,247,Write-in,33,2.74%,3,FALSE,FALSE,,,3,1204
,0,,eaac5ccfb820b1afb2e22d0ca1ecad4ae7637582c12d70038551afa3,smd_7B03,246,Write-in,170,100.00%,1,TRUE,TRUE,,,1,170
,0,,1d707cb0bf05fe3c81e89a114f15e2fb622f09ef14bc178f941bbaf2,smd_7B02,245,Write-in,6,0.58%,3,FALSE,FALSE,,,3,1043
,0,,39953898491bb0b270ab4f47965293f20ecf1ac12a5cfe43aac0a200,smd_7B01,244,Write-in,11,1.06%,3,FALSE,FALSE,,,3,1039
,0,,514b96168bd0ea4cc2cc1cab11e445e77a3abe9d46dcd29445bb5ff7,smd_6E07,243,Write-in,19,1.79%,3,FALSE,FALSE,,,3,1063
,0,,59dc7e133fb54ceb0887d6a0ac5b266d7b4cfe2342252a92b797932b,smd_6E06,242,Write-in,22,6.45%,2,FALSE,FALSE,,,2,341
,0,,3e2158659234ee5fec84aa9c6086a1d0c8b6f100dc88a746587ba38f,smd_6E05,241,Write-in,61,3.73%,2,FALSE,FALSE,,,2,1634
,0,,91062499b830b2e7c1fbbcb220a1ab5a54fa554e615f88ff1468697a,smd_6E04,240,Write-in,15,1.06%,3,FALSE,FALSE,,,3,1409
,0,,7531d9d7b4511fd1cf429897579fe59d62adf811ef5e6762c3bf467f,smd_7B07,250,Write-in,56,4.82%,2,FALSE,FALSE,,,2,1161
,0,,149c226b7976f64c74b4ae28057f770569b8b3b622baae50463a9d22,smd_3D04,110,Write-in,42,4.89%,2,FALSE,FALSE,,,2,859
,0,,26009192e6fa76a714b2ec70720b98c8a9d3db0d0474669289eaf208,smd_8E07,313,Write-in,9,0.99%,3,FALSE,FALSE,,,3,907
,0,,10fb387779ba736e270bc7fa1f1dcada0dbbcbe5b63f166974802b04,smd_3D03,109,Write-in,46,6.63%,2,FALSE,FALSE,,,2,694
,0,,6806288ad3bfa48661f47809dc85221f795e317da0fd8cf5d82b0f23,smd_2A07,61,Write-in,27,100.00%,1,TRUE,TRUE,,,1,27
,0,,3268127808478fe35919e7d1a668ef02c8512292a393fd8c7818dc63,smd_2A06,60,Write-in,15,3.11%,2,FALSE,FALSE,,,2,482
,0,,428cce76a90fc02ef8e9c422aaba9906149fb0658370d7f57407d84b,smd_2F08,92,Write-in,5,0.92%,3,FALSE,FALSE,,,3,545
,0,,83b12c0c67ce97f28d86f773238936de01332efcc62442a9e6338ce2,smd_2A05,59,Write-in,51,100.00%,1,TRUE,TRUE,,,1,51
,0,,c2cf6a36c67f5a5b0aa403335e73801ed26847eacf4158256339e3ec,smd_2A04,58,Write-in,221,100.00%,1,TRUE,TRUE,,,1,221
,0,,fcd770c1bb89c6b327d69c659602cb06fe2dcc0d27d814fa349be576,smd_2A03,57,Write-in,5,0.90%,3,FALSE,FALSE,,,3,554
,0,,2933ba158e91ede3ad682668f9f522491bead9f5fdc54b7f9166ab5a,smd_3B01,93,Write-in,33,4.31%,2,FALSE,FALSE,,,2,766
,0,,b2b88f2ca4e38c99c0ef28f38725db892d36cd0a3823c52c20668616,smd_2A02,56,Write-in,27,4.75%,2,FALSE,FALSE,,,2,569
,0,,f071e18b0f73de52fdbc66127a31f1cdc399b07ded940d2cdea9342b,smd_2A01,55,Write-in,33,100.00%,1,TRUE,TRUE,,,1,33
,0,,65ccb5db8f2aa9fa63a1d4aa20adf258361407bf3cb65d5fa727215b,smd_1D05,54,Write-in,41,4.53%,2,FALSE,FALSE,,,2,905
,0,,b7468a53c0b3d871d6ce5c38869fb781daa35fd4f2fd3a53a5b55568,smd_3B02,94,Write-in,30,4.20%,2,FALSE,FALSE,,,2,715
,0,,1c68dbf002d3e6236e5ca45f7dee01260017cd5ae87498bb54a0b469,smd_1D04,53,Write-in,33,5.02%,2,FALSE,FALSE,,,2,657
,0,,29976363d4e532cea5b908d193860f34e5614159a041f076b68141e2,smd_1D03,52,Write-in,74,7.02%,2,FALSE,FALSE,,,2,1054
,0,,246c5282a6b71b106529ea6455d0440ef338596c13260aa3bd7778c7,smd_3B03,95,Write-in,30,3.82%,2,FALSE,FALSE,,,2,785
,0,,55e57b4987279a9201decef54212aec00957d1a8aa71ceacc90c3eea,smd_1D02,51,Write-in,17,3.50%,2,FALSE,FALSE,,,2,486
,0,,3a5340884869eef75c3f5dc150c00fbf572881d0d767a903a2dd3080,smd_3B04,96,Write-in,59,6.32%,2,FALSE,FALSE,,,2,934
,0,,7b859e4438d84a3ba733d18f1c08d99f008c94c9c94cefcaa7038bdf,smd_1D01,50,Write-in,56,6.48%,2,FALSE,FALSE,,,2,864
,0,,8de7fef4dbcf433e7ad53b2619c6b33ce78e6f453387b5cfb767d19f,smd_1C08,49,Write-in,8,0.85%,3,FALSE,FALSE,,,3,944
,0,,13feb0fb9b23677e5c19d93544bf7b4766c280a56dcde1ad978bd268,smd_3B05,97,Write-in,28,3.44%,2,FALSE,FALSE,,,2,813
,0,,96e68fe3707b53aba8489396641ac69e9792d7115ef18356721d23f5,smd_1C07,48,Write-in,68,6.88%,2,FALSE,FALSE,,,2,988
,0,,ca43ebbb9ecbd68b2b0ebf0f3c64abf3713d797d05a6c98e3636cb89,smd_2F01,85,Write-in,26,3.19%,2,FALSE,FALSE,,,2,814
,0,,27e79f19b7b7ee79526b870559edab21fb05ca74a33ae8e3562ebe1e,smd_1C06,47,Write-in,26,2.61%,2,FALSE,FALSE,,,2,996
,0,,ba01e1b78289ed47d3e47b63cf648733303d45658fbadbd7832993c0,smd_1C05,46,Write-in,32,3.69%,2,FALSE,FALSE,,,2,868
,0,,3b61e8de1119437a7835aa0196f1cc7835858795445225dd234c0584,smd_2A08,62,Write-in,13,100.00%,1,TRUE,TRUE,,,1,13
,0,,9d9b42575e77e25cd62d17d18650df06a49aa0aae6ea0b8050597202,smd_2F07,91,Write-in,7,0.97%,3,FALSE,FALSE,,,3,719
,0,,9fd387d69e9fd3ddd38ae96409cf8f366a8ff6d82ca7f87ab58f2bff,smd_2B01,63,Write-in,10,1.22%,3,FALSE,FALSE,,,3,817
,0,,74aae66318bfc4d3d1aeff032497af6a39627c413ce616bb5d85f8bf,smd_2B02,64,Write-in,40,6.87%,2,FALSE,FALSE,,,2,582
,0,,ab276984635905eb67e401b0ece1d4ea92f058d1c0c06e46a0157b22,smd_2F03,87,Write-in,27,3.14%,2,FALSE,FALSE,,,2,861
,0,,c44ba720415254e91dd45b2a3d83defac4c082669a97f7309a43bd9b,smd_2E08,84,Write-in,13,100.00%,1,TRUE,TRUE,,,1,13
,0,,554d886f4127d6ed9b6c40e2295972ef09cecbd830fd083c25d0409a,smd_2E07,83,Write-in,17,2.23%,2,FALSE,FALSE,,,2,761
,0,,41bd27404ad19470d33db4232660bac770c856cef7042ebdea9663d5,smd_2E06,82,Write-in,9,1.21%,3,FALSE,FALSE,,,3,743
,0,,8ecffca39c03b898562d2f43615b957a8c4e4a7db92665591a568305,smd_2E05,81,Write-in,19,4.40%,2,FALSE,FALSE,,,2,432
,0,,199ca624d2cf75d941c64f8d076b986254f8e866015fdfb7aac6a71d,smd_2F04,88,Write-in,20,2.32%,2,FALSE,FALSE,,,2,862
,0,,343e18cfd44d73a69e3995a63a5ace4662695d41c24a43dc4112d904,smd_2E04,80,Write-in,0,0.00%,2,FALSE,FALSE,,,2,6
,0,,aea746ea770bec36f5ce34ea8982818d4de606674613e276ea895244,smd_2E03,79,Write-in,25,4.81%,2,FALSE,FALSE,,,2,520
,0,,aa20e3b1ce096f288ceaf1e2a28b30a97162243f855d51e06bd4aad3,smd_2E02,78,Write-in,8,1.47%,3,FALSE,FALSE,,,3,546
,0,,53d33cc44934af0203634053b9ddd5f508707349e1026ea3cfbcd217,smd_2E01,77,Write-in,37,5.76%,2,FALSE,FALSE,,,2,642
,0,,d6eabe94a1f41a3b05dd9652a9eae5734b58d1526e4a4e823dd6615b,smd_2D02,76,Write-in,166,100.00%,1,TRUE,TRUE,,,1,166
,0,,e950eef300ea78775bbdce519bef444aced9689eac7764e6ddaa10fe,smd_3C01,98,Write-in,46,5.74%,2,FALSE,FALSE,,,2,801
,0,,20f90dcc0aec2b8c80088a1a17051a8e99fa91c977b8ef6ec4f953db,smd_2D01,75,Write-in,18,3.06%,3,FALSE,FALSE,,,3,588
,0,,3d8d63a3a209fa992ed0932f4cd73c156c15e42946e6c2e940970f46,smd_2C02,73,Write-in,12,1.90%,3,FALSE,FALSE,,,3,631
,0,,aac2af329e96e17dd334cb636acda468f214ecbb86a52936cc3d64c7,smd_2F05,89,Write-in,9,1.44%,3,FALSE,FALSE,,,3,627
,0,,824c8d915f69b4e4c8c587f12b0397359e4dfae48fc64fa73feabe4a,smd_2C01,72,Write-in,23,3.22%,2,FALSE,FALSE,,,2,714
,0,,6793111b27b3ec960bcc90e521e6637c848b073d1f7142aec72a8716,smd_2B09,71,Write-in,6,0.50%,3,FALSE,FALSE,,,3,1207
,0,,9bc7b609037a8d13ab221bed99c458766613a0d761872e3599ff3c62,smd_2B08,70,Write-in,24,2.82%,2,FALSE,FALSE,,,2,850
,0,,4dd85cf1a33d1c05f30da9c7ef8f1a6273d9ea49df4dc8ac770a988c,smd_2B07,69,Write-in,41,5.62%,2,FALSE,FALSE,,,2,729
,0,,a821cd8b12c3e8732f10f98ded0fe168a9c12f3f6dce26fdeba20432,smd_2B06,68,Write-in,11,1.43%,3,FALSE,FALSE,,,3,771
,0,,f80591f3ffa954b662c0817dce3fedf59afe56a2542b1b2585d36084,smd_2F06,90,Write-in,33,3.63%,2,FALSE,FALSE,,,2,909
,0,,f6e74ee55071fd4c57b977b2c11d1fbc4170b8926aeaaf2160d212b5,smd_2B05,67,Write-in,26,3.62%,2,FALSE,FALSE,,,2,719
,0,,b9a384ef5960f0124e300f250070e8bceb54bfa464e7c913651c7bed,smd_2B04,66,Write-in,11,1.06%,3,FALSE,FALSE,,,3,1034
,0,,f41e9575bb92b5af92c9f9119c779519cfabda873c339b39c6d9cfa3,smd_2B03,65,Write-in,5,0.62%,3,FALSE,FALSE,,,3,801
,0,,9a5c3d9eea944c86533f7b7952e937a3a97cdf5b162219421f97c23d,smd_2C03,74,Write-in,25,4.50%,2,FALSE,FALSE,,,2,556
,0,,328feeee19bc1a5c6b7f64303382565762c42e721e9abbba3c49ed70,smd_1C04,45,Write-in,10,0.93%,3,FALSE,FALSE,,,3,1070
,0,,3e399ca1e6951cdf65febd34357efa11a6cad8d7f49bc463b2b0a98f,smd_2F02,86,Write-in,18,2.46%,2,FALSE,FALSE,,,2,731
,0,,5819863c8622df0f4b2d23e41b8c70716a991efac607758167147d18,smd_1B02,31,Write-in,44,3.91%,2,FALSE,FALSE,,,2,1125
,0,,c1db7e63c988d2c9938aa6e495c4c5c49d51f4f434429aed4caba73c,smd_3C05,102,Write-in,6,0.50%,4,FALSE,FALSE,,,4,1201
,0,,9e54c840019bda18e031533e59e7d6018f5372c3b6d1189e520ba4cf,smd_1A08,25,Write-in,34,3.03%,2,FALSE,FALSE,,,2,1121
,0,,aaf27bf2cf32c0f96dcc4c05e2befbeed47d074ca725d9d272b5b76e,smd_1B05,34,Write-in,13,1.36%,3,FALSE,FALSE,,,3,956
,0,,febe8f8fc2d327828a3ae328a01ca3fa7484e98802827a9b5cd1b69e,smd_1B04,33,Write-in,10,0.94%,3,FALSE,FALSE,,,3,1068
,0,,94c3cfc4f434174549f3f57d4a29eefa3a7903a4161f60c14edbbc20,smd_3C06,103,Write-in,20,2.25%,2,FALSE,FALSE,,,2,887
,0,,cf92f27acdf26195312506d9b4e06315912b3eeba9d299a0343f4596,smd_1A05,22,Write-in,26,4.12%,2,FALSE,FALSE,,,2,631
,0,,5e69da73c0417ab985ae40de8a85a89ea8b2bb14e68585113ecce407,smd_1B03,32,Write-in,26,4.26%,2,FALSE,FALSE,,,2,611
,0,,074f834b70bcd3b292aa409eba6fdc24d3f23a49a8fdd18761537c2b,smd_1C03,44,Write-in,11,1.08%,4,FALSE,FALSE,,,4,1018
,0,,6555013776fe13c61db53e70777dc60ee8fe10ac76349dc72c4175e0,smd_3D01,107,Write-in,4,0.42%,3,FALSE,FALSE,,,3,951
,0,,8f25449af71ee9b4352d4028e6a72b87eb790070cb6ec47ee382f336,smd_3C07,104,Write-in,28,4.09%,2,FALSE,FALSE,,,2,684
,0,,bfb02fb84ed29b163e3aa5229c6a284087b11f7a15e1a56ea0fbfaff,smd_1B01,30,Write-in,39,4.24%,2,FALSE,FALSE,,,2,919
,0,,5322c94c3b70eca4531cebd10a1f0753b98d4c060c246fdfec6c731d,smd_1A06,23,Write-in,25,3.07%,2,FALSE,FALSE,,,2,815
,0,,f77005d854c4936ad6d11f9d805bf1a2cdc25be5de9399b88b217ceb,smd_1A12,29,Write-in,144,100.00%,1,TRUE,TRUE,,,1,144
,0,,02e79dcadbac62abf99d2a8641fa88dc218c93b60aec6c9485ffcdac,smd_1A07,24,Write-in,36,4.29%,2,FALSE,FALSE,,,2,840
,0,,cebbfe863f925f930395ba44b815ba92688ad93146489c59fc66632b,smd_1A11,28,Write-in,32,5.27%,2,FALSE,FALSE,,,2,607
,0,,2dcf86b708ddb63a465ceb1fe8b096495311861e89ce79488319eff6,smd_1A10,27,Write-in,40,4.28%,2,FALSE,FALSE,,,2,934
,0,,3023d1ad5f9cf9eed0bf39f6b106a2f1e4271d2d31eb55e285a317cb,smd_3C08,105,Write-in,12,1.47%,3,FALSE,FALSE,,,3,819
,0,,a13a872448d4cb4c3fea094ecc580f57c8d339bf3f9f450cfdb16028,smd_1A09,26,Write-in,31,3.30%,2,FALSE,FALSE,,,2,939
,0,,0ccaab9be4954a74d92f882b88e9d9b56e40fe0fae9a3819344987db,smd_3C09,106,Write-in,52,6.24%,2,FALSE,FALSE,,,2,834
,0,,a04ed81115e2b09c031459d779a8b50ea48e607f2e527c71cdda8fd8,smd_1A04,21,Write-in,35,4.96%,2,FALSE,FALSE,,,2,705
,0,,5a1e56b9ad08b00724d72eb3e117e17e7ce66d5d6d481d99d0f5bbb5,smd_1B07,36,Write-in,30,5.59%,2,FALSE,FALSE,,,2,537
,0,,97376cab9d9dc3592523def3bfd7ff075b23ea839589a1b02cd92400,smd_1B06,35,Write-in,40,5.42%,2,FALSE,FALSE,,,2,738
,0,,f6477dac22020261dc59ae365f6a5d0ecf08a4ce3318bca739689d28,smd_1A02,19,Write-in,36,4.52%,2,FALSE,FALSE,,,2,797
,0,,06cc504187c55ee6910dbbc1c41b0c1eba46da317d455fcb54fbe200,smd_1C01,42,Write-in,37,3.60%,2,FALSE,FALSE,,,2,1027
,0,,429e53f4e3c992b3658e2d34c992d77df8aefa8dcbf3bddf41ed5b6c,smd_1B08,37,Write-in,29,3.40%,3,FALSE,FALSE,,,3,852
,0,,19d6e726acdc488aec000b85d3fe527de8ca94430e1c5acaf119578c,smd_1B12,41,Write-in,16,1.25%,4,FALSE,FALSE,,,4,1278
,0,,d2dc3d99c28638c3ff6762053bf6ad4f953b8bfd97ef27dc22786930,smd_3C03,100,Write-in,31,3.53%,2,FALSE,FALSE,,,2,878
,0,,10a83a5a1f89f0de0fcb3747b1a004be9536117bed1ae5ab278bd03e,smd_3C04,101,Write-in,24,2.85%,2,FALSE,FALSE,,,2,842
,0,,0dad0926559d988ac6253b2a981dc6b1da2e4b9c9aa70415520b4de5,smd_1B11,40,Write-in,18,2.73%,2,FALSE,FALSE,,,2,660
,0,,8dcb710c056e5d4b353fd9dc86fa9be4e6debe96ee9658c69a5a5b18,smd_3D02,108,Write-in,5,0.89%,3,FALSE,FALSE,,,3,564
,0,,cb1b12a5de179f29daf33dc6203c45cf15ff700965569ea2d53258a8,smd_3C02,99,Write-in,44,4.37%,2,FALSE,FALSE,,,2,1007
,0,,5b29783f24af247e41a2c343d2b98fda453a7b4ce38d384d49cc03d1,smd_1A01,18,Write-in,18,3.47%,2,FALSE,FALSE,,,2,519
,0,,a2cc34f37a00387cc4ddac20c2ccf96045a8377e7ec50b7d2c7abec2,smd_1B10,39,Write-in,1,0.55%,2,FALSE,FALSE,,,2,181
,0,,c739ba740969073f993a50c64c946de12e6d35628f6013bea491d9e9,smd_1B09,38,Write-in,55,6.57%,2,FALSE,FALSE,,,2,837
,0,,171c0adf709deda2a4b07afa087b27431c3261901b5e9dd398075b64,smd_1A03,20,Write-in,18,2.92%,2,FALSE,FALSE,,,2,616
,0,,2979a75d3383b7dfeafc0f752aa24cd20c7f278c76a9a5dc045ea749,smd_1C02,43,Write-in,42,4.18%,2,FALSE,FALSE,,,2,1004
50001,1,Dieter Lehmann Morales,fbcfd3f6b447c45fb65e455da966c98b2462654e9a8abebbe81ea671,smd_1A02,19,Dieter Lehmann Morales,761,95.48%,1,TRUE,FALSE,725,90.97%,2,797
50002,1,Zach Rybarczyk,93619b5aa6e7a651f0d0db86887f91ea74a4ce64d4cc8f0998e7b447,smd_1A03,20,Zach Rybarczyk,598,97.08%,1,TRUE,FALSE,580,94.16%,2,616
50003,1,Christine Miller,bbbf46b3b78370a4c7dccc1976f6a9f177895c5a81f3bd9602e3144c,smd_1A05,22,Christine Miller,605,95.88%,1,TRUE,FALSE,579,91.76%,2,631
50005,1,Judson Wood,7698e60172dc04aa59a4e3c4e1b15c6ca6226234b67b1ba8049ba305,smd_1A06,23,Judson Wood,790,96.93%,1,TRUE,FALSE,765,93.87%,2,815
50007,1,Mukta Ghorpadey,0492fe8c14563676043af6c10e36b76ecf6316eabf04d3e5aa6f323e,smd_1A07,24,Mukta Ghorpadey,804,95.71%,1,TRUE,FALSE,768,91.43%,2,840
50008,1,Kent C. Boese,371249fc83b9fe94b15603192df6a9c5f4ae2501863e43b2f6b0d038,smd_1A08,25,Kent C. Boese,1087,96.97%,1,TRUE,FALSE,1053,93.93%,2,1121
50009,1,Michael Wray,2ee0d53ca2fb47bcdae83340aa87fbfd75797b052e018c9dc230c190,smd_1A09,26,Michael Wray,908,96.70%,1,TRUE,FALSE,877,93.40%,2,939
50010,1,Rashida Brown,1e86520ddbd4b5d25acc522d8ac07139079fed2cd92431a44d9a0c43,smd_1A10,27,Rashida E. Brown,894,95.72%,1,TRUE,FALSE,854,91.43%,2,934
50011,1,Dotti Love Wade,7ce79e53319465d38cfa33666f0d36e1ddc86f306be588f1af7a6687,smd_1A11,28,Dotti Love Wade,575,94.73%,1,TRUE,FALSE,543,89.46%,2,607
50013,1,Dan Orlaskey,a7578bd94d28d816025a69ed6dc038311f9f1d00de2319b0ea554adb,smd_1B02,31,Dan Orlaskey,1081,96.09%,1,TRUE,FALSE,1037,92.18%,2,1125
50014,1,Victoria Sanchez,1ad30b864db573a5f5e08fe509057b2b612c25281c01dbad8d8e5b89,smd_1B05,34,Victoria Sanchez,730,76.36%,1,TRUE,FALSE,517,54.08%,3,956
50016,1,James A. Turner,c45c9cb36ba386ea68193f4217f76b71fce4c75debcfad9a3735e030,smd_1B09,38,James A. Turner,782,93.43%,1,TRUE,FALSE,727,86.86%,2,837
50017,1,Robb Hudson,4105a354842ee2a31597b04c19740c467d3ce5657aaf2557b1bb9bd3,smd_1B11,40,Robb Hudson,642,97.27%,1,TRUE,FALSE,624,94.55%,2,660
50018,1,"Michael ""Mike"" Singer",64177d2a5696b3dff9c9e92ac94d7cd807d99962fd1a3ec644b91117,smd_1B12,41,Michael (Mike) Singer,381,29.81%,2,FALSE,FALSE,,,4,1278
50019,1,Celeste Carano,c6708fd4853c51af2d0f9421767df56520c103017e66632085f077f0,smd_1C02,43,Celeste Carano,962,95.82%,1,TRUE,FALSE,920,91.63%,2,1004
50020,1,Elias Benda,6886fc54022091cbfdfd4995787f10a112f6ee70a23024c4bf61e6aa,smd_1C03,44,Elias Benda,235,23.08%,3,FALSE,FALSE,,,4,1018
50022,1,Peter Wood,95a8ba82f30c0df564f2a61da3e9bf1e8d1176ffa06b4dc9421d63f6,smd_1C03,44,Peter Wood,522,51.28%,1,TRUE,FALSE,272,26.72%,4,1018
50023,1,Meghan Faulkner,f6ab11d6bb80e8e9299fff5df872d917c598fee6df48841bd675f2b7,smd_1C04,45,Meghan Faulkner,757,70.75%,1,TRUE,FALSE,454,42.43%,3,1070
50024,1,John V. Zottoli,d18d13e235570e42a7bd1090468b4ecbb44b3d3b67cc4125f5542fbd,smd_1C04,45,John Zottoli,303,28.32%,2,FALSE,FALSE,,,3,1070
50026,1,Zack Gold,41bd26f22e6d9376c0a826987c4ce029459cf24e69d282f0f588894f,smd_1C05,46,Zack Gold,836,96.31%,1,TRUE,FALSE,804,92.63%,2,868
50027,1,Japer Bowles,8e3eb91f9a45b0173f5115356038a5cc43a57f105ec99167a60cb2e3,smd_1C07,48,Japer Bowles,920,93.12%,1,TRUE,FALSE,852,86.23%,2,988
50028,1,Fiona Clem,1c22d891bafb3e2e54a5da7b03952606e6656b8b936b60d4cf425f27,smd_1C08,49,Fiona Clem,697,73.83%,1,TRUE,FALSE,458,48.52%,3,944
50029,1,Robin Sandenburgh,62c27d977bacb9bce7b471e3adfe20345e58297476da69e6b38f58c8,smd_1D02,51,Robin Sandenburgh,469,96.50%,1,TRUE,FALSE,452,93.00%,2,486
50030,1,Jack McKay,cbb1731cf5f24de591920fccf5da7b1829164833df12ca4d3a62db57,smd_1D03,52,Jack McKay,980,92.98%,1,TRUE,FALSE,906,85.96%,2,1054
50031,1,Chelsea A. Allinger,4d297e845efc10c042ffdd5d974e36c06f1b65863caec5e12a6100e0,smd_1D05,54,Chelsea A. Allinger,864,95.47%,1,TRUE,FALSE,823,90.94%,2,905
50033,1,Joel Causey,a10e8ddd457a348795f9d4b29f41bede394dfff707b8c01197a193fd,smd_2A02,56,Joel Causey,542,95.25%,1,TRUE,FALSE,515,90.51%,2,569
50034,1,"Trupti ""Trip"" J. Patel",fe0ed8e2962c47ff06bb27df80e7c440c66019905ca70b0f68cdc6d0,smd_2A03,57,"Trupti ""Trip"" J. Patel",291,52.53%,1,TRUE,FALSE,33,5.96%,3,554
50037,1,Jeri Epstein,a9c220b0ed24c758f3b9dfe8ee45a31e9567fded08f411886241ff4c,smd_2A06,60,Jeri Epstein,467,96.89%,1,TRUE,FALSE,452,93.78%,2,482
50038,1,Meg Roggensack,d494f9bb32d635f3d20d2a0d50deef9809d8e22c88c9775a13cf606e,smd_2B01,63,Margaret Ellen Roggensack,424,51.90%,1,TRUE,FALSE,41,5.02%,3,817
50039,1,Matthew H. Sampson,ec7fac03202fce061a7c36daaf3fa8c58a123594ef86bad603af5027,smd_2B01,63,Matthew H. Sampson,383,46.88%,2,FALSE,FALSE,,,3,817
50040,1,Daniel Warwick,1c8e6cbc68268696c2cd6046143a20426c95e1c81bfbc794539faef7,smd_2B02,64,Daniel Warwick,542,93.13%,1,TRUE,FALSE,502,86.25%,2,582
50041,1,Yousef Bashir,462a1cec0419c2ceb179e2e2a6fe2f7d59b2cfec0013ba83c8db7200,smd_2B03,65,Yousef K Bashir,222,27.72%,2,FALSE,FALSE,,,3,801
50042,1,Robin Linnett Nunn,8579712fadca959f65b361c1cbf0e1210eeab8f5ff63a73d53bcdeba,smd_2B03,65,Robin Nunn,574,71.66%,1,TRUE,FALSE,352,43.95%,3,801
50044,1,Moshe 'Mo' Pasternak,042b98ed23b3ff99c7e06fcaa31501081e815f54c339548cfa355d15,smd_2B04,66,Moshe 'Mo' Pasternak,561,54.26%,1,TRUE,FALSE,99,9.57%,3,1034
50045,1,Diane C. Quinn,6d3b8c57599ca6dfa02ff8c6ad07e938ae7721a8138d77084044c622,smd_2B04,66,Diane C. Quinn,462,44.68%,2,FALSE,FALSE,,,3,1034
50047,1,Matthew Holden,b265f9ae85205d7f762a8acc905ad56b5476af23936655c66ec923e5,smd_2B08,70,Matthew Holden,826,97.18%,1,TRUE,FALSE,802,94.35%,2,850
50048,1,Kyle Mulhall,c8b34051a5a070a821b32190f0d1bf06eb33bf51114c3281c42f5561,smd_2B09,71,Kyle Mulhall,777,64.37%,1,TRUE,FALSE,353,29.25%,3,1207
50049,1,Michael D. Shankle,f6acb6460c447a056224ac2626c6120211df725818d747f4da2b3ef7,smd_2C01,72,Michael D. Shankle,691,96.78%,1,TRUE,FALSE,668,93.56%,2,714
50050,1,Gigi Nelson,a49d608b2209232b5567081bfaf8922e3613149ba405200c7f3f6b9f,smd_2C03,74,Gigi Nelson,531,95.50%,1,TRUE,FALSE,506,91.01%,2,556
50051,1,Thomas McDonough,ef9d7efd37c9e275a2659c0532f1abc560e4dc85d94a106c65605b8b,smd_2D01,75,Thomas McDonough,175,29.76%,2,FALSE,FALSE,,,3,588
50052,1,Jenny Mitchell,f51d42bb8b3eefa298538a5c9b84ec7fa048a881233df48f133a8519,smd_2E02,78,Jenny Mitchell,276,50.55%,1,TRUE,FALSE,14,2.56%,3,546
50053,1,"Christopher ""Topher"" Mathews",64861133862ae35eb79413e286da6d7b8eb7f4b0154bc6bf3feff490,smd_2E02,78,"Christopher ""Topher"" Mathews",262,47.99%,2,FALSE,FALSE,,,3,546
50054,1,Rick Murphy,40f6008652835f60c1ab3b60caf62c7b9163b2f805abb02f66afeb74,smd_2E03,79,Rick Murphy,495,95.19%,1,TRUE,FALSE,470,90.38%,2,520
50055,1,Lisa Palmer,0ae877a4a33d88beb9e2723c504593aa1c442af2b8ef7e58321122b2,smd_2E05,81,Lisa Palmer,413,95.60%,1,TRUE,FALSE,394,91.20%,2,432
50056,1,Elizabeth H. Miller,1652ba96b11fb2e4e63d96f8b81befadc6628a890e8f34a281b96973,smd_2E07,83,Elizabeth H. Miller,744,97.77%,1,TRUE,FALSE,727,95.53%,2,761
50057,1,Brian Romanowski,eae204f588d2fb2cb4f9dc2b50f4daec5f6354e39d91ad84c2df667e,smd_2F01,85,Brian Romanowski,788,96.81%,1,TRUE,FALSE,762,93.61%,2,814
50058,1,John Fanning,c920d1a714f6fe0864d02601c58795dd8282ac6ecf024b2767e813eb,smd_2F04,88,John Fanning,842,97.68%,1,TRUE,FALSE,822,95.36%,2,862
50060,1,Ian D. Simon,bae07fc9ee1843b9cf097f6b7abf44e6c8be9fa46035b2f5257a1480,smd_2F06,90,Ian Simon,876,96.37%,1,TRUE,FALSE,843,92.74%,2,909
50061,1,Rehana Mohammed,0f1edd2555c1fa3df14a6f88791b0ec6cc516dd7d4fcf00c49e24bb7,smd_2F07,91,Rehana Mohammed,456,63.42%,1,TRUE,FALSE,200,27.82%,3,719
50062,1,Janice Ferebee,6fc85346675343d859ced9760521ce48f451662bdd137051386a3e64,smd_2F08,92,Janice Ferebee,236,43.30%,2,FALSE,FALSE,,,3,545
50063,1,Ann Lane Mladinov,2b7e02d5528035b2a044cfd094b23c64cebea11cd43a9eeb285d68d3,smd_3B01,93,Ann Lane Mladinov,733,95.69%,1,TRUE,FALSE,700,91.38%,2,766
50064,1,Jackie Blumenthal,df4821408578c0f91b3ec743d7b8d0cc762385bf7b3f3e1cbfc06900,smd_3B02,94,Jackie  Blumenthal,685,95.80%,1,TRUE,FALSE,655,91.61%,2,715
50065,1,Melissa Lane,a4177e4bfeba0a7b849e436450513c4a0edfe3385691182d91aa0817,smd_3B03,95,Melissa Lane,755,96.18%,1,TRUE,FALSE,725,92.36%,2,785
50066,1,Elizabeth Elson,46b29a5d978a37a15ee997f346bfed654c1cd69e9d97d0d55742161a,smd_3B04,96,Elizabeth J Elson,875,93.68%,1,TRUE,FALSE,816,87.37%,2,934
50067,1,Brian G. Turmail,154134970afe4d92b3b51185653d18b976b68922d34d9eaa1d6a84d4,smd_3B05,97,Brian G Turmail,785,96.56%,1,TRUE,FALSE,757,93.11%,2,813
50068,1,Lee Brian Reba,5491650e2fc1fc0f8ee84e2d6134bf8919c1cca1f92f50e97e5cb5ac,smd_3C01,98,Lee Brian Reba,755,94.26%,1,TRUE,FALSE,709,88.51%,2,801
50069,1,Jason Fink,e71dc6bf3199e85864794e3b1ca4f1b1eb20a93d6e3b2397946c9a55,smd_3C02,99,Jason Fink,963,95.63%,1,TRUE,FALSE,919,91.26%,2,1007
50070,1,Janell Marie Pagats,2a56596b932f900b7aa12818418abc8e4cead76c661b16637e45575f,smd_3C03,100,Janell Pagats,847,96.47%,1,TRUE,FALSE,816,92.94%,2,878
50071,1,Meena Aladdin,2c90ebc206579e301515724f6a94f2d84e073e656bef6b8dffba6a99,smd_3C05,102,Meena Aladdin,85,7.08%,3,FALSE,FALSE,,,4,1201
50072,1,Trish Berman,85631db31b0993e81411fdebd047488f698eca87505bbad03627ac64,smd_3C05,102,Trish Berman,533,44.38%,2,FALSE,FALSE,,,4,1201
50073,1,Sauleh A. Siddiqui,94bcd86cb01050f6369358fdfe415ac7d6c0a891b14c8a8ea8a73059,smd_3C05,102,Sauleh A Siddiqui,577,48.04%,1,TRUE,FALSE,44,3.66%,4,1201
50075,1,Nancy J. MacWood,e118a3d98f7ff015470d2d45f357e8bc50cef82e5ca6b5b142ffdda5,smd_3C09,106,Nancy J. MacWood,782,93.76%,1,TRUE,FALSE,730,87.53%,2,834
50076,1,Caroline Jane Croft,3a1ef3f27d7bdc2a564d7dfb5dbd32c03d553a93b812bb899030b3bf,smd_3D01,107,Caroline Croft,332,34.91%,2,FALSE,FALSE,,,3,951
50077,1,Chuck Elkins,13c404e5676460556fd2e25f45793a0643be631df7eae13b4f3f04d4,smd_3D01,107,Chuck Elkins,615,64.67%,1,TRUE,FALSE,283,29.76%,3,951
50079,1,Paige Ela,c183928331cc8050ee9790073b321498cc0e9cc39a63c99fcd3d6427,smd_3D03,109,Paige Ela,648,93.37%,1,TRUE,FALSE,602,86.74%,2,694
50080,1,Michael Sriqui,83e4f1e66f5d368305530eae38c75d14faca98f519630db6db72d06a,smd_3D04,110,Michael Sriqui,817,95.11%,1,TRUE,FALSE,775,90.22%,2,859
50081,1,Christian Damiana,7318ac619d1bd0035f9e83712efeb5d2749d0f4d90fdfc1ab7adf737,smd_3D07,113,Christian Damiana,21,100.00%,1,TRUE,FALSE,21,100.00%,2,21
50082,1,Benjamin Bergmann,f91145d615a2af2dcc003ff623a94e2f6983294bcb700300bd1224b9,smd_3D08,114,Ben Bergmann,500,68.87%,1,TRUE,FALSE,283,38.98%,3,726
50083,1,Doreen Moses,e3ca0e34fa273ba522eba10c85a5ffa372cb095df3fc2302e61147c1,smd_3D08,114,Doreen Moses,217,29.89%,2,FALSE,FALSE,,,3,726
50085,1,J.P. Szymkowicz,d1b44625420fced27bbfd9ad71949cda2a06d4c634244617ffda477f,smd_3D09,115,J.P. Szymkowicz,654,94.51%,1,TRUE,FALSE,616,89.02%,2,692
50087,1,Jeremy Del Moral,65d6984f9d647f4166b7152b737b5211d04e393a3553e3379cb1b1ab,smd_3D10,116,Jeremy L. Del Moral,194,94.17%,1,TRUE,FALSE,182,88.35%,2,206
50088,1,Matthew Cohen,f3cc613ba9fff04e44270470fe5b5f345ad9af97d829d35ce65261cc,smd_3E01,117,Matthew Cohen,835,94.89%,1,TRUE,FALSE,790,89.77%,2,880
50090,1,Tom Quinn,dedae62285e3f044a5620edf19819522a5d22581b051f8d824520de2,smd_3E04,120,Tom Quinn,853,92.12%,1,TRUE,FALSE,780,84.23%,2,926
50091,1,Jonathan McHugh,0be3b2fd5c86de18b1903cbd9df1656d299c44041a0bb7c96c52c7ae,smd_3E05,121,Jonathan McHugh,581,92.96%,1,TRUE,FALSE,537,85.92%,2,625
50092,1,David Cristeal,e0cbdaf29c79c7d144ea7b114d03fa74988f58f06ca1862c751b4c3f,smd_3F01,122,David Cristeal,704,96.84%,1,TRUE,FALSE,681,93.67%,2,727
50094,1,"Dipali (""Dipa"") Mehta",3b6f721275afdaab23169dafdad76150319cc2deb212b822fd9660e6,smd_3F03,124,Dipa Mehta,887,96.62%,1,TRUE,FALSE,856,93.25%,2,918
50095,1,Monika Nemeth,31f95c1fe470e9149c266cec445504171bdca12706c69ca184db4f73,smd_3F06,127,Monika Nemeth,866,96.44%,1,TRUE,FALSE,834,92.87%,2,898
50097,1,Lisa R. Gore,bb4ed74d3a047fe23d09a1fe3d455c15002797981a88e613b7d47269,smd_3G01,129,Lisa R Gore,641,66.70%,1,TRUE,FALSE,348,36.21%,3,961
50098,1,Lucinda A. Wade,c3ffb724267a7461f28912b2dd5279a06d35066680c3c78c1a6fe8d6,smd_3G01,129,Lucinda (Cindy) Wade,293,30.49%,2,FALSE,FALSE,,,3,961
50099,1,John K. Higgins,802dc8aa0aee51c72ddcee1c0ba6eaa4d90c5c59f669a3e501edff04,smd_3G02,130,John K Higgins,833,94.66%,1,TRUE,FALSE,786,89.32%,2,880
50100,1,Randy Speck,08970cb463d4b333b0a388e051d4fb3cce4aa759a6bc290bf3627792,smd_3G03,131,Randy Speck,976,96.73%,1,TRUE,FALSE,943,93.46%,2,1009
50101,1,Connie K.N. Chang,c7a5d2afe4757dbf02a94d599a1d62c3140879385d6b28dab51263ee,smd_3G05,133,Connie K. N. Chang,957,95.13%,1,TRUE,FALSE,908,90.26%,2,1006
50102,1,Chris Fromboluti,1a69cd847067aede5eca57e076a82756f60b1335b15d1f2cd790d020,smd_3G07,135,Chris Fromboluti,754,97.29%,1,TRUE,FALSE,733,94.58%,2,775
50103,1,Stacey Lincoln,05296f94adf11be4219cd20a5635a517efd87aaffd1dbe4d8bf51e12,smd_4A02,137,Stacey Lincoln,884,67.38%,1,TRUE,FALSE,468,35.67%,3,1312
50104,1,Merrit P. Drucker,4200929466acb46247707072e644bb528e02e7941176587d68fa89d3,smd_4A02,137,Merrit P. Drucker,416,31.71%,2,FALSE,FALSE,,,3,1312
50105,1,"Jes'Terieuz ""JT"" Howard",f078f9535db75aadf461b9f649c0bf65cde8765d177eaaecd14d0c70,smd_4A04,139,"Jes Terieuz ""JT"" Howard",257,26.31%,2,FALSE,FALSE,,,3,977
50107,1,Pavan Ishwar Khoobchandani,5bd911be6cde769a3fd740351232f33fc6dcd5c12f6f596db56df0a4,smd_4A08,143,Pavan Ishwar Khoobchandani,1074,97.28%,1,TRUE,FALSE,1044,94.57%,2,1104
50108,1,Evan Yeats,8495407bbb407a9c3027227d93d090c3e1452d36824253977b4b758a,smd_4B01,144,Evan Yeats,1137,96.85%,1,TRUE,FALSE,1100,93.70%,2,1174
50109,1,Erin Palmer,3e28b7e92e648cc7f1327ba56fb7b01c76c9d50b3ff1601274827fa1,smd_4B02,145,Erin Palmer,970,98.28%,1,TRUE,FALSE,953,96.56%,2,987
50110,1,Jocelynn 'JJ' Johnson,59c35ca1ff3c01abc2c0b6db4cc10b64b6531fb15822439f48849da0,smd_4B03,146,"Jocelynn ""J.J."" Johnson",562,53.17%,1,TRUE,FALSE,95,8.99%,3,1057
50111,1,Laurence B Minor II,5139cdb9225a5233b8749ee0faedc0ab082e6578daf28250d5a884cc,smd_4B03,146,Laurence B Minor II,467,44.18%,2,FALSE,FALSE,,,3,1057
50112,1,Tiffani Nichole Johnson,dad234295f66b06e8bf2755ced24a6c216cfb8727464ebd055ebab16,smd_4B06,149,Tiffani Nichole Johnson,1140,97.52%,1,TRUE,FALSE,1111,95.04%,2,1169
50113,1,La Roya A. Huff,e249b399c8a8fa668d299015e6ce21cb2ea3e32c5c9a53c064544ff8,smd_4B09,152,LaRoya A. Huff,883,63.07%,1,TRUE,FALSE,371,26.50%,3,1400
50114,1,Tischa Cockrell,547dd2e5f5544c63efdf7d71795e03d0150886ed5611e7194e532b5e,smd_4B09,152,Tischa Cockrell,512,36.57%,2,FALSE,FALSE,,,3,1400
50115,1,Vanessa Rubio,bc01f710ad11e009dc38403ee69ff1bd231ac5c06f86c03073a78b84,smd_4C01,153,Vanessa Rubio,524,62.16%,1,TRUE,FALSE,218,25.86%,3,843
50116,1,Taalib-Din Uqdah,e221a3db2a07c01ede820d2867d36177798cf8eb758d6f60979462db,smd_4C01,153,Taalib Din Uqdah,306,36.30%,2,FALSE,FALSE,,,3,843
50117,1,Maria Barry,2f10b13aa9362dfbc32425f4dac2d4f7073ff33cbd2c5f5748b27ae4,smd_4C02,154,Maria Barry,733,65.74%,1,TRUE,FALSE,366,32.83%,3,1115
50118,1,Ulysses E. Campbell,d9875a2571d31a76b456fc6c25961d89e8d040edb0d3611837ef83c8,smd_4C03,155,Ulysses E. Campbell,488,54.34%,1,TRUE,FALSE,97,10.80%,3,898
50119,1,Yvette D. Marbury-Long,36936ecb86e7cd55a8ae76051345151d7ce0e7a25a7d6ba47c821f44,smd_4C04,156,Yvette D. Marbury-Long,352,62.75%,1,TRUE,FALSE,224,39.93%,4,561
50120,1,Mike Whelan,2d0abfcb7d77553de4e7e2aa27c910d7b29e944e1cbdab67d46af5d5,smd_4C06,158,Mike Whelan,393,34.50%,2,FALSE,FALSE,,,3,1139
50121,1,Namatie Sia Mansaray,b0e70b24f8985b9f9e517790ef0a2c73386460ed72895921fee2813f,smd_4C06,158,Namatie Sia Mansaray,735,64.53%,1,TRUE,FALSE,342,30.03%,3,1139
50122,1,Charles Andrew Sinks,3edc0bcd5c4635ea837a08feba0e670dc60b2a802907580a8019f864,smd_4C08,160,Charlie Sinks,444,41.73%,2,FALSE,FALSE,,,3,1064
50123,1,Alan Wehler,7973f65263bb41a6f681c52917021b7d51d73d691f826afe05d0b4f2,smd_4C09,161,Alan Wehler,808,94.95%,1,TRUE,FALSE,765,89.89%,2,851
50124,1,Monica P. Blair,7927bc5bda0454fcb992b4dfdc942ae4d695e9054af3ef3e11365f49,smd_4C10,162,Monica P. Blair,524,47.42%,2,FALSE,FALSE,,,3,1105
50125,1,Jonathan Nobil,e0924ac1294a416abf16ef3bf2682e83ab65debc269f0d33340b4c64,smd_4D06,168,Jonathan Nobil,849,96.48%,1,TRUE,FALSE,818,92.95%,2,880
50126,1,"Damion McDuffie, Sr.",44265d0362522be1512be5eeaf03196ba662f4e46941dea0c4b7a286,smd_5A01,169,"Damion B. McDuffie, Sr.",1130,96.33%,1,TRUE,FALSE,1087,92.67%,2,1173
50127,1,Emily Singer Lucio,072969a67c03fbcee6ce1bb96a5352f6d137084341dd373f88f6981b,smd_5A03,171,Emily Singer Lucio,1015,96.03%,1,TRUE,FALSE,973,92.05%,2,1057
50128,1,Nestride Yumga,d23c5a641f739b7f469b7f28029dcdfc635fcb287f9bd0738d2666e4,smd_5A08,176,Nestride Yumga,253,18.08%,2,FALSE,FALSE,,,3,1399
50129,1,Gordon-Andrew Fletcher,44075ee11e914937b37afd44e7352b299f3d08e9490d1d1605189313,smd_5A08,176,"Gordon-Andrew ""The People's Champion""",1127,80.56%,1,TRUE,FALSE,874,62.47%,3,1399
50130,1,Gayle Carley,49e8e404801383762bbb49adbc8c89949ca2938e99f8876b36dab1b5,smd_5B01,177,Gayle E. Carley,1056,78.69%,1,TRUE,FALSE,781,58.20%,3,1342
50133,1,Ursula Higgins,6e7298fd915f25f8784f7654031f9f4926038dbd25c647f0ff71bbe3,smd_5B02,178,Ursula Higgins,1060,94.06%,1,TRUE,FALSE,993,88.11%,2,1127
50134,1,Ra Amin,a36c6cd0011c818e5ca0cee688bc255fb40c2c517906c2121fd15fa2,smd_5B04,180,Ra Amin,1162,95.87%,1,TRUE,FALSE,1112,91.75%,2,1212
50135,1,"John J. Feeley, Jr.",7861ccf338ef91b8b229ba193d9e58ce48b1ecc35db8932f62a6ca4b,smd_5B05,181,"John J. Feeley, Jr.",568,47.14%,2,FALSE,FALSE,,,3,1205
50136,1,Gail Brevard,aceaceedb63b60817309f947c271c0fc5270b177f783a632b4f9a394,smd_5C01,182,Gail A. Brevard,623,56.03%,1,TRUE,FALSE,149,13.40%,3,1112
50137,1,Michael Triebwasser,f77c0dd4507152fda311020cccd34c6bfd3a08706d3a354d5307ee3f,smd_5C01,182,Michael Triebwasser,474,42.63%,2,FALSE,FALSE,,,3,1112
50138,1,Lauren Rogers,ae5a38e1b992a7c6fa5c336bb9d9671e048ab2149dc5cce44509e28d,smd_5C02,183,Lauren Rogers,507,55.23%,1,TRUE,FALSE,110,11.98%,3,918
50139,1,Pierre Hines,d1b97aea73c2cbd2eecec59929bb5008ac235d0836e983b5037acd41,smd_5C03,184,Pierre Hines,1467,96.32%,1,TRUE,FALSE,1411,92.65%,2,1523
50140,1,Jacqueline Manning,85f2f97b5f76919e6d167a4c3350679c4ae730e9886823965c142568,smd_5C04,185,Jacqueline Manning,889,96.21%,1,TRUE,FALSE,854,92.42%,2,924
50141,1,Thaddeus James,3a5bf2e21faf40c5854ecc1db48776ec938f95d63f7bafc6fbb255a8,smd_5C06,187,Thaddeus James,354,41.45%,2,FALSE,FALSE,,,3,854
50143,1,Jeremiah Montague Jr.,88f3ffc40a6794b2c3f6181d6378c820546e24d0d84802107044c006,smd_5C07,188,Jeremiah Montague Jr,954,96.27%,1,TRUE,FALSE,917,92.53%,2,991
50144,1,Sebrena L. Rhodes,b53e1028b413101d0f95d51acedf8861cb6ce0b3c141f4465ead5dcb,smd_5D01,189,Sebrena L. Rhodes,851,95.62%,1,TRUE,FALSE,812,91.24%,2,890
50145,1,Salvador Sauceda-Guzman,dbc4b189676ca027e66acaee2b136835d8e3466297b31ea8f18e95d0,smd_5D02,190,Salvador Sauceda-Guzman,772,94.72%,1,TRUE,FALSE,729,89.45%,2,815
50146,1,Sean Barry,46de7b948255df78e85aa12ab4424c22087da066a334b747cd9e77ce,smd_5D03,191,Sean Barry,325,32.31%,2,FALSE,FALSE,,,4,1006
50147,1,James Butler,b9335dbc383a762be13d49fe8d95e2c44d881592970cc7141bc712f5,smd_5D03,191,James Butler,188,18.69%,3,FALSE,FALSE,,,4,1006
50148,1,Latoya Moore,9d4fc302008f30246447445a998ecaa0a59abf04ca74893cb7b0aff4,smd_5D03,191,Latoya R. Moore,484,48.11%,1,TRUE,FALSE,159,15.81%,4,1006
50149,1,Bernice S Blacknell,f70219ebc9d65daddea032f057a9d45bd3e4896e0390cab72d427152,smd_5D04,192,Bernice S Blacknell,616,97.16%,1,TRUE,FALSE,598,94.32%,2,634
50150,1,Kathy Henderson,169ef9892cd2e807aaf1cd399db6e23802a8b1f2a674fbfd065628da,smd_5D05,193,Kathy Henderson,396,47.26%,2,FALSE,FALSE,,,3,838
50151,1,Sydelle Moore,f7dd6fc22c57dd50b15e0db3c07218fe1af71454a93e909fc053e82a,smd_5D05,193,Sydelle Moore,432,51.55%,1,TRUE,FALSE,36,4.30%,3,838
50152,1,Zachary Hoffman,c8850d91633b832fca8652b74ccdc93644933bc30958df7cf24a9897,smd_5D06,194,Zachary Hoffman,557,45.69%,1,TRUE,FALSE,160,13.13%,4,1219
50153,1,Stephen Cobb,d90a1d8ca6058a8fd525d822ee053d56639088bd29cf2e15ea39553e,smd_5D07,195,Stephen Cobb,860,94.71%,1,TRUE,FALSE,812,89.43%,2,908
50154,1,Patricia Williams,27c9a8a2d1ee78fd8b28b8aeeaffee8c9871c4e8dcc2b0b471919798,smd_5E02,197,Patricia L. Williams,614,97.15%,1,TRUE,FALSE,596,94.30%,2,632
50155,1,Denise L. Wright,1ad0d3b51b08c5af0fac9b480625a877c03debf8222ed960f733c41c,smd_5E03,198,Denise L. Wright,1130,64.24%,1,TRUE,FALSE,528,30.02%,3,1759
50156,1,Sylvia M. Pinkney,7d5aba831a57fbd6d853840d18c97fde4db2029105505021c542dfc8,smd_5E04,199,Sylvia M. Pinkney,970,78.35%,1,TRUE,FALSE,723,58.40%,3,1238
50157,1,Karla M. Lewis,ed3b4f17016b414a19a70a8ad7664c3780b8138d9f9184614fc043c3,smd_5E06,201,Karla M. Lewis,935,95.21%,1,TRUE,FALSE,888,90.43%,2,982
50158,1,Sharon Burns,60f83949404bfb9ba65d9972950f627b3cf8d2de2b6259ee9bf42df5,smd_5E07,202,Sharon Burns,337,30.22%,2,FALSE,FALSE,,,3,1115
50159,1,Robert Vinson Brannum,f8fa51a7ebf3d04d6dce765955f2669058459dd0becf8a043ef4fc66,smd_5E08,203,Robert Vinson Brannum,825,94.50%,1,TRUE,FALSE,777,89.00%,2,873
50160,1,Dianne Barnes,7c9da633efd45d1a0c911ea5e677796b21565eee604ddc90fffb4aa9,smd_5E09,204,C Dianne Barnes,554,52.51%,1,TRUE,FALSE,291,27.58%,4,1055
50161,1,Kirby Vining,b0f9707198be5feace954171aaf84e898442a27e1636b674636daf1a,smd_5E09,204,Kirby Vining,225,21.33%,3,FALSE,FALSE,,,4,1055
50162,1,Keya Chatterjee,5a3f9f13d81c383bb33693baa771bbc3451b5148bfe92f5e7fdb9d3c,smd_6A01,206,Keya Chatterjee,703,54.41%,1,TRUE,FALSE,133,10.29%,3,1292
50163,1,Marie-Claire Brown,87576a3d513833472f5756a29187ab8838281842e73ea818a72d1809,smd_6A01,206,Marie-Claire Brown,570,44.12%,2,FALSE,FALSE,,,3,1292
50164,1,Phil Toomajian,85ac7985b7113f602b2f6b40d79c06b8c441b8d4c929247e24352e8f,smd_6A02,207,Phil Toomajian,873,93.37%,1,TRUE,FALSE,811,86.74%,2,935
50166,1,Michael Soderman,3d9437e8ada7c2a0ddd48e8ac6e032cc74b0d2e4d51923f88f818a54,smd_6A03,208,Michael Soderman,947,94.89%,1,TRUE,FALSE,896,89.78%,2,998
50167,1,Ali Gardezi,9b66476f030f56bb68d3f49d59656f684a2ad99f3812758786407767,smd_6A04,209,Ali Gardezi,252,19.61%,2,FALSE,FALSE,,,3,1285
50168,1,Amber Gove,50a35b492d90c34cd0bcabdbecf763e723cb038e026cdce32e8a097f,smd_6A04,209,Amber Gove,1022,79.53%,1,TRUE,FALSE,770,59.92%,3,1285
50169,1,"H.J. Amons, Sr.",3c730e103fb0bf3b7f2226301c485805e1869ad006f93d203d7d76bf,smd_6A06,211,"H.J. Amons, Sr",91,7.10%,3,FALSE,FALSE,,,4,1281
50170,1,Robb Dooling,ee8a31b72f7deeccd3f409401fe5a2021fc6f5cf9f6e975e8c254013,smd_6A06,211,Robb Dooling,621,48.48%,1,TRUE,FALSE,61,4.76%,4,1281
50171,1,Kate Robinson,7ffa806d6c5c7dbdd24743fb6e2811f2b8c163803fff5e3e9621afbb,smd_6A06,211,Kate Robinson,560,43.72%,2,FALSE,FALSE,,,4,1281
50172,1,Sondra Phillips-Gilbert,2c364145541e30b85ef28b03e819dcb862303e93bf6d80248083b325,smd_6A07,212,Sondra Phillips-Gilbert,648,61.89%,1,TRUE,FALSE,326,31.14%,4,1047
50173,1,Daniel M. Lee,85ecb1297a306c8bc0f6fa56e7dda66dc534d46d82a57624196952c0,smd_6A07,212,Daniel M. Lee,322,30.75%,2,FALSE,FALSE,,,4,1047
50174,1,Brian Alcorn,830bd05713caf4b5ea4511d7e303ae8025f24c53ac5aab855e4eb2da,smd_6A08,213,Brian Alcorn,1025,94.56%,1,TRUE,FALSE,966,89.11%,2,1084
50175,1,Gerald Sroufe,4ba21bc2378db58a20361db275eb4f54bac76a7fad8bc8da3a5e86be,smd_6B02,215,Gerald Sroufe,893,94.50%,1,TRUE,FALSE,841,88.99%,2,945
50176,1,Gerardo Mijares,b534430554d4d15affc433ebef1ef4d3d2ccc25fa2442b80367843bf,smd_6B03,216,Gerardo Mijares,283,25.94%,2,FALSE,FALSE,,,3,1091
50177,1,Brian Ready,af70e50e78949a6d2101e6c415f216c68b61bbcbcbdbbddd78e94608,smd_6B03,216,Brian Ready,788,72.23%,1,TRUE,FALSE,505,46.29%,3,1091
50178,1,Kirsten Oldenburg,e318015d759a532f7c0c850f353281842e6b305f053b434ad79f9ac7,smd_6B04,217,Kirsten Oldenburg,840,94.59%,1,TRUE,FALSE,792,89.19%,2,888
50179,1,Corey Holman,1517ed5f34ee8200194cefac2d575ead1ecae8d2b3dc1465aebc9156,smd_6B06,219,Corey Holman,1186,96.66%,1,TRUE,FALSE,1145,93.32%,2,1227
50180,1,Paul Blair,4e3d500dfb2c18e4a2c9d699f7362ee9b6eb80f14c981a755e626e23,smd_6B08,221,Paul Blair,241,22.71%,2,FALSE,FALSE,,,3,1061
50182,1,R. Andr Speaks,78377f7dbe2b08ef3dd3502634a570d09e38337626fc49ea0c6bd49e,smd_6B09,222,R. Andr Speaks,528,38.88%,2,FALSE,FALSE,,,3,1358
50183,1,Christine Healey,96e31ccc906fcf1f4e0713d9d21651bb0243d55ae3d2d7a79313354a,smd_6C01,224,Christine Healey,776,95.57%,1,TRUE,FALSE,740,91.13%,2,812
50184,1,Karen Wirt,bc20e56b26b0cd5d6a1147afe184a54781aa9d0b8805efd06dbb9c7c,smd_6C02,225,Karen Wirt,479,93.92%,1,TRUE,FALSE,448,87.84%,2,510
50185,1,Jay Adelstein,f85a894184bb801e92cd10b3a757372dd6c89db721ab30090d091ab5,smd_6C03,226,Jay Adelstein,1048,95.36%,1,TRUE,FALSE,997,90.72%,2,1099
50186,1,Mark Eckenwiler,fef1af28a47e4d6a2caa74b746660eef4b499fe43609a7479d98e24d,smd_6C04,227,Mark Eckenwiler,1108,90.89%,1,TRUE,FALSE,997,81.79%,2,1219
50188,1,Joel Kelty,84edb33a0a2bed21dd3e52fbee27bae82485e5deaeaefc9bca8b3beb,smd_6C05,228,Joel Kelty,1354,94.69%,1,TRUE,FALSE,1278,89.37%,2,1430
50190,1,Drew Courtney,014cac4dd905f3c85a0b269bf43a352ebe04c08b102b7ab7c286cf27,smd_6C06,229,Drew Courtney,2848,96.71%,1,TRUE,FALSE,2751,93.41%,2,2945
50192,1,Ronald R. Collins,c62c4224b689687a162a97b11731b9c4177afdf80ecf4e309b9e176c,smd_6D03,232,Ronald Collins,780,94.78%,1,TRUE,FALSE,737,89.55%,2,823
50193,1,Andy Litsky,e4d3a374dfcf85028220dbf0963ec9ff43e9e5121beeccca814d5953,smd_6D04,233,Andy Litsky,1316,96.13%,1,TRUE,FALSE,1263,92.26%,2,1369
50194,1,"Fredrica ""Rikki"" Kramer",154de7e1905ffd769138b98f0df6b1de66c0554772b9b28aa13e5931,smd_6D05,234,"Fredrica (""Rikki"") Kramer",1178,95.62%,1,TRUE,FALSE,1124,91.23%,2,1232
50195,1,Rhonda N. Hamilton,8a168930fa4b70bd433d00df05cc7e2e4445a959d6e353010bae4a70,smd_6D06,235,Rhonda Natalie Hamilton,1008,96.37%,1,TRUE,FALSE,970,92.73%,2,1046
50196,1,Edward Daniels,e03a1c254580e46525a9b4d6ef204bab0f12b2245880860e9c5d1c9e,smd_6D07,236,Edward Daniels,2053,65.89%,1,TRUE,FALSE,1068,34.27%,3,3116
50197,1,Michael Eichler,4d36978bddea1fcabb5f4bb928083fb65f9c08db0c19d00224cb28ff,smd_6E01,237,Michael Eichler,1123,95.74%,1,TRUE,FALSE,1073,91.47%,2,1173
50200,1,Tony Brown,bae51d965ea6e0dfa4245fd17e15cbc451fe372bdc8412155a479c6a,smd_6E02,238,Tony Brown,344,32.30%,2,FALSE,FALSE,,,4,1065
50201,1,Alex Lopez,9cfa500348d16f453541ec28582e89d929ee3d6ea5892d996036ff0a,smd_6E02,238,Alex Lopez,494,46.38%,1,TRUE,FALSE,150,14.08%,4,1065
50202,1,Valerie Randolph,863866882a2b320b4b3cd7fd90cc60ec6563956260b86f910ef4537d,smd_6E02,238,Valerie Randolph,221,20.75%,3,FALSE,FALSE,,,4,1065
50205,1,"Nate Brown ""MW6""",c3099a2444a5724ddabc459ca202e651546caf6a5a791d358d3990d2,smd_6E07,243,"Nate Brown ""Mw6""",389,36.59%,2,FALSE,FALSE,,,3,1063
50206,1,Kevin M. Rogers,a112807b4559139a77023c36faa7cf5fc7b1a21ceae399b7c07ae6f9,smd_6E07,243,Kevin M. Rogers,655,61.62%,1,TRUE,FALSE,266,25.02%,3,1063
50207,1,Chioma J. Iwuoha,5c3624c4c0a33fd119712d05ce5b6143d85141ad71498f0171749ce1,smd_7B01,244,Chioma J. Iwuoha,515,49.57%,1,TRUE,FALSE,2,0.19%,3,1039
50208,1,Tiffany L. Brown,22fdb2de7fe2a9e5351f3f5c84ffb37c8929d4391a19aebf0772f3f2,smd_7B02,245,Tiffany L. Brown,790,75.74%,1,TRUE,FALSE,543,52.06%,3,1043
50209,1,"Villareal ""VJ"" Johnson II",5da0bcf9bf3d150e5276a3e868f10b7064b42acd5ef24f12f4767a1a,smd_7B05,248,"Villareal ""VJ"" Johnson",410,41.62%,2,FALSE,FALSE,,,3,985
50210,1,Donna Robinson,438423cf8c12ff8e76d0595e8d902c7405cc573b25fe579559ff9ffe,smd_7B05,248,Donna Robinson,562,57.06%,1,TRUE,FALSE,152,15.43%,3,985
50211,1,Tony Dugger,7bd26c5159e5ea4fa2c284ccc1377a347df39484eee14ad74c1d1476,smd_7B06,249,Tony Dugger,390,30.35%,2,FALSE,FALSE,,,4,1285
50212,1,Andrew Carlyle Haynesworth,6694fe240277a4a600a6dce285c8b611cf5c54baf5ed2ed13ea32d06,smd_7B06,249,Andrew Carlyle Haynesworth,73,5.68%,3,FALSE,FALSE,,,4,1285
50213,1,Patricia A. Malloy,949602ad3c430f5ea3dd9ed4235fd0507f6ba04050dcf7785414c093,smd_7C01,251,Patricia Malloy,883,95.77%,1,TRUE,FALSE,844,91.54%,2,922
50214,1,Mandla Deskins,b02c7e764003bd71dfe87f1e63f823a6f009f4a45744df67165d1112,smd_7C02,252,Mandla Deskins,180,22.03%,3,FALSE,FALSE,,,4,817
50215,1,Yolanda Fields,34056ec8ad42d98e546e76336c5ecc40b2c9a77a6add57af3d246c91,smd_7C02,252,Yolanda Fields,360,44.06%,1,TRUE,FALSE,95,11.63%,4,817
50216,1,Patricia Williams,435d231ec5bb7d50e69399f77b8e95e69ab9e970ddc63a4e8894715a,smd_7C02,252,Patricia Williams,265,32.44%,2,FALSE,FALSE,,,4,817
50217,1,Vince Van,7e6eff492c2dcca912c54ae1dc711dd7f1f0f4e238a005ecf93239e8,smd_7C03,253,Vincent Van,761,96.45%,1,TRUE,FALSE,733,92.90%,2,789
50219,1,Anthony Lorenzo Green,94aa6bf43202356ced3ffe79b90da22607bd8a1d821ed4a296390eb0,smd_7C04,254,Anthony Lorenzo Green,505,53.84%,1,TRUE,FALSE,88,9.38%,3,938
50221,1,Mary L. Gaffney,c44aac188bbf7b6ff6e29ae58f57ee45e744063191a429d8b22a40c7,smd_7C05,255,Mary L. Gaffney,927,95.86%,1,TRUE,FALSE,887,91.73%,2,967
50222,1,Victoria Clark,1fde94fcdbdc78aad7215a1703ee4044721ccb5c20016ec6b8b2269b,smd_7C06,256,Victoria Clark,728,96.68%,1,TRUE,FALSE,703,93.36%,2,753
50223,1,Emmanuelle Klossou,789a80ffb14dd37669d4e4dd9c1fc508651e37fd1a174dcc5400cfc8,smd_7C07,257,Emmanuelle Klossou,215,21.94%,2,FALSE,FALSE,,,3,980
50224,1,Antawan Holmes,8580f2ec11725b2108b5f5d5cb897e6ab50f6d90f91d3dcf7b29d546,smd_7C07,257,Antawan Holmes,760,77.55%,1,TRUE,FALSE,545,55.61%,3,980
50225,1,Tamara Blair,f6b1cb4ffaac7e57b070b5c0c52fdb95bc4945e9ba7b4e877fdd5efd,smd_7D01,258,Tamara Blair,988,96.11%,1,TRUE,FALSE,948,92.22%,2,1028
50226,1,Dorothy Douglas,af224c141be0fe6046b40afa581610d773d09abe86b48519eaeeedde,smd_7D03,260,Dorothy Douglas,562,98.42%,1,TRUE,FALSE,553,96.85%,2,571
50227,1,Milton Hardy,c98b6458e1d4cf4ab96c3f1b57b4027af1818ee06b69e0788700d2f2,smd_7D04,261,Milton Hardy,992,94.75%,1,TRUE,FALSE,937,89.49%,2,1047
50228,1,Rebecca J. Morris,ecaa5dcd752c3e5285ae8a98bfe8019e72c9cce5bbfaca627430cdb3,smd_7D06,263,Rebecca J. Morris,806,96.30%,1,TRUE,FALSE,775,92.59%,2,837
50229,1,Natasha Dupee,deb5e54ddfd46cd4e2cb518700d5faf834a9c3197d34c88efca7393f,smd_7E04,268,Natasha Dupee,486,42.41%,1,TRUE,FALSE,42,3.66%,4,1146
50230,1,Lorraine Miller,a484fdc10554373b456e6475396d3c03f31da49d6826bcd94c236707,smd_7E04,268,Lorraine Miller,200,17.45%,3,FALSE,FALSE,,,4,1146
50231,1,Keith Hasan-Towery,e24a0e9f73a4886846f1a05691ccd289f93fca98df9719459afe4ac7,smd_7E04,268,Keith Hasan-Towery,444,38.74%,2,FALSE,FALSE,,,4,1146
50232,1,Joel Savary,a6b59a3e40b8cff385ea2d19ce5ea68e79e8d2f8f9e7d6dc234f3465,smd_7E06,270,Joel Savary,228,25.45%,2,FALSE,FALSE,,,3,896
50233,1,Brandon M. Scott,4a56cf7c028f128fa64e0c1e76f7d1201b0a64d0688984374f59e369,smd_7E07,271,Brandon M. Scott,335,34.32%,2,FALSE,FALSE,,,4,976
50234,1,Dawn R. Cook,dd115a7a7fbab63dc37f1418eb08750facc1c15be260e111f006a724,smd_7F02,273,Dawn R. Cook,437,39.91%,2,FALSE,FALSE,,,4,1095
50235,1,Racquel Codling,ca1b2fcf24ff27dda78518436c6c892a337db86a0520ecbc5abac2e5,smd_7F04,275,Racquel Codling,313,78.25%,1,TRUE,FALSE,232,58.00%,3,400
50238,1,Holly Muhammad,9db5b8624c2a26387f063842a0531dacf0694bcdb0d3ef9732f38117,smd_8A01,279,Holly Muhammad,888,93.97%,1,TRUE,FALSE,831,87.94%,2,945
50240,1,Moses Smith,e3d1524ef53f0964e203762d8848d66ffed00c74ce5460ff997ae881,smd_8A04,282,Moses Smith,245,41.32%,2,FALSE,FALSE,,,3,593
50241,1,Laneice Moore,1504b86ab6fb63d54e3888d928b0ded663e899882fd6e5aeb6d36d7d,smd_8A04,282,Laneice Moore,334,56.32%,1,TRUE,FALSE,89,15.01%,3,593
50242,1,Michael Grier,0fc9a9457eaf99c2aa2479cd8aebac1a52f7b7641009f162433a5398,smd_8A05,283,Michael Grier,273,28.77%,2,FALSE,FALSE,,,3,949
50243,1,Jamila White,453c088f1859c1f8cd442aeda762fdc92e1099cc41bc5deb747dd232,smd_8A05,283,Jamila White,666,70.18%,1,TRUE,FALSE,393,41.41%,3,949
50244,1,Aiyi'nah D. Ford,73a8fe6bec338359d46f8971f2c9e4c430a5c1cb4f70f538a389e4bd,smd_8A06,284,Aiyi'nah D. Ford,258,22.61%,2,FALSE,FALSE,,,5,1141
50245,1,Isaac Smith,1c23aaaf7c6ad95faea3946a02781eaf04e1ee28f59c21c7a654c353,smd_8A06,284,Isaac Smith,167,14.64%,3,FALSE,FALSE,,,5,1141
50246,1,Alyce K. McFarland,bd515e851240454f2a72e4b84a687f8869697f02d68b78e3e7a2fe62,smd_8B03,288,Alyce k. McFarland,287,33.22%,2,FALSE,FALSE,,,4,864
50247,1,Charles H. Wilson,9a72c179f4b4c0aef1f12f8e24d7e330be6298706889e41d07ceb699,smd_8B03,288,Charles H. Wilson,299,34.61%,1,TRUE,FALSE,12,1.39%,4,864
50249,1,Kevin B. Coleman,9beab7041571f83f197d4037880c3afe8ad663b77eca08aff3771eba,smd_8B04,289,Kevin B Coleman,569,94.99%,1,TRUE,FALSE,539,89.98%,2,599
50250,1,Betty Scippio,c20facbd5f6a3445886e654b4d6e5d9346b39e6d7551ccfa26ab932f,smd_8B05,290,Betty Scippio,217,37.87%,2,FALSE,FALSE,,,3,573
50251,1,Humam Abdulmalik,7e89ffc931e9eb2f18e9ff1e404b86b97e379daef1d167dad93a07c7,smd_8B06,291,Humam Abdulmalik,583,94.49%,1,TRUE,FALSE,549,88.98%,2,617
50252,1,Victoria Akinseye,39c960f0c37d83bb1657b8d216cb7fd00b2cecf98ee28d96e05d2d27,smd_8C02,294,Victoria Akinseye,424,58.97%,1,TRUE,FALSE,156,21.70%,3,719
50253,1,Tasha J. Powell,19b1ae7704222f581383547831b34172c76fc50fdda79633fd30285a,smd_8C03,295,Tasha J Powell,456,45.88%,1,TRUE,FALSE,137,13.78%,4,994
50254,1,Robbie Woodland,a28dc7337a6ea00632a54cf4f44752599ed2811acd657eda303688a2,smd_8C03,295,Robbie Woodland,191,19.22%,3,FALSE,FALSE,,,4,994
50255,1,Regina Sharlita Pixley,65d5b028c5c1d4125cb7fe38e4bffcbdb3b9fd3d68bda25ca6f31377,smd_8C04,296,Regina Sharlita Pixley,259,27.15%,2,FALSE,FALSE,,,4,954
50259,1,Salim Adofo,e3f0207cc2c28026481a01f8f9d76f37b67aec96637133977cc168ee,smd_8C07,299,Salim Adofo,734,96.71%,1,TRUE,FALSE,709,93.41%,2,759
50261,1,Olivia L. Henderson,f6b3310573b1eaeed25fc135ab6ea6d386e3ff783cdd07a652cd2a17,smd_8D02,301,Olivia L Henderson,626,77.86%,1,TRUE,FALSE,458,56.97%,3,804
50262,1,Emerald Holman,29421688750ed7d7dd08d578136367a2b94175377b5d171cc51dcae3,smd_8D02,301,Emerald Holman,168,20.90%,2,FALSE,FALSE,,,3,804
50263,1,Monique T. Diop,031e7b2afdbba5e441bf9a101f559c94809269c291be5a2744e4ddf7,smd_8D04,303,Monique T. Diop,432,97.30%,1,TRUE,FALSE,420,94.59%,2,444
50266,1,LaVerne R. Glenn,f5e4bb78ddec655ce36e5414fa40f79e20bcc35a19a27b19af005422,smd_8D06,305,LaVerne R. Glenn,431,46.20%,2,FALSE,FALSE,,,3,933
50268,1,Cheryl Moore,adafb54bef17553c1012152c55f3e3327710eaad485e81474a4729c7,smd_8E02,308,Cheryl Moore,439,51.59%,1,TRUE,FALSE,134,15.75%,4,851
50269,1,Bruce Jones,3fd064999e5a1301f781cadedde0ed30ffd4ff2befc8b8a7d600be11,smd_8E02,308,Bruce Jones,98,11.52%,3,FALSE,FALSE,,,4,851
50270,1,Anthony Muhammad,3f967151a21328ea9244854d261749699fdd1b34d9ca17cb37044933,smd_8E02,308,Anthony Muhammad,305,35.84%,2,FALSE,FALSE,,,4,851
50272,1,Kendall Simmons,f3ec918ae9f5ae7cb3078fbf073ff80446825801ad8b66e368f93609,smd_8E04,310,Kendall Simmons,791,91.34%,1,TRUE,FALSE,716,82.68%,2,866
50273,1,Shaquan Hudson,6ce81c78f013eea91b0c559d4ed6401521fdf3c1ce197aab6420b721,smd_8E05,311,Shaquan Hudson,549,52.34%,1,TRUE,FALSE,67,6.39%,3,1049
50274,1,Brittany Geneva Cummings,95debcd7c4e2ba810f96aca322f8a01626c61bc0e2c8a5319ea61d7c,smd_8E06,312,Brittany Geneva Cummings,510,60.07%,1,TRUE,FALSE,193,22.73%,3,849
50275,1,"Jeannina ""W8 Matters"" Williams",aed0feb03fd0219ac42fee7f0a8c5a77c9c5bf9fb013f12a89ab4ff7,smd_8E07,313,"Jeannina ""Ward 8 Matters"" Williams",721,79.49%,1,TRUE,FALSE,544,59.98%,3,907
50276,1,Amir Irani,23e7b92bde6a7d6176e0c94dd754811de25cb044132084c78a89975a,smd_1C01,42,Amir Irani,990,96.40%,1,TRUE,FALSE,953,92.79%,2,1027
50278,1,William Herbig,4ada580d09881bfc79fc4618f33ffe1e6151a8f82fa1234e8da7bb47,smd_2B05,67,William Herbig,693,96.38%,1,TRUE,FALSE,667,92.77%,2,719
50279,1,Mike Silverstein,c11ae8ca0bef6288bc1813b66bde2d518f332c31c150d362354d8930,smd_2B06,68,Mike Silverstein,575,74.58%,1,TRUE,FALSE,390,50.58%,3,771
50280,1,Kishan Putta,97a9717da7305eb5cf08dc258373a2870237681fcb4cf7a4104dc98c,smd_2E01,77,Kishan Putta,605,94.24%,1,TRUE,FALSE,568,88.47%,2,642
50281,1,John Guggenmos,372bccf1e3a766361858c39b2e4b3aa64ad11308bd97af2e90469903,smd_2F02,86,John Guggenmos,713,97.54%,1,TRUE,FALSE,695,95.08%,2,731
50282,1,Patience R. Singleton,719ea5789fe383467b65e73952c2bc2bfa40ccd492dce0258f638453,smd_4A04,139,Patience R. Singleton,715,73.18%,1,TRUE,FALSE,458,46.88%,3,977
50283,1,Jeremy Foster,d30c739db11d22c11cf05dd2946c5c011603bdc3c6851282ff2dfeca,smd_4C04,156,Jeremy Foster,74,13.19%,3,FALSE,FALSE,,,4,561
50284,1,Audrey Anderson Duckett,766ff3ec755d7c200c303889860d9e614e57e17584c2d82eb552dbb5,smd_4C05,157,Audrey Anderson Duckett,677,96.85%,1,TRUE,FALSE,655,93.71%,2,699
50285,1,Jonah Goodman,2dfc6d733bb4cf95c4ceb2da45fa3243525bc0441f1182c5b178f6fc,smd_4C10,162,Jonah Goodman,560,50.68%,1,TRUE,FALSE,36,3.26%,3,1105
50286,1,Steven Reaves Couper,3364c348c258c3f1ab680c533470e1486d44730d750acf9204fbab1c,smd_5B01,177,Steven Couper,275,20.49%,2,FALSE,FALSE,,,3,1342
50287,1,Mary L. Farmer-Allen,a83723289e66fa5240fd1bfd963d3d3423842bd14004bd1d6afe8a47,smd_5E04,199,Mary L. Farmer-Allen,247,19.95%,2,FALSE,FALSE,,,3,1238
50288,1,Bradley Ashton Thomas,837078ca7c70ce50ab60337515b2cccf127d6b2a68b5e5029757ccb8,smd_5E05,200,Bradley A. Thomas,1116,96.46%,1,TRUE,FALSE,1075,92.91%,2,1157
50290,1,Rachelle P. Nigro,2040a585570db1c9072609266a885b8cd44c37c3003f86ee59004050,smd_6E04,240,Rachelle P. Nigro,1001,71.04%,1,TRUE,FALSE,608,43.15%,3,1409
50292,1,John F. Adams,51ce67a46699bf89eb73ce334771da9b20f12da75ea6a20c19b86297,smd_7B01,244,John F. Adams,513,49.37%,2,FALSE,FALSE,,,3,1039
50293,1,Betty J. Diggs,17b25018cfaf79246d97d93d9a1c1e24380a417c6497568b949f7e78,smd_7F06,277,Betty J Diggs,805,93.39%,1,TRUE,FALSE,748,86.77%,2,862
50296,1,Kwasi Seitu,7e4b98f954e1b30b0d5a435c25f835214c5ffc16d72a872d23ba4688,smd_8C01,293,Kwasi Seitu,482,94.51%,1,TRUE,FALSE,454,89.02%,2,510
50297,1,Kendrick Daniel,df922df4c1e321bd7f458f8010c2aea27887d6413248941980871d7d,smd_8C02,294,Kendrick Daniel,268,37.27%,2,FALSE,FALSE,,,3,719
50298,1,"Patricia ""Pat"" Carmon",f5190bed90d185fa63cafe5f47848099466794606f4a9246317ba22d,smd_8D01,300,Patricia (Pat) Carmon,506,69.70%,1,TRUE,FALSE,299,41.18%,3,726
50299,1,Absalom Jordan,ce7d4de848f937a467f0f3e54b31620e4ebbe9f2c4e491f4179f495b,smd_8D03,302,"Absalom ""AB"" Jordan",520,94.37%,1,TRUE,FALSE,489,88.75%,2,551
50300,1,Patricia Janifer,a2e0f20947a06f8ea2125b0a7cae09136b8e39b0734b5f827114e8d2,smd_8D07,306,Patricia Janifer,590,95.93%,1,TRUE,FALSE,565,91.87%,2,615
50301,1,"Shekita ""Ki-Ki"" McBroom",6075f385727c9982bb274b67e21f0948c7777464380d50121ffc4182,smd_8E01,307,Shekita 'Ki-Ki' McBroom,795,91.27%,1,TRUE,FALSE,719,82.55%,2,871
50302,1,"Karlene ""K"" Armstead",b9cb0cbe30e60d9a0ba92eeaca8c985d38087607e994d481df68841f,smd_8E06,312,Karlene (K.) Armstead,317,37.34%,2,FALSE,FALSE,,,3,849
50303,1,Layla Bonnot,e8195655180312077cb1e91cf408b100930da182291bc8053f979b8e,smd_1A01,18,Layla Bonnot,501,96.53%,1,TRUE,FALSE,483,93.06%,2,519
50304,1,Max Ewart,96c6ff0fc08b9c3f1cea51c7d6df8f11111621d230615f0582212549,smd_1B07,36,Max Ewart,507,94.41%,1,TRUE,FALSE,477,88.83%,2,537
50306,1,Ashley Warren,1b0070e870368ff9f3aa20ec08967bdb6ca2c04a006a33e5e43e0174,smd_2D01,75,Ashley Warren,395,67.18%,1,TRUE,FALSE,220,37.41%,3,588
50308,1,Rene L. Bowser,c8221da6b5679e3fa575cf352c1b1b6b5089275e0a2cac234f989f9a,smd_4D02,164,Rene L. Bowser,761,76.41%,1,TRUE,FALSE,533,53.51%,3,996
50309,1,Frank S. Wiggins,f12fe90e7b9a9f2799239fa22b87e9422574c2660b3eb640395a7340,smd_6E03,239,Frank S. Wiggins,672,97.25%,1,TRUE,FALSE,653,94.50%,2,691
50310,1,Terrance Hunter,0eef05dacfe5ed236fdb8d81e6192250f9d3917681115c5bcdd83654,smd_7F02,273,Terrance Hunter,548,50.05%,1,TRUE,FALSE,111,10.14%,4,1095
50311,1,C Exum,22f6f8c9e67bd926e5b2a02a4964343f5b5ff275d30a48c90b3d63b4,smd_7F04,275,C Exum,81,20.25%,2,FALSE,FALSE,,,3,400
50312,1,Karen Settles,b3a876ff6b6472729de3c68bc658959b29e6ca4fcf23da8bf37a55ab,smd_7F05,276,Karen Settles,334,38.04%,2,FALSE,FALSE,,,3,878
50313,1,"Robin ""Ward 8"" McKinney",513111c742b1e9528acd33ed7e95374fbec04a853d381d09dd2c4d75,smd_8A06,284,Robin Ward 8 McKinney,564,49.43%,1,TRUE,FALSE,306,26.82%,5,1141
50314,1,Reginia R. Summers,05605e03df51912c3494342b6428bd3eaa4e30da036d816d22c624db,smd_8C04,296,Reginia R Summers,151,15.83%,3,FALSE,FALSE,,,4,954
50316,1,Ryan Keefe,fdf55145fbe75e91a92299db44bdf5cde275e432926f954356e98ec5,smd_3F05,126,Ryan Keefe,203,23.80%,2,FALSE,FALSE,,,3,853
50317,1,Larry Handerhan,8648476a327d9c9b0ba2ee6e8d87da213a55b35133586715964a78ac,smd_1B01,30,Larry Handerhan,880,95.76%,1,TRUE,FALSE,841,91.51%,2,919
50318,1,Dan Wittels,f73ed601b0fed32abd48d88c6dd9c7848f24f41fec37dcc2d1b67769,smd_1B12,41,Dan Wittels,132,10.33%,3,FALSE,FALSE,,,4,1278
50319,1,John P. George,5b2b5939c868d24e86c25219b01b29b48a2c93309c7022c87c3c020c,smd_2A03,57,John P. George,258,46.57%,2,FALSE,FALSE,,,3,554
50320,1,Michael Scott McKernan,542e36607206a53f85a4de9579bad504cfeec7762381affc64ce1265,smd_2B07,69,Michael Scott McKernan,688,94.38%,1,TRUE,FALSE,647,88.75%,2,729
50321,1,Michelle Yan,dfa8dd148fc1b07b520f5810b610ad83c90a712d44151eae9c2836f5,smd_2F03,87,Michelle Yan,834,96.86%,1,TRUE,FALSE,807,93.73%,2,861
50322,1,Amy B. Hall,7efae162c205c0f63e07820e7a454de0cc287b6a05ec66d818e765c1,smd_3E02,118,Amy B. Hall,890,95.19%,1,TRUE,FALSE,845,90.37%,2,935
50323,1,Jonathan Bender,67ccdf033112db6018f4442e2e44abd558247f8c14112f1a40063c8d,smd_3E03,119,Jonathan Bender,887,93.86%,1,TRUE,FALSE,829,87.72%,2,945
50324,1,Candace Tiana Nelson,bf2b3f352097651b620ece320122541cc0c41bc52ffb0ef6420eae3b,smd_4A06,141,Candace Tiana Nelson,558,97.89%,1,TRUE,FALSE,546,95.79%,2,570
50325,1,Jacob Mason,fa7f68303189e0c58a0bad751248316b598e9c14f1d3637ab782347b,smd_4C07,159,Jacob Mason,341,31.96%,2,FALSE,FALSE,,,3,1067
50326,1,Michael Braeuninger,e5fdb1923d3b6022c6bca1277bcee57b656517494ff728c9ac17bf3d,smd_5E01,196,Michael Braeuninger,581,54.81%,1,TRUE,FALSE,125,11.79%,3,1060
50327,1,Barbara J. Clark,c765932a05be111d80fbbce7f460e2b3b06a860decda8098f6f8751b,smd_8A02,280,Barbara J. Clark,916,94.92%,1,TRUE,FALSE,867,89.84%,2,965
50328,1,Joseph B. Johnson,90918b2597362d33bfc17ca233bdaac646f1f114b5b9ed64c876cdf1,smd_8B03,288,Joseph B. Johnson,260,30.09%,3,FALSE,FALSE,,,4,864
50329,1,Alyse Newhouse,a0c9e3ccebab90fbfdd9f8476fe56780a9524188f4fd4df61c3d4d88,smd_8D06,305,Alyse Newhouse,486,52.09%,1,TRUE,FALSE,55,5.89%,3,933
50330,1,Gwendolyn Lohse,6a51b6f9c94e13b490b2f9f6e98e0394e0cd2f39a67c4b5ad51ac6e1,smd_2E06,82,Gwendolyn Lohse,617,83.04%,1,TRUE,FALSE,500,67.29%,3,743
50331,1,Toni A. Ghazi,651159b6b81e68741f9a61b25abc8e50187e67c1979b6afa8aabf46a,smd_3D02,108,Toni A. Ghazi,135,23.94%,2,FALSE,FALSE,,,3,564
50332,1,Alexandria Appah,fe1cd036416b6e9c152d506e86e46ae1cac76da5fd00a0237873ad33,smd_3F02,123,Alexandria Appah,786,98.50%,1,TRUE,FALSE,774,96.99%,2,798
50334,1,Geoff Bromaghim,74ddb5ca35a50e07e4dff3aea623bbc42a674759ea3584490716e6c5,smd_4B07,150,Geoff Bromaghim,1242,95.54%,1,TRUE,FALSE,1184,91.08%,2,1300
50335,1,Alison Brooks,268b23984554789521a30d1408f23638344f9b292d6b813fdcd8fac5,smd_4B08,151,Alison Brooks,1058,96.98%,1,TRUE,FALSE,1025,93.95%,2,1091
50336,1,Paul Johnson,2b4dfd79f7f9eb91ecdd71877cf3d265b0942429063c254f5f43c1d3,smd_4C07,159,Paul Johnson,704,65.98%,1,TRUE,FALSE,363,34.02%,3,1067
50337,1,Clara Haskell Botstein,ab434075cef6913d23987a7d9fbbf6a56758ce72a077397f785df4d1,smd_4C08,160,Clara Haskell Botstein,581,54.61%,1,TRUE,FALSE,137,12.88%,3,1064
50338,1,Zachary Israel,e0dee4bb9719691108b844737f4dac071c51c834957818b8fbd3010c,smd_4D04,166,Zachary Israel,660,71.20%,1,TRUE,FALSE,406,43.80%,3,927
50339,1,Michael Lussier,0a007c89d753e554cb0e1975eb32d8a4c240157efb579c341d148e4c,smd_5D06,194,Michael Lussier,233,19.11%,3,FALSE,FALSE,,,4,1219
50340,1,Rico Dancy,02647cfc9fba7e5e15efc35629f391c7cb0be97813d4e85b12aec1bd,smd_6A07,212,Rico Dancy,64,6.11%,3,FALSE,FALSE,,,4,1047
50341,1,Jordan Hibbs,2ce7475c6e31da333ae43611b1125418274a6b41b4f0ef9983daad30,smd_6E04,240,Jordan Hibbs,393,27.89%,2,FALSE,FALSE,,,3,1409
50342,1,Delia Houseal,6421597beae8ec164f45892a14753f98aec2a94fc27218d66da2ba59,smd_7E06,270,Delia Houseal,652,72.77%,1,TRUE,FALSE,424,47.32%,3,896
50343,1,Kristina (K) Leszczak,c08cf89e05ab89eb56d88982da31f3f999a9628ca460b17d5fe8e641,smd_8A06,284,Kristina (K) Leszczak,131,11.48%,4,FALSE,FALSE,,,5,1141
50344,1,"Alan Kensek, Jr.",199f951a72a63c1274310d0a3e435024e2cba9cd612ecfe5b634db10,smd_1B05,34,Alan Kensek Jr.,213,22.28%,2,FALSE,FALSE,,,3,956
50348,1,Justin R. Riordan,f31e2e6ecd7a98f20dd065d48542a18d6b478e47941780d567469680,smd_5C05,186,Justin R Riordan,276,24.89%,3,FALSE,FALSE,,,4,1109
50349,1,Steven Tiller,53027debfd0d0d7788549943a62fa7db6f8b2e4fde75d52658bb8f1d,smd_8A07,285,Steven Tiller,367,33.58%,1,TRUE,FALSE,8,0.73%,4,1093
50350,1,Danny Delaney,7b69b9cd3db5e7954f2107f3109a359db43755567015c676e6887a7e,smd_1B10,39,Daniel Delaney,180,99.45%,1,TRUE,FALSE,179,98.90%,2,181
50351,1,Chris Jackson,f463c7abb098066cad7eb4504d4137c382dd9c5d38a0f43a3233d8d7,smd_1C08,49,Chris Jackson,239,25.32%,2,FALSE,FALSE,,,3,944
50353,1,Claudette David,118be3286b2c0cd871cb546bed4ebf179367a41a3f1a9051e6c1a6f7,smd_3F05,126,Claudette David,636,74.56%,1,TRUE,FALSE,433,50.76%,3,853
50354,1,Matt Buechner,199df20ca4cf1043990bffe33707bedf318a10693a61edb953f479c2,smd_3F07,128,Matt Buechner,854,94.26%,1,TRUE,FALSE,802,88.52%,2,906
50355,1,Steven Holtzman,78fac813bc40676797c2c6fea25ba8cb3194db699f27c9b32703e978,smd_6B05,218,Steve Holtzman,1028,98.09%,1,TRUE,FALSE,1008,96.18%,2,1048
50356,1,Brittany N. Hughes,89ce366fe46867f2a0f984a283594a2459704334997d1b154ee5e122,smd_7F05,276,Brittany N. Hughes,528,60.14%,1,TRUE,FALSE,194,22.10%,3,878
50357,1,Chris Hall,f60460dbb796e164836335d5b99bbcb62d9b76139f4595311820a452,smd_1A04,21,Chris Hall,670,95.04%,1,TRUE,FALSE,635,90.07%,2,705
50358,1,Muhsin Boe Umar,f5d7cf8bf3c7fe029bf3869070c7e828e51ec36e6d117a10c66cc13e,smd_1B03,32,Muhsin Boe Umar,585,95.74%,1,TRUE,FALSE,559,91.49%,2,611
50359,1,Karen Gaal,ac0114993dcd42d4fd841c1f9cf843667880edf8941772f32808c7d2,smd_1B04,33,Karen Gaal,506,47.38%,2,FALSE,FALSE,,,3,1068
50360,1,Judy Floy,1fb9c777803ce896151b3e75b9fb2b54f15d6d5afbb808610981a202,smd_1B06,35,Judy Kay Floy,698,94.58%,1,TRUE,FALSE,658,89.16%,2,738
50361,1,Eric Behna,bfcdb458455b13ae31119c13bd004766aeaf41b22a6abcba73753108,smd_1B08,37,Eric Behna,511,59.98%,1,TRUE,FALSE,199,23.36%,3,852
50363,1,Anna Landre,9c7d4b79be7326cb228c037c96cb6be1212eb391523b9dd14f73c7be,smd_2E04,80,Anna Landre,6,100.00%,1,TRUE,FALSE,6,100.00%,2,6
50364,1,Adam M. Hoyt,eae60f4cb5d69f80a06cdd0fa5c858e1d3bfff8e575d534b9e46ccc2,smd_3C06,103,Adam M. Hoyt,867,97.75%,1,TRUE,FALSE,847,95.49%,2,887
50365,1,Maureen Kinlan Boucher,b84fd5b7fd583668646e1f67a48d0c48abc6db36ae7e9cd08d1c6949,smd_3C07,104,Maureen Kinlan Boucher,656,95.91%,1,TRUE,FALSE,628,91.81%,2,684
50367,1,Stephanie M. Zobay,85a5ddfda9f2c4d375790f0690eb6d79fb8d9af7576bfc8d988b9051,smd_3C08,105,Stephanie M Zobay,280,34.19%,2,FALSE,FALSE,,,3,819
50368,1,Jason Rao,273c8dde334cd3089757ffa7622a786b80700651e254e7c889f47fdb,smd_3D06,112,Jason Rao,511,93.59%,1,TRUE,FALSE,476,87.18%,2,546
50369,1,"Stephen A. ""Steve"" Whatley",5de72747564c2702706e307711fee2f1abae939481166390b9726038,smd_4A03,138,"Stephen A. ""Steve"" Whatley",770,95.77%,1,TRUE,FALSE,736,91.54%,2,804
50371,1,Aryan Rodriguez Bocquet,8c15c496c0e738f976a804eade64045f11bec718d36cb841a348d3ba,smd_4D03,165,Aryan Rodriguez Bocquet,985,97.33%,1,TRUE,FALSE,958,94.66%,2,1012
50372,1,Colleen Costello,0ab458e64c2af7777f9e9e5b0417e1f6ff1831e93c98dcd676219665,smd_5B05,181,Colleen Costello,604,50.12%,1,TRUE,FALSE,36,2.99%,3,1205
50373,1,Raymond Chandler,b128d153efe936d04ed35a59a9784e2dcb9a4ab584f01068d616abb8,smd_5C05,186,Raymond Chandler,351,31.65%,2,FALSE,FALSE,,,4,1109
50375,1,Laura Gentile,1b7ece8096a944266bbb7c637c603b35a96e8aeda5dd477e21c44178,smd_6A05,210,Laura Gentile,1093,85.79%,1,TRUE,FALSE,927,72.76%,3,1274
50376,1,Patrick K. Parlej,826fafb76a69665a2585610f5f679c7a0fb1ec0de5548cf3e20402d2,smd_6E05,241,Patrick K. Parlej,1573,96.27%,1,TRUE,FALSE,1512,92.53%,2,1634
50377,1,Denise E Blackson,6fbdf3bfc420346d00b4eb89ba929172571069804702d08a0de88cad,smd_6E06,242,Denise E. Blackson,319,93.55%,1,TRUE,FALSE,297,87.10%,2,341
50378,1,Cydne Smith Nash,180dc311d1b1c7d3125cdaf9794cd9f4c1864edba04ecb41830fa0eb,smd_7B04,247,Cydne Smith Nash,861,71.51%,1,TRUE,FALSE,551,45.76%,3,1204
50379,1,Patricia Stamper,6291d8551d57e92d370c428ecc69cf28d31b40e17241a82a18623fde,smd_7C04,254,Patricia Stamper,417,44.46%,2,FALSE,FALSE,,,3,938
50380,1,Stephanie Audain,c3006d7e3c4c26dff41704712f6a0948a097d46265086114d38b64ed,smd_7D05,262,Stephanie Audain,484,45.02%,1,TRUE,FALSE,202,18.79%,4,1075
50381,1,Linda S. Green,77900c6a9c319b975af7f7dc81831e02224e66224a0bd5475b42f563,smd_7E02,266,Linda S. Green,494,44.83%,2,FALSE,FALSE,,,3,1102
50382,1,Victor L. Horton,1ed69b6413879810213d75a2a77319de054409814980044c06c45179,smd_7E05,269,Victor L. Horton,328,43.44%,2,FALSE,FALSE,,,3,755
50383,1,Michelle Kiah,a3539c696ff09e46ab098a9c331d7683fbf6ad1dd7c1f02d50529070,smd_8B05,290,Michelle E. Kiah,345,60.21%,1,TRUE,FALSE,128,22.34%,3,573
50384,1,"Dolores ""Miracle"" Bryant",ea9fd5cb597bc6737981534d3cd91b24f681a44e3389eb7039a8477f,smd_8C03,295,"Dolores ""Miracle"" Bryant",319,32.09%,2,FALSE,FALSE,,,4,994
50385,1,Christopher L. Hawthorne,e5288175f9a41be5b73dcd147aafe783184fd34c04d51a0ef3a709ea,smd_8E05,311,Christopher L. Hawthorne,482,45.95%,2,FALSE,FALSE,,,3,1049
50386,1,Stephen A. Slaughter,186be9af5a61f80a402539dc66023489979658ba2c49bbd0d6f63882,smd_8E07,313,Stephen A. Slaughter,177,19.51%,2,FALSE,FALSE,,,3,907
50387,1,Sabel Harris,4c92a258df03dbbf39e51a6fa245b818e081f8a22a43ebf5c045941d,smd_1B12,41,Sabel Harris,749,58.61%,1,TRUE,FALSE,368,28.79%,4,1278
50388,1,Ed Hanlon,d418431242471745d3861335ba78662807364e56f957e24880f37b05,smd_2B09,71,Ed Hanlon,424,35.13%,2,FALSE,FALSE,,,3,1207
50389,1,Sherene Joseph,054a147057a36fd9f466810ced353f7d16eb42c092dabc955bcd38ce,smd_2F05,89,Sherene Joseph,515,82.14%,1,TRUE,FALSE,412,65.71%,3,627
50390,1,Alexandra Bailey,ab1b8b317442aa752e2e6af044c09b65b7e67208e1d9e6d7f406b169,smd_2F08,92,Alexandra Bailey,304,55.78%,1,TRUE,FALSE,68,12.48%,3,545
50391,1,Katharine Nanavatty,4bcefd7c2e2749af17d8c746b28bd5d260ef65f5a8e6ea0f17fac0b9,smd_3D05,111,Kate B. Nanavatty,796,96.48%,1,TRUE,FALSE,767,92.97%,2,825
50393,1,Katie A. Snyder,a7a79413ff0dacd933e317acc16a81991a2f5b28926e5ee9babdf807,smd_4A01,136,Kate A. Snyder,251,23.50%,2,FALSE,FALSE,,,3,1068
50394,1,Brenda Dawson Parks,781e3db31d27423ff384f5a69b3de7b5031391760b94c91f2a1e2f87,smd_4B04,147,Brenda Dawson Parks,1061,96.02%,1,TRUE,FALSE,1017,92.04%,2,1105
50395,1,Bobby Curtis King II,b13354c4f2a24c618b2545e5bf8123444d1e72cbe8a4719dc91c1418,smd_4C02,154,Bobby Curtis King II,367,32.91%,2,FALSE,FALSE,,,3,1115
50397,1,Kathryn Denise Rucker Krepp,d77c82a7ab73921875eabbdd70eb118e97cbb3bcfb283038ccab650b,smd_6B10,223,Kathryn Denise Rucker Krepp,1018,93.57%,1,TRUE,FALSE,948,87.13%,2,1088
50398,1,Kimory KSO Orendoff,47044ba29e09f9fffa6dc1827ae950fd6c9bd49c14a1475248c01e21,smd_7D05,262,Kimory Kso Orendoff,282,26.23%,2,FALSE,FALSE,,,4,1075
50399,1,Tyrell M. Holcomb,ad56fdf4fc32a6a82a384f65a3e26e187553d63233558b9f7aa69c90,smd_7F01,272,Tyrell M. Holcomb,770,62.91%,1,TRUE,FALSE,328,26.80%,3,1224
50400,1,Mustafa Abdul-Salaam,2dfbd962a9706e7785b6b0523c7f731d9b018528da7609a7470af3d8,smd_8C05,297,Mustafa Abdul-Salaam,413,94.29%,1,TRUE,FALSE,388,88.58%,2,438
50401,1,Ted Guthrie,f10581b92e9d8686632fcf775af76cc9987899054b880a2f8ebbbf4b,smd_1C03,44,Ted Guthrie,250,24.56%,2,FALSE,FALSE,,,4,1018
50402,1,Benjamin Hart Butz,9635c00b037c51175e2eaaa514b352edc53d21edf1fb50a9ada0201f,smd_1C06,47,Benjamin Hart Butz,970,97.39%,1,TRUE,FALSE,944,94.78%,2,996
50405,1,Elizabeth Miske,c000b8758b92e8aa7d0953bd0535b984d41c7d3b3aeab7e10a638b30,smd_2C02,73,Elizabeth Miske,504,79.87%,1,TRUE,FALSE,389,61.65%,3,631
50406,1,Ron Rubin,ff926ef7abed44c6b1fbbb92eb2809f1232bfa5e48a8a07be6dd0838,smd_2F05,89,Ron Rubin,103,16.43%,2,FALSE,FALSE,,,3,627
50407,1,Kevin J. Sylvester,1eda19c658b084f95a76966e2784167c543eb44ca254fee868cdd941,smd_2F07,91,Kevin J Sylvester,256,35.61%,2,FALSE,FALSE,,,3,719
50408,1,Beau Finley,8f581cdb602a63ab193358acb292cda61e45492718599314f3a0684e,smd_3C04,101,Beau Finley,818,97.15%,1,TRUE,FALSE,794,94.30%,2,842
50411,1,Phyllis Caudle Green,0800e18abda04f1e78330430f24be34dd47073435d936bf8edfba5f7,smd_4A01,136,Phyllis C Green,799,74.81%,1,TRUE,FALSE,548,51.31%,3,1068
50412,1,I-Ra A. Abubaker,4150d59d4c5634ba97283dbd5862bdedbbbf8d4645a5d837ab6f7c2c,smd_4B05,148,I-Ra A. Abubaker,273,34.82%,2,FALSE,FALSE,,,3,784
50413,1,Joseph P. Brennan III,aea72bcb6e5dd29bba383d4ea24680133461c874758f9ef9222e0348,smd_4B05,148,Joseph P. Brennan III,499,63.65%,1,TRUE,FALSE,226,28.83%,3,784
50415,1,"Sukhprita ""Prita"" Piekara",afba70691e66bd36d9f45ca22aea348ff136aa9815915293caca5656,smd_5B03,179,Prita Piekara,940,94.57%,1,TRUE,FALSE,886,89.13%,2,994
50416,1,Ashlee Gates Mercer,95b50c0020b052dbe9fd86caaa116bb43217cf4c67fa35ccad30391e,smd_5C02,183,Ashlee G Mercer,397,43.25%,2,FALSE,FALSE,,,3,918
50417,1,Darlene Oliver,bc932f8ff303fc19d0b087724ca7b1f7aa1e1dcc2a686e3877c7a01c,smd_5C05,186,Darlene M. Oliver,461,41.57%,1,TRUE,FALSE,110,9.92%,4,1109
50418,1,Marina Budimir,bfdc5d9ac4458a3a4046baad7dabd506765795d2d9a8c372eb407aee,smd_5D06,194,Marina Budimir,397,32.57%,2,FALSE,FALSE,,,4,1219
50419,1,Michael Kaercher,0e168e8b2899dfd607183a37f93a4548cf570cb27a0d7633ebb69298,smd_5E03,198,Mike Kaercher,602,34.22%,2,FALSE,FALSE,,,3,1759
50420,1,Bertha G. Holliday,0805101f512612f1fcc9a5d46d3209760ceb0d1d5527d3ff5bb37d41,smd_5E07,202,Bertha Holliday,752,67.44%,1,TRUE,FALSE,415,37.22%,3,1115
50421,1,Nancy Darlene Jones,28bac1c81c6156d833c3763067b0a9ca14d2344059eed41b82461e50,smd_5E10,205,Nancy Darlene Jones,627,49.37%,2,FALSE,FALSE,,,3,1270
50422,1,Timothy W. Drake,fd4a01559bf9ec1a9636647770f426fa2b8b67f649d01e9a33f3c9be,smd_6A05,210,Timothy W. Drake,166,13.03%,2,FALSE,FALSE,,,3,1274
50423,1,Eric S. Blaylock,a74acd903c3812d769f4cde4faf05d0a67eba590ead69b82f64e5a8c,smd_6D07,236,Eric S. Blaylock,985,31.61%,2,FALSE,FALSE,,,3,3116
50424,1,Kelvin Brown,fb90e9ca6081d14ab30c6df94b10153c2e17cb4a33077f979b461fd9,smd_7B06,249,Kelvin Brown,809,62.96%,1,TRUE,FALSE,419,32.61%,4,1285
50425,1,D.L. Humphrey,107485b0782006a0067e05ebe974229949dacffcd7234afadaa9b24a,smd_7B07,250,D.L. Humphrey,1105,95.18%,1,TRUE,FALSE,1049,90.35%,2,1161
50426,1,Kimberly Martin,c3c4078052732553cbdd516cfcd2359e886c61685df2502fec00082d,smd_7E07,271,Kimberly Martin,520,53.28%,1,TRUE,FALSE,185,18.95%,4,976
50427,1,Brian K Thompson,c842369100cd8571dc2a7df76a8a15281257c805fa56cbd8888fffdb,smd_8A03,281,Brian K Thompson,818,94.68%,1,TRUE,FALSE,772,89.35%,2,864
50428,1,"George O. Reid, Jr.",82adb823e37b5e62dca53ba8dc876cd3d06da8ce3086924887214452,smd_8A07,285,George O Reid Jr,340,31.11%,3,FALSE,FALSE,,,4,1093
50429,1,Jason Hamacher,48cff608a298f4bd68873d5ec62d41af7e3571a3d9ba5cfc2d0d5bf9,smd_1D01,50,Jason Hamacher,808,93.52%,1,TRUE,FALSE,752,87.04%,2,864
50431,1,Will Mascaro,6aa96a6071c63f6af8e58c941013728ba3f0192ed784dc8e45a9a538,smd_2C02,73,Will Mascaro,115,18.23%,2,FALSE,FALSE,,,3,631
50432,1,"Victoria ""Vicki"" Gersten",b8e229282bc8fd5cc3389ceef3675fbb8a1280434a5cc8748f575804,smd_3C08,105,"Victoria (""Vicki"") Gersten",527,64.35%,1,TRUE,FALSE,247,30.16%,3,819
50434,1,Carolyn C. Steptoe,87a3445ad5eeb793a6d04f708a89f61385666a92b6b3661dfea84ebb,smd_4A05,140,"""Steptoe""- Carolyn C.",562,95.58%,1,TRUE,FALSE,536,91.16%,2,588
50436,1,Cecelia Waldeck,0f7d13376694cff37980e2fefef317b04bcd82f033076c5a2ecfd835,smd_4C03,155,Cecelia Waldeck,391,43.54%,2,FALSE,FALSE,,,3,898
50437,1,Erik Lindsjo,29fcb32b16844dcec83f94eb07b2d324c39ed56e583fd1b75a611900,smd_4D01,163,Erik Lindsjo,649,95.30%,1,TRUE,FALSE,617,90.60%,2,681
50438,1,Misha G. Cornelius,c72e55de2f03b5fa98a13e111f7621be134c4828eb5f9b0976db0176,smd_4D02,164,Misha G. Cornelius,228,22.89%,2,FALSE,FALSE,,,3,996
50440,1,"Derrick O. Holloway, Sr.",915ed52069e977b74936364d0b800978dbb9fe7efa0d30774f0e1175,smd_5A06,174,Derrick O. Holloway Sr.,744,95.26%,1,TRUE,FALSE,707,90.52%,2,781
50442,1,Sally Hobaugh,87c0a433075547ef887b20a4ff5682ad199b65aa0b8d45ecbcaeaf52,smd_5E10,205,Sally Hobaugh,636,50.08%,1,TRUE,FALSE,9,0.71%,3,1270
50443,1,Jennifer E. Samolyk,4823facf8084cdbaccdcc718d2bd960a1e64678513cde059de8da8d8,smd_6B01,214,Jennifer E. Samolyk,674,91.20%,1,TRUE,FALSE,609,82.41%,2,739
50445,1,Peter Wright,e712c5b6a80f8e8cc7244dd5caeb9a9bb98ed1508c29bd6da0b1c047,smd_6B08,221,Peter Wright,784,73.89%,1,TRUE,FALSE,543,51.18%,3,1061
50446,1,Alison Horn,0ff53b23d8b71d1f851a07af86a785e42da4f16fb390c9ed16b020f3,smd_6B09,222,Alison Horn,811,59.72%,1,TRUE,FALSE,283,20.84%,3,1358
50447,1,Veda Rasheed,ba74f08269af9c6e6be2fa7e66c32749754f1dec46391829a1c8eca0,smd_7E01,265,Veda Rasheed,940,98.12%,1,TRUE,FALSE,922,96.24%,2,958
50448,1,Tierra J. Fletcher,ffa6384ada63e729f9ff53d43f430088a5bdaac7cbb85acb702de95f,smd_7E02,266,Tiera J. Fletcher,591,53.63%,1,TRUE,FALSE,97,8.80%,3,1102
50449,1,Justyn Iman,e1de996909d1c5a908102b41846c455143fc19e0575e34d513d9c57b,smd_7E07,271,Justyn Iman,103,10.55%,3,FALSE,FALSE,,,4,976
50450,1,Frederick Wolf,af1ec4c6aac95eb0f9e56019f7b712d418bc7d027440e49abda6c194,smd_7F02,273,Frederick Wolf,98,8.95%,3,FALSE,FALSE,,,4,1095
50451,1,Joshua Ryan Mater,0db14722274a4c02bc71460868357252045f02ff5e9155931fe10383,smd_1B08,37,Joshua Ryan Mater,312,36.62%,2,FALSE,FALSE,,,3,852
50453,1,Matthew Brandeburg,a9015bbf2392730c432a64fad905e36d0f5ff7c0a23db4c275d79f50,smd_1D04,53,Matthew Brandeburg,624,94.98%,1,TRUE,FALSE,591,89.95%,2,657
50456,1,Elizabeth R. Pemmerl,9987e2a609699dd5281374eb330617c17743092ff2da0c86ca8275d5,smd_3D02,108,Elizabeth R. Pemmerl,424,75.18%,1,TRUE,FALSE,289,51.24%,3,564
50459,1,Stanley Wall,73569485458549b3e936224f3cfca10ae8ba6d848552379ac5e7e619,smd_3F04,125,Stan Wall,758,95.71%,1,TRUE,FALSE,724,91.41%,2,792
50461,1,Stacy E. Beck,90792d4e75246e577ecc9e56a0632874605f9ea4d1d58a4e68fdf88f,smd_3G04,132,Stacy E. Beck,589,46.71%,2,FALSE,FALSE,,,3,1261
50463,1,"Chrysanthe ""CC"" Courniotes",f317220ae1e67c9d53f746da3fdb616b38ff987ef4b28289d722ab1d,smd_4D04,166,"Chrysanthe ""CC"" Courniotes",254,27.40%,2,FALSE,FALSE,,,3,927
50464,1,Ronnie Edwards,f8a46f2e93c70169689383a2916556f4d9b9fd17c11e8bc4f2f23c1d,smd_5A05,173,Ronnie Edwards,409,97.38%,1,TRUE,FALSE,398,94.76%,2,420
50465,1,April Brown,bf5ca5801d859ecf208c0cd3c6c258d568352ddb2746e2a1037ebfdc,smd_5A07,175,April Brown,245,43.52%,2,FALSE,FALSE,,,3,563
50466,1,Harry L. Thomas III,a8f2e3069cd7767301a6930a0fc8741315c9952389eba91db3e03063,smd_5C06,187,"Harry L Thomas, III",432,50.59%,1,TRUE,FALSE,78,9.13%,3,854
50467,1,Brandon Robert Watts,909ca431e91a5672bfa4f865bea9f8c569f3f8f3070ef7c691ed0c8c,smd_5E09,204,Brandon Robert Watts,263,24.93%,2,FALSE,FALSE,,,4,1055
50470,1,David L. Retland,1b30381cf3b7030a7200280089271fc2031f2caeaf35298380ff38d2,smd_7B04,247,David L. Retland,310,25.75%,2,FALSE,FALSE,,,3,1204
50472,1,Siraaj M. Hasan,1161a4e775ee866e3b803ee15754b7681b6abe58e313a9b56039e4ea,smd_7D02,259,Siraaj M. Hasan,853,96.17%,1,TRUE,FALSE,819,92.33%,2,887
50473,1,James Goldfield,4431716356eeabc700ab06c3f623d6bffff4dafcd1147f9dbc22b786,smd_7D05,262,James Goldfield,276,25.67%,3,FALSE,FALSE,,,4,1075
50474,1,Sharon Jafari,ee6462ac164de5a1d265c9678c8569ff0ab727cfe1b1c90b07886f76,smd_7E05,269,Sharon Jafari,411,54.44%,1,TRUE,FALSE,83,10.99%,3,755
50475,1,Terri L. Acker,448d25c07e96c2e4b5cdb29773dd0fd08bf6c965f2fd1e95d5b8f740,smd_8A07,285,Terri L. Acker,359,32.85%,2,FALSE,FALSE,,,4,1093
50476,1,Deborah Thomas,eeff03abb5f1fd553854b9b447399b4be872b6b91c3aad3c73059e22,smd_1B04,33,Deborah R. Thomas,552,51.69%,1,TRUE,FALSE,46,4.31%,3,1068
50480,1,Cameron Powell,ee1dd94b32a2357f2944b778e7e0950ff5c4248ad0c43c5679be3961,smd_2B06,68,Cameron Powell,185,23.99%,2,FALSE,FALSE,,,3,771
50481,1,Michael Zeldin,430d9e057fa06f4821919b9884b4c28a2116eeb4243a5c02e49c1baa,smd_3G04,132,Michael Zeldin,667,52.89%,1,TRUE,FALSE,78,6.19%,3,1261
50482,1,Marlene Moss,52cae8497807a313eb0ca86c6553ea784f5425e37e6da099362e4aea,smd_4A07,142,Marlene Hunt Moss,701,96.56%,1,TRUE,FALSE,676,93.11%,2,726
50483,1,Steve Donahoe,6dbe1ab23887798a0536c835f6f180a491e68d33b0e781e5b4da6e04,smd_4C04,156,Steve Donahoe,128,22.82%,2,FALSE,FALSE,,,4,561
50484,1,Sandi Washington,af2b81e52745d5c726ed2b0d4e38ff3b53573374274d333230b46041,smd_5A07,175,"Sandra ""Sandi"" Washington",315,55.95%,1,TRUE,FALSE,70,12.43%,3,563
50485,1,Chelsea Skinner,2ca577cf330d946f52acb809bb948b3f130588e33c434585f7e20ec6,smd_5E01,196,Quest Skinner,456,43.02%,2,FALSE,FALSE,,,3,1060
50488,1,"David Brooks, II",d6708d28b84bd94d967f780dfdba0523441ab8e770c257fd9b0c56a6,smd_7B02,245,David Brooks II,247,23.68%,2,FALSE,FALSE,,,3,1043
50490,1,Ashley R. Ruff,ff8c08b0a8b8c3d7c05787b875214c2d04a957e351f87590d100cdaf,smd_7F01,272,Ashley R. Ruff,442,36.11%,2,FALSE,FALSE,,,3,1224
50491,1,"Travon ""Ward8"" Hawkins",c520ea6dd91dd4a4943b3130683b1b4a80d699336d170a2d8358e08b,smd_8C04,296,"Travon ""Ward 8"" Hawkins",528,55.35%,1,TRUE,FALSE,269,28.20%,4,954
50492,1,Zenobia Love,3fd89fee6064dfd34d5c2759dfefd1695fd51a2b46aaaf56b24e7193,smd_8D01,300,Zenobia Love,207,28.51%,2,FALSE,FALSE,,,3,726
50493,1,Matthew O'Donnell,a29eebf53db301730e99c0d49dda431b6487aad46b2fbc7c8d7a4561,smd_2E06,82,Matthew O'Donnell,117,15.75%,2,FALSE,FALSE,,,3,743
50494,1,Charles T. Lockett,66ecf1df8d01abafac41d5275a67ef61b5b1f7dc0260d2dea160d654,smd_5A02,170,Charles T. Lockett,982,95.99%,1,TRUE,FALSE,941,91.98%,2,1023
