smd_id,lon,lat,smd_name,map_color_id,number_of_candidates,map_display_box
smd_2022_1A01,-77.03488739,38.92573445,1A01,12,1,"<b><a href=""map_2022/ancs/districts/1A01.html"">District 1A01</a></b><br/>Candidates: <a href=""people/MaxEwart.html"">Max Ewart</a>"
smd_2022_1A02,-77.03314326,38.93251411,1A02,2,1,"<b><a href=""map_2022/ancs/districts/1A02.html"">District 1A02</a></b><br/>Candidates: <a href=""people/DieterLehmannMorales.html"">Dieter Lehmann Morales</a>"
smd_2022_1A03,-77.03551817,38.92762288,1A03,3,1,"<b><a href=""map_2022/ancs/districts/1A03.html"">District 1A03</a></b><br/>Candidates: <a href=""people/CarloPerri.html"">Carlo Perri</a>"
smd_2022_1A04,-77.03090954,38.93420457,1A04,4,1,"<b><a href=""map_2022/ancs/districts/1A04.html"">District 1A04</a></b><br/>Candidates: <a href=""people/JeremySherman.html"">Jeremy Sherman</a>"
smd_2022_1A05,-77.03456109,38.930572399999996,1A05,5,1,"<b><a href=""map_2022/ancs/districts/1A05.html"">District 1A05</a></b><br/>Candidates: <a href=""people/StephenColemanKenny.html"">Stephen Coleman Kenny</a>"
smd_2022_1A06,-77.02963940000002,38.93048579,1A06,6,0,"<b><a href=""map_2022/ancs/districts/1A06.html"">District 1A06</a></b><br/>Candidates: (no known candidates)"
smd_2022_1A07,-77.0279631,38.93417219,1A07,7,1,"<b><a href=""map_2022/ancs/districts/1A07.html"">District 1A07</a></b><br/>Candidates: <a href=""people/MuktaGhorpadey.html"">Mukta Ghorpadey</a>"
smd_2022_1A08,-77.03439232,38.92447529,1A08,8,1,"<b><a href=""map_2022/ancs/districts/1A08.html"">District 1A08</a></b><br/>Candidates: <a href=""people/DavidSegall.html"">David Segall</a>"
smd_2022_1A09,-77.03061519,38.92678621,1A09,4,1,"<b><a href=""map_2022/ancs/districts/1A09.html"">District 1A09</a></b><br/>Candidates: <a href=""people/JamesATurner.html"">James A. Turner</a>"
smd_2022_1A10,-77.02771195,38.92771764,1A10,11,2,"<b><a href=""map_2022/ancs/districts/1A10.html"">District 1A10</a></b><br/>Candidates: <a href=""people/DottiLoveWade.html"">Dotti Love Wade</a>, <a href=""people/BillyEasley.html"">Billy Easley</a>"
smd_2022_1B01,-77.01756336,38.91690085,1B01,1,1,"<b><a href=""map_2022/ancs/districts/1B01.html"">District 1B01</a></b><br/>Candidates: <a href=""people/LarryHanderhan.html"">Larry Handerhan</a>"
smd_2022_1B02,-77.02449852,38.91589574,1B02,2,1,"<b><a href=""map_2022/ancs/districts/1B02.html"">District 1B02</a></b><br/>Candidates: <a href=""people/SeanHolihan.html"">Sean Holihan</a>"
smd_2022_1B03,-77.02803412,38.92128883,1B03,6,1,"<b><a href=""map_2022/ancs/districts/1B03.html"">District 1B03</a></b><br/>Candidates: <a href=""people/JamieSSycamore.html"">Jamie S. Sycamore</a>"
smd_2022_1B04,-77.03058734,38.91913843,1B04,4,2,"<b><a href=""map_2022/ancs/districts/1B04.html"">District 1B04</a></b><br/>Candidates: <a href=""people/HarryQuinton.html"">Harry Quinton</a>, <a href=""people/SantiagoLakatos.html"">Santiago Lakatos</a>"
smd_2022_1B05,-77.03224928,38.91936308,1B05,3,1,"<b><a href=""map_2022/ancs/districts/1B05.html"">District 1B05</a></b><br/>Candidates: <a href=""people/LindsayWebb.html"">Lindsay Webb</a>"
smd_2022_1B06,-77.03458108,38.92147463,1B06,9,0,"<b><a href=""map_2022/ancs/districts/1B06.html"">District 1B06</a></b><br/>Candidates: (no known candidates)"
smd_2022_1B07,-77.03893628,38.91776721,1B07,9,1,"<b><a href=""map_2022/ancs/districts/1B07.html"">District 1B07</a></b><br/>Candidates: <a href=""people/AshleighFields.html"">Ashleigh Fields</a>"
smd_2022_1B08,-77.02994485,38.91610901,1B08,12,1,"<b><a href=""map_2022/ancs/districts/1B08.html"">District 1B08</a></b><br/>Candidates: <a href=""people/SabelHarris.html"">Sabel Harris</a>"
smd_2022_1B09,-77.02965674,38.92353438,1B09,3,1,"<b><a href=""map_2022/ancs/districts/1B09.html"">District 1B09</a></b><br/>Candidates: <a href=""people/TuckerJones.html"">Tucker Jones</a>"
smd_2022_1C01,-77.04395056,38.91703129,1C01,1,1,"<b><a href=""map_2022/ancs/districts/1C01.html"">District 1C01</a></b><br/>Candidates: <a href=""people/HoBauleke.html"">Howard Bauleke</a>"
smd_2022_1C02,-77.04672174,38.91900885,1C02,6,1,"<b><a href=""map_2022/ancs/districts/1C02.html"">District 1C02</a></b><br/>Candidates: <a href=""people/LeeDixon.html"">Lee Dixon</a>"
smd_2022_1C03,-77.04376576,38.92061001,1C03,3,1,"<b><a href=""map_2022/ancs/districts/1C03.html"">District 1C03</a></b><br/>Candidates: <a href=""people/PeterWood.html"">Peter Wood</a>"
smd_2022_1C04,-77.04670832,38.92409075,1C04,4,1,"<b><a href=""map_2022/ancs/districts/1C04.html"">District 1C04</a></b><br/>Candidates: <a href=""people/JosephVanWye.html"">Joseph Van Wye</a>"
smd_2022_1C05,-77.04241608,38.92493981,1C05,6,2,"<b><a href=""map_2022/ancs/districts/1C05.html"">District 1C05</a></b><br/>Candidates: <a href=""people/MargaretStevens.html"">Margaret Stevens</a>, <a href=""people/WilmaBYJones.html"">Wilma B.Y. Jones</a>"
smd_2022_1C06,-77.03932642,38.92609165,1C06,5,1,"<b><a href=""map_2022/ancs/districts/1C06.html"">District 1C06</a></b><br/>Candidates: <a href=""people/LyndaLaughlin.html"">Lynda Laughlin</a>"
smd_2022_1C07,-77.04084233,38.91962871,1C07,7,2,"<b><a href=""map_2022/ancs/districts/1C07.html"">District 1C07</a></b><br/>Candidates: <a href=""people/JakeFaleschini.html"">Jake Faleschini</a>, <a href=""people/IvanTaylorJr.html"">Ivan Taylor Jr.</a>, <a href=""people/NyShia.html"">Nancy Shia</a>"
smd_2022_1C08,-77.03845686,38.92003392,1C08,8,0,"<b><a href=""map_2022/ancs/districts/1C08.html"">District 1C08</a></b><br/>Candidates: (no known candidates)"
smd_2022_1C09,-77.03774502,38.92393393,1C09,6,0,"<b><a href=""map_2022/ancs/districts/1C09.html"">District 1C09</a></b><br/>Candidates: (no known candidates)"
smd_2022_1D01,-77.04345178,38.93169925,1D01,5,0,"<b><a href=""map_2022/ancs/districts/1D01.html"">District 1D01</a></b><br/>Candidates: (no known candidates)"
smd_2022_1D02,-77.03820954,38.93621029,1D02,10,1,"<b><a href=""map_2022/ancs/districts/1D02.html"">District 1D02</a></b><br/>Candidates: <a href=""people/HannahGrigg.html"">Hannah Grigg</a>"
smd_2022_1D03,-77.04315297,38.93479352,1D03,11,1,"<b><a href=""map_2022/ancs/districts/1D03.html"">District 1D03</a></b><br/>Candidates: <a href=""people/ErikaNunez.html"">Erika Nunez</a>"
smd_2022_1D04,-77.03766493,38.92990181,1D04,12,1,"<b><a href=""map_2022/ancs/districts/1D04.html"">District 1D04</a></b><br/>Candidates: <a href=""people/YasminRomeroLatin.html"">Yasmin Romero-Latin</a>"
smd_2022_1D05,-77.04034879,38.92920983,1D05,1,1,"<b><a href=""map_2022/ancs/districts/1D05.html"">District 1D05</a></b><br/>Candidates: <a href=""people/OmarParbhoo.html"">Omar Parbhoo</a>"
smd_2022_1D06,-77.03663269,38.93386957,1D06,6,2,"<b><a href=""map_2022/ancs/districts/1D06.html"">District 1D06</a></b><br/>Candidates: <a href=""people/AngelaAllison.html"">Angela Allison</a>, <a href=""people/RobinSandenburgh.html"">Robin Sandenburgh</a>"
smd_2022_1D07,-77.03439576,38.93608617,1D07,1,1,"<b><a href=""map_2022/ancs/districts/1D07.html"">District 1D07</a></b><br/>Candidates: <a href=""people/AnthonyBarnes.html"">Anthony Barnes</a>"
smd_2022_1E01,-77.02139905,38.93486578,1E01,8,1,"<b><a href=""map_2022/ancs/districts/1E01.html"">District 1E01</a></b><br/>Candidates: <a href=""people/KentCBoese.html"">Kent C. Boese</a>"
smd_2022_1E02,-77.02179819,38.93203566,1E02,9,1,"<b><a href=""map_2022/ancs/districts/1E02.html"">District 1E02</a></b><br/>Candidates: <a href=""people/BobbieLaster.html"">Bobbie Lancaster</a>"
smd_2022_1E03,-77.02506835,38.93135056,1E03,10,1,"<b><a href=""map_2022/ancs/districts/1E03.html"">District 1E03</a></b><br/>Candidates: <a href=""people/MichaelWray.html"">Michael Wray</a>"
smd_2022_1E04,-77.02149284,38.92871258,1E04,3,2,"<b><a href=""map_2022/ancs/districts/1E04.html"">District 1E04</a></b><br/>Candidates: <a href=""people/RashidaBrown.html"">Rashida Brown</a>, <a href=""people/MikeMcLaughlin.html"">Mike McLaughlin</a>"
smd_2022_1E05,-77.01867327,38.92446123,1E05,8,0,"<b><a href=""map_2022/ancs/districts/1E05.html"">District 1E05</a></b><br/>Candidates: (no known candidates)"
smd_2022_1E06,-77.02385905,38.92250813,1E06,12,2,"<b><a href=""map_2022/ancs/districts/1E06.html"">District 1E06</a></b><br/>Candidates: <a href=""people/JoshJacobson.html"">Josh Jacobson</a>, <a href=""people/EGailAndersonHolness.html"">E. Gail Anderson Holness</a>"
smd_2022_1E07,-77.01534905,38.92062504,1E07,3,2,"<b><a href=""map_2022/ancs/districts/1E07.html"">District 1E07</a></b><br/>Candidates: <a href=""people/BrianFooter.html"">Brian Footer</a>, <a href=""people/AmandaFarnan.html"">Amanda Farnan</a>"
smd_2022_2A01,-77.04524929,38.88504169,2A01,11,2,"<b><a href=""map_2022/ancs/districts/2A01.html"">District 2A01</a></b><br/>Candidates: <a href=""people/YannikOmictin.html"">Yannik Omictin</a>, <a href=""people/SusanaBara침ano.html"">Susana Bara침ano</a>"
smd_2022_2A02,-77.05296703,38.90664357,2A02,1,1,"<b><a href=""map_2022/ancs/districts/2A02.html"">District 2A02</a></b><br/>Candidates: <a href=""people/JimMalec.html"">Jim Malec</a>"
smd_2022_2A03,-77.05427457,38.90245884,2A03,3,1,"<b><a href=""map_2022/ancs/districts/2A03.html"">District 2A03</a></b><br/>Candidates: <a href=""people/TruptiTripJPatel.html"">Trupti ""Trip"" J. Patel</a>"
smd_2022_2A04,-77.05741032,38.89237694,2A04,5,2,"<b><a href=""map_2022/ancs/districts/2A04.html"">District 2A04</a></b><br/>Candidates: <a href=""people/CarsonColtonRobb.html"">Carson Colton Robb</a>, <a href=""people/EdComer.html"">Ed Comer</a>"
smd_2022_2A05,-77.05110469,38.89698137,2A05,6,0,"<b><a href=""map_2022/ancs/districts/2A05.html"">District 2A05</a></b><br/>Candidates: (no known candidates)"
smd_2022_2A06,-77.04864215,38.90537614,2A06,7,0,"<b><a href=""map_2022/ancs/districts/2A06.html"">District 2A06</a></b><br/>Candidates: (no known candidates)"
smd_2022_2A07,-77.03592859999998,38.89640509,2A07,9,1,"<b><a href=""map_2022/ancs/districts/2A07.html"">District 2A07</a></b><br/>Candidates: <a href=""people/DasiaBandy.html"">Dasia Bandy</a>"
smd_2022_2A08,-77.04703273,38.90167342,2A08,11,1,"<b><a href=""map_2022/ancs/districts/2A08.html"">District 2A08</a></b><br/>Candidates: <a href=""people/JordanNassar.html"">Jordan Nassar</a>"
smd_2022_2A09,-77.05056106,38.90028862,2A09,8,1,"<b><a href=""map_2022/ancs/districts/2A09.html"">District 2A09</a></b><br/>Candidates: <a href=""people/EvelynHudson.html"">Evelyn Hudson</a>"
smd_2022_2B01,-77.04425393,38.91351566,2B01,10,1,"<b><a href=""map_2022/ancs/districts/2B01.html"">District 2B01</a></b><br/>Candidates: <a href=""people/MegRoggensack.html"">Meg Roggensack</a>"
smd_2022_2B02,-77.04631783,38.91044689,2B02,6,1,"<b><a href=""map_2022/ancs/districts/2B02.html"">District 2B02</a></b><br/>Candidates: <a href=""people/JeffRueckgauer.html"">Jeff Rueckgauer</a>"
smd_2022_2B03,-77.04195431,38.91261767,2B03,12,1,"<b><a href=""map_2022/ancs/districts/2B03.html"">District 2B03</a></b><br/>Candidates: <a href=""people/VincentESlatt.html"">Vincent E. Slatt</a>"
smd_2022_2B04,-77.03652791,38.90853462,2B04,8,1,"<b><a href=""map_2022/ancs/districts/2B04.html"">District 2B04</a></b><br/>Candidates: <a href=""people/ChinaDickerson.html"">China Dickerson</a>"
smd_2022_2B05,-77.04064949,38.90765629,2B05,4,1,"<b><a href=""map_2022/ancs/districts/2B05.html"">District 2B05</a></b><br/>Candidates: <a href=""people/ZStein.html"">Z Stein</a>"
smd_2022_2B06,-77.04733572,38.90710549,2B06,8,1,"<b><a href=""map_2022/ancs/districts/2B06.html"">District 2B06</a></b><br/>Candidates: <a href=""people/MattJohnson.html"">Matt Johnson</a>"
smd_2022_2B07,-77.03997971,38.91076385,2B07,5,1,"<b><a href=""map_2022/ancs/districts/2B07.html"">District 2B07</a></b><br/>Candidates: <a href=""people/PatriciaBencivenga.html"">Patricia Bencivenga</a>"
smd_2022_2B08,-77.04021502,38.91590958,2B08,5,2,"<b><a href=""map_2022/ancs/districts/2B08.html"">District 2B08</a></b><br/>Candidates: <a href=""people/ThomasReiter.html"">Thomas Reiter</a>, <a href=""people/ZacharyAdams.html"">Zachary Adams</a>"
smd_2022_2B09,-77.03607641,38.91462851,2B09,6,1,"<b><a href=""map_2022/ancs/districts/2B09.html"">District 2B09</a></b><br/>Candidates: <a href=""people/ChristopherDavis.html"">Christopher Davis</a>"
smd_2022_2C01,-77.03098871,38.89987343,2C01,7,1,"<b><a href=""map_2022/ancs/districts/2C01.html"">District 2C01</a></b><br/>Candidates: <a href=""people/MichaelDShankle.html"">Michael D. Shankle</a>"
smd_2022_2C02,-77.03792203,38.90338732,2C02,2,2,"<b><a href=""map_2022/ancs/districts/2C02.html"">District 2C02</a></b><br/>Candidates: <a href=""people/JosetteBarsano.html"">Josette Barsano</a>, <a href=""people/RebeccaStrauss.html"">Rebecca Strauss</a>"
smd_2022_2C03,-77.02879611,38.89246441,2C03,4,1,"<b><a href=""map_2022/ancs/districts/2C03.html"">District 2C03</a></b><br/>Candidates: <a href=""people/ThomasSLee.html"">Thomas S. Lee</a>"
smd_2022_2C04,-77.02565209,38.90191419,2C04,5,0,"<b><a href=""map_2022/ancs/districts/2C04.html"">District 2C04</a></b><br/>Candidates: (no known candidates)"
smd_2022_2D01,-77.05226127,38.91754971,2D01,10,1,"<b><a href=""map_2022/ancs/districts/2D01.html"">District 2D01</a></b><br/>Candidates: <a href=""people/AshleyWarren.html"">Ashley Warren</a>"
smd_2022_2D02,-77.05175997,38.91390907,2D02,11,1,"<b><a href=""map_2022/ancs/districts/2D02.html"">District 2D02</a></b><br/>Candidates: <a href=""people/CaroleFeld.html"">Carole Feld</a>"
smd_2022_2E01,-77.07497224,38.91444778,2E01,12,1,"<b><a href=""map_2022/ancs/districts/2E01.html"">District 2E01</a></b><br/>Candidates: <a href=""people/KishanPutta.html"">Kishan Putta</a>"
smd_2022_2E02,-77.06875774,38.91175392,2E02,1,2,"<b><a href=""map_2022/ancs/districts/2E02.html"">District 2E02</a></b><br/>Candidates: <a href=""people/PatrickClawson.html"">Patrick Clawson</a>, <a href=""people/ChristopherTopherMathews.html"">Christopher ""Topher"" Mathews</a>"
smd_2022_2E03,-77.06586255,38.90827288,2E03,2,0,"<b><a href=""map_2022/ancs/districts/2E03.html"">District 2E03</a></b><br/>Candidates: (no known candidates)"
smd_2022_2E04,-77.07581748,38.90831979,2E04,3,0,"<b><a href=""map_2022/ancs/districts/2E04.html"">District 2E04</a></b><br/>Candidates: (no known candidates)"
smd_2022_2E05,-77.06508708,38.90047382,2E05,6,1,"<b><a href=""map_2022/ancs/districts/2E05.html"">District 2E05</a></b><br/>Candidates: <a href=""people/MimsyLindner.html"">Mimsy Lindner</a>"
smd_2022_2E06,-77.05693486,38.90714089,2E06,5,1,"<b><a href=""map_2022/ancs/districts/2E06.html"">District 2E06</a></b><br/>Candidates: <a href=""people/GwendolynLohse.html"">Gwendolyn Lohse</a>"
smd_2022_2E07,-77.06036138,38.91395109,2E07,6,1,"<b><a href=""map_2022/ancs/districts/2E07.html"">District 2E07</a></b><br/>Candidates: <a href=""people/ElizabethHMiller.html"">Elizabeth H. Miller</a>"
smd_2022_2E08,-77.07250078,38.90807825,2E08,7,0,"<b><a href=""map_2022/ancs/districts/2E08.html"">District 2E08</a></b><br/>Candidates: (no known candidates)"
smd_2022_2F01,-77.03235506,38.91481203,2F01,8,1,"<b><a href=""map_2022/ancs/districts/2F01.html"">District 2F01</a></b><br/>Candidates: <a href=""people/DavidRRubenstein.html"">David R. Rubenstein</a>"
smd_2022_2F02,-77.03076488,38.91169737,2F02,10,1,"<b><a href=""map_2022/ancs/districts/2F02.html"">District 2F02</a></b><br/>Candidates: <a href=""people/NeilRocklin.html"">Neil Rocklin</a>"
smd_2022_2F03,-77.03282608,38.90967768,2F03,9,0,"<b><a href=""map_2022/ancs/districts/2F03.html"">District 2F03</a></b><br/>Candidates: (no known candidates)"
smd_2022_2F04,-77.03175892,38.90803394,2F04,10,1,"<b><a href=""map_2022/ancs/districts/2F04.html"">District 2F04</a></b><br/>Candidates: <a href=""people/BrianJMcCabe.html"">Brian J. McCabe</a>"
smd_2022_2F05,-77.03153853,38.906392,2F05,7,0,"<b><a href=""map_2022/ancs/districts/2F05.html"">District 2F05</a></b><br/>Candidates: (no known candidates)"
smd_2022_2F06,-77.02877832,38.90645225,2F06,2,1,"<b><a href=""map_2022/ancs/districts/2F06.html"">District 2F06</a></b><br/>Candidates: <a href=""people/MatthewFouracre.html"">Matthew Fouracre</a>"
smd_2022_2F07,-77.02815748,38.90839310000001,2F07,11,1,"<b><a href=""map_2022/ancs/districts/2F07.html"">District 2F07</a></b><br/>Candidates: <a href=""people/BrantJMiller.html"">Brant J. Miller</a>"
smd_2022_2F08,-77.02729229,38.90526849,2F08,3,1,"<b><a href=""map_2022/ancs/districts/2F08.html"">District 2F08</a></b><br/>Candidates: <a href=""people/CarolineZagraniczny.html"">Caroline Zagraniczny</a>"
smd_2022_2G01,-77.02444714,38.91315078,2G01,12,2,"<b><a href=""map_2022/ancs/districts/2G01.html"">District 2G01</a></b><br/>Candidates: <a href=""people/ZachNaimon.html"">Zach Naimon</a>, <a href=""people/TonyBrown.html"">Tony Brown</a>"
smd_2022_2G02,-77.02421573,38.91005644,2G02,4,2,"<b><a href=""map_2022/ancs/districts/2G02.html"">District 2G02</a></b><br/>Candidates: <a href=""people/AlexanderMAlexPadro.html"">Alexander M. ""Alex"" Padro</a>, <a href=""people/MichaelEichler.html"">Michael Eichler</a>"
smd_2022_2G03,-77.01868282,38.9105075,2G03,5,2,"<b><a href=""map_2022/ancs/districts/2G03.html"">District 2G03</a></b><br/>Candidates: <a href=""people/SrandaWatkins.html"">Sranda Watkins</a>, <a href=""people/AlexLopez.html"">Alex Lopez</a>"
smd_2022_2G04,-77.02497790000002,38.90721085,2G04,1,2,"<b><a href=""map_2022/ancs/districts/2G04.html"">District 2G04</a></b><br/>Candidates: <a href=""people/FredHill.html"">Fred Hill</a>, <a href=""people/AmandaGore.html"">Amanda Gore</a>, <a href=""people/StevenMcCarty.html"">Steven McCarty</a>"
smd_2022_2G05,-77.0219772,38.90623460000001,2G05,6,2,"<b><a href=""map_2022/ancs/districts/2G05.html"">District 2G05</a></b><br/>Candidates: <a href=""people/WillieDoggett.html"">Willie Doggett</a>, <a href=""people/SheenaBerry.html"">Sheena Berry</a>"
smd_2022_2G06,-77.01834974,38.90509844,2G06,2,1,"<b><a href=""map_2022/ancs/districts/2G06.html"">District 2G06</a></b><br/>Candidates: <a href=""people/RachellePNigro.html"">Rachelle P. Nigro</a>"
smd_2022_3/4G01,-77.05886357,38.97899029,3/4G01,12,1,"<b><a href=""map_2022/ancs/districts/34G01.html"">District 3/4G01</a></b><br/>Candidates: <a href=""people/LisaRGore.html"">Lisa R. Gore</a>"
smd_2022_3/4G02,-77.05294986,38.96875491,3/4G02,2,2,"<b><a href=""map_2022/ancs/districts/34G02.html"">District 3/4G02</a></b><br/>Candidates: <a href=""people/JohnKHiggins.html"">John K. Higgins</a>, <a href=""people/BruceSherman.html"">Bruce Sherman</a>"
smd_2022_3/4G03,-77.06124403,38.96175794,3/4G03,6,1,"<b><a href=""map_2022/ancs/districts/34G03.html"">District 3/4G03</a></b><br/>Candidates: <a href=""people/JamesNash.html"">James Nash</a>"
smd_2022_3/4G04,-77.06621371,38.96949918,3/4G04,7,1,"<b><a href=""map_2022/ancs/districts/34G04.html"">District 3/4G04</a></b><br/>Candidates: <a href=""people/MichaelZeldin.html"">Michael Zeldin</a>"
smd_2022_3/4G05,-77.07185759999999,38.96593046,3/4G05,8,2,"<b><a href=""map_2022/ancs/districts/34G05.html"">District 3/4G05</a></b><br/>Candidates: <a href=""people/HNormanKnickle.html"">H. Norman Knickle</a>, <a href=""people/PeterLynch.html"">Peter Lynch</a>"
smd_2022_3/4G06,-77.07739984,38.96321103,3/4G06,9,1,"<b><a href=""map_2022/ancs/districts/34G06.html"">District 3/4G06</a></b><br/>Candidates: <a href=""people/PeterGosselin.html"">Peter Gosselin</a>"
smd_2022_3/4G07,-77.07385376,38.95913808,3/4G07,10,1,"<b><a href=""map_2022/ancs/districts/34G07.html"">District 3/4G07</a></b><br/>Candidates: <a href=""people/ZacharyFerguson.html"">Zachary Ferguson</a>"
smd_2022_3A01,-77.07649181,38.9367797,3A01,2,1,"<b><a href=""map_2022/ancs/districts/3A01.html"">District 3A01</a></b><br/>Candidates: <a href=""people/ThaddeusBradleyLewis.html"">Thaddeus Bradley-Lewis</a>"
smd_2022_3A02,-77.07503469,38.93123669,3A02,1,0,"<b><a href=""map_2022/ancs/districts/3A02.html"">District 3A02</a></b><br/>Candidates: (no known candidates)"
smd_2022_3A03,-77.07208477,38.93872658,3A03,3,1,"<b><a href=""map_2022/ancs/districts/3A03.html"">District 3A03</a></b><br/>Candidates: <a href=""people/HansBMiller.html"">Hans B. Miller</a>"
smd_2022_3A04,-77.08182629,38.9382826,3A04,10,1,"<b><a href=""map_2022/ancs/districts/3A04.html"">District 3A04</a></b><br/>Candidates: <a href=""people/JeremyDelMoral.html"">Jeremy Del Moral</a>"
smd_2022_3A05,-77.07688015,38.92998234,3A05,6,1,"<b><a href=""map_2022/ancs/districts/3A05.html"">District 3A05</a></b><br/>Candidates: <a href=""people/AnnLaneMladinov.html"">Ann Lane Mladinov</a>"
smd_2022_3B01,-77.07550078,38.92434513,3B01,10,1,"<b><a href=""map_2022/ancs/districts/3B01.html"">District 3B01</a></b><br/>Candidates: <a href=""people/KevinLavezzo.html"">Kevin Lavezzo</a>"
smd_2022_3B02,-77.07209955,38.91977155,3B02,5,2,"<b><a href=""map_2022/ancs/districts/3B02.html"">District 3B02</a></b><br/>Candidates: <a href=""people/AnaElizabethGuzman.html"">Ana Elizabeth Guzman</a>, <a href=""people/JackieBlumenthal.html"">Jackie Blumenthal</a>, <a href=""people/AileenNowlan.html"">Aileen Nowlan</a>"
smd_2022_3B03,-77.07982455,38.92023474,3B03,4,1,"<b><a href=""map_2022/ancs/districts/3B03.html"">District 3B03</a></b><br/>Candidates: <a href=""people/MelissaLane.html"">Melissa Lane</a>"
smd_2022_3B04,-77.07990183,38.92794767,3B04,7,0,"<b><a href=""map_2022/ancs/districts/3B04.html"">District 3B04</a></b><br/>Candidates: (no known candidates)"
smd_2022_3B05,-77.07673851,38.91967496,3B05,8,1,"<b><a href=""map_2022/ancs/districts/3B05.html"">District 3B05</a></b><br/>Candidates: <a href=""people/GupiHowie.html"">Gupi Howie</a>"
smd_2022_3B06,-77.08261373,38.93242748,3B06,1,1,"<b><a href=""map_2022/ancs/districts/3B06.html"">District 3B06</a></b><br/>Candidates: <a href=""people/BenBergmann.html"">Ben Bergmann</a>"
smd_2022_3C01,-77.05196959,38.92535028,3C01,7,1,"<b><a href=""map_2022/ancs/districts/3C01.html"">District 3C01</a></b><br/>Candidates: <a href=""people/HaydenGise.html"">Hayden Gise</a>"
smd_2022_3C02,-77.05623451,38.92469507,3C02,10,2,"<b><a href=""map_2022/ancs/districts/3C02.html"">District 3C02</a></b><br/>Candidates: <a href=""people/GlennKellogg.html"">Glenn Kellogg</a>, <a href=""people/AdamJPrinzo.html"">Adam J. Prinzo</a>"
smd_2022_3C03,-77.05108748,38.92967644,3C03,9,1,"<b><a href=""map_2022/ancs/districts/3C03.html"">District 3C03</a></b><br/>Candidates: <a href=""people/JanellPagats.html"">Janell Pagats</a>"
smd_2022_3C04,-77.05535315,38.93849077,3C04,4,1,"<b><a href=""map_2022/ancs/districts/3C04.html"">District 3C04</a></b><br/>Candidates: <a href=""people/RoricMcCorristin.html"">Roric McCorristin</a>"
smd_2022_3C05,-77.0627395,38.93512628,3C05,5,2,"<b><a href=""map_2022/ancs/districts/3C05.html"">District 3C05</a></b><br/>Candidates: <a href=""people/SaulehASiddiqui.html"">Sauleh A. Siddiqui</a>, <a href=""people/NicholasIde.html"">Nicholas Ide</a>"
smd_2022_3C06,-77.05529237,38.93491646,3C06,12,2,"<b><a href=""map_2022/ancs/districts/3C06.html"">District 3C06</a></b><br/>Candidates: <a href=""people/TammyGordon.html"">Tammy Gordon</a>, <a href=""people/JustinDaniels.html"">Justin Daniels</a>"
smd_2022_3C07,-77.0608775,38.92346572,3C07,3,2,"<b><a href=""map_2022/ancs/districts/3C07.html"">District 3C07</a></b><br/>Candidates: <a href=""people/GawainKripke.html"">Gawain Kripke</a>, <a href=""people/WarrenGorlick.html"">Warren Gorlick</a>"
smd_2022_3C08,-77.06890724,38.92991808,3C08,11,2,"<b><a href=""map_2022/ancs/districts/3C08.html"">District 3C08</a></b><br/>Candidates: <a href=""people/KeithMantel.html"">Keith Mantel</a>, <a href=""people/RickNash.html"">Rick Nash</a>"
smd_2022_3D01,-77.09310433,38.92748647,3D01,5,1,"<b><a href=""map_2022/ancs/districts/3D01.html"">District 3D01</a></b><br/>Candidates: <a href=""people/ChuckElkins.html"">Chuck Elkins</a>"
smd_2022_3D02,-77.09685047,38.93666807,3D02,7,1,"<b><a href=""map_2022/ancs/districts/3D02.html"">District 3D02</a></b><br/>Candidates: <a href=""people/TriciaDuncan.html"">Tricia Duncan</a>"
smd_2022_3D03,-77.10445976,38.94015965,3D03,1,2,"<b><a href=""map_2022/ancs/districts/3D03.html"">District 3D03</a></b><br/>Candidates: <a href=""people/QuentinCol칩nRoosevelt.html"">Quentin Col칩n Roosevelt</a>, <a href=""people/PaigeEla.html"">Paige Ela</a>"
smd_2022_3D04,-77.10892472,38.92888643,3D04,9,1,"<b><a href=""map_2022/ancs/districts/3D04.html"">District 3D04</a></b><br/>Candidates: <a href=""people/JeremyJoseph.html"">Jeremy Joseph</a>"
smd_2022_3D05,-77.0989692,38.91855112,3D05,10,2,"<b><a href=""map_2022/ancs/districts/3D05.html"">District 3D05</a></b><br/>Candidates: <a href=""people/BernardHorn.html"">Bernard Horn</a>, <a href=""people/ChristopherJRosier.html"">Christopher J. Rosier</a>"
smd_2022_3D06,-77.08961994,38.90935898,3D06,2,1,"<b><a href=""map_2022/ancs/districts/3D06.html"">District 3D06</a></b><br/>Candidates: <a href=""people/MarilynNowalk.html"">Marilyn Nowalk</a>"
smd_2022_3D07,-77.08556217,38.91759971,3D07,7,1,"<b><a href=""map_2022/ancs/districts/3D07.html"">District 3D07</a></b><br/>Candidates: <a href=""people/JPSzymkowicz.html"">J.P. Szymkowicz</a>"
smd_2022_3E01,-77.08475183,38.94866765,3E01,4,1,"<b><a href=""map_2022/ancs/districts/3E01.html"">District 3E01</a></b><br/>Candidates: <a href=""people/MatthewCohen.html"">Matthew Cohen</a>"
smd_2022_3E02,-77.09386964,38.95104539,3E02,5,1,"<b><a href=""map_2022/ancs/districts/3E02.html"">District 3E02</a></b><br/>Candidates: <a href=""people/AmyBHall.html"">Amy B. Hall</a>"
smd_2022_3E03,-77.08422418,38.95393061,3E03,6,2,"<b><a href=""map_2022/ancs/districts/3E03.html"">District 3E03</a></b><br/>Candidates: <a href=""people/JonathanBender.html"">Jonathan Bender</a>, <a href=""people/ThomasMarabello.html"">Thomas Marabello</a>"
smd_2022_3E04,-77.08174644,38.95901614,3E04,7,2,"<b><a href=""map_2022/ancs/districts/3E04.html"">District 3E04</a></b><br/>Candidates: <a href=""people/EarleDouglass.html"">Earle Douglass</a>, <a href=""people/TomQuinn.html"">Tom Quinn</a>"
smd_2022_3E05,-77.07595311,38.94893938,3E05,8,1,"<b><a href=""map_2022/ancs/districts/3E05.html"">District 3E05</a></b><br/>Candidates: <a href=""people/JeffreyDenny.html"">Jeffrey Denny</a>"
smd_2022_3E06,-77.08793145,38.94345028,3E06,11,1,"<b><a href=""map_2022/ancs/districts/3E06.html"">District 3E06</a></b><br/>Candidates: <a href=""people/AlexandraGianinno.html"">Alexandra Gianinno</a>"
smd_2022_3E07,-77.08809282,38.93821522,3E07,1,0,"<b><a href=""map_2022/ancs/districts/3E07.html"">District 3E07</a></b><br/>Candidates: (no known candidates)"
smd_2022_3E08,-77.09105144,38.93725412,3E08,12,1,"<b><a href=""map_2022/ancs/districts/3E08.html"">District 3E08</a></b><br/>Candidates: <a href=""people/RohinGhosh.html"">Rohin Ghosh</a>"
smd_2022_3F01,-77.06997619,38.94732188,3F01,2,1,"<b><a href=""map_2022/ancs/districts/3F01.html"">District 3F01</a></b><br/>Candidates: <a href=""people/RyanCudemasBrunoli.html"">Ryan Cudemas-Brunoli</a>"
smd_2022_3F02,-77.06207232,38.9501045,3F02,12,2,"<b><a href=""map_2022/ancs/districts/3F02.html"">District 3F02</a></b><br/>Candidates: <a href=""people/KathyHudson.html"">Kathy Hudson</a>, <a href=""people/TeriHuet.html"">Teri Huet</a>"
smd_2022_3F03,-77.05174692,38.95150939,3F03,11,1,"<b><a href=""map_2022/ancs/districts/3F03.html"">District 3F03</a></b><br/>Candidates: <a href=""people/MitchellBaer.html"">Mitchell Baer</a>"
smd_2022_3F04,-77.07061828,38.95202366,3F04,9,1,"<b><a href=""map_2022/ancs/districts/3F04.html"">District 3F04</a></b><br/>Candidates: <a href=""people/ClaudetteDavid.html"">Claudette David</a>"
smd_2022_3F05,-77.06614206,38.94419278,3F05,9,2,"<b><a href=""map_2022/ancs/districts/3F05.html"">District 3F05</a></b><br/>Candidates: <a href=""people/JamesTandaric.html"">James Tandaric</a>, <a href=""people/AndrewKoval.html"">Andrew Koval</a>"
smd_2022_3F06,-77.06339672,38.95497977,3F06,1,2,"<b><a href=""map_2022/ancs/districts/3F06.html"">District 3F06</a></b><br/>Candidates: <a href=""people/BridgetSchwartz.html"">Bridget Schwartz</a>, <a href=""people/CourtneyCarlson.html"">Courtney Carlson</a>, <a href=""people/RonaWalters.html"">Rona Walters</a>"
smd_2022_4A01,-77.04029268,38.98595495,4A01,4,2,"<b><a href=""map_2022/ancs/districts/4A01.html"">District 4A01</a></b><br/>Candidates: <a href=""people/NeenaMurphyMartin.html"">Neena Murphy Martin</a>, <a href=""people/PaulaYEds.html"">Paula Y. Edwards</a>"
smd_2022_4A02,-77.03229163,38.981857500000004,4A02,11,2,"<b><a href=""map_2022/ancs/districts/4A02.html"">District 4A02</a></b><br/>Candidates: <a href=""people/StaceyLincoln.html"">Stacey Lincoln</a>, <a href=""people/JoanHoyte.html"">Joan Hoyte</a>"
smd_2022_4A03,-77.03093924,38.97435177,4A03,1,1,"<b><a href=""map_2022/ancs/districts/4A03.html"">District 4A03</a></b><br/>Candidates: <a href=""people/StephenASteveWhatley.html"">Stephen A. ""Steve"" Whatley</a>"
smd_2022_4A04,-77.03176267,38.968396399999996,4A04,2,1,"<b><a href=""map_2022/ancs/districts/4A04.html"">District 4A04</a></b><br/>Candidates: <a href=""people/PatienceRSingleton.html"">Patience R. Singleton</a>"
smd_2022_4A05,-77.03193296,38.96579978,4A05,3,2,"<b><a href=""map_2022/ancs/districts/4A05.html"">District 4A05</a></b><br/>Candidates: <a href=""people/JonathanLaBroi.html"">Jonathan La Broi</a>, <a href=""people/KimPatterson.html"">Kim Patterson</a>"
smd_2022_4A06,-77.03031738,38.9631179,4A06,6,0,"<b><a href=""map_2022/ancs/districts/4A06.html"">District 4A06</a></b><br/>Candidates: (no known candidates)"
smd_2022_4A07,-77.0404195,38.96731387,4A07,7,1,"<b><a href=""map_2022/ancs/districts/4A07.html"">District 4A07</a></b><br/>Candidates: <a href=""people/CarolynCSteptoe.html"">Carolyn C. Steptoe</a>"
smd_2022_4B01,-77.0235998,38.97919366,4B01,7,2,"<b><a href=""map_2022/ancs/districts/4B01.html"">District 4B01</a></b><br/>Candidates: <a href=""people/TMichelleColson.html"">T. Michelle Colson</a>, <a href=""people/MaxineDavis.html"">Maxine Davis</a>"
smd_2022_4B02,-77.02449467,38.97186881,4B02,8,1,"<b><a href=""map_2022/ancs/districts/4B02.html"">District 4B02</a></b><br/>Candidates: <a href=""people/ErinPalmer.html"">Erin Palmer</a>"
smd_2022_4B03,-77.01930272,38.96585463,4B03,9,1,"<b><a href=""map_2022/ancs/districts/4B03.html"">District 4B03</a></b><br/>Candidates: <a href=""people/ZurickTSmith.html"">Zurick T. Smith</a>"
smd_2022_4B04,-77.01737054,38.974070399999995,4B04,6,1,"<b><a href=""map_2022/ancs/districts/4B04.html"">District 4B04</a></b><br/>Candidates: <a href=""people/EvanYeats.html"">Evan Yeats</a>"
smd_2022_4B05,-77.02523854,38.96355125,4B05,10,1,"<b><a href=""map_2022/ancs/districts/4B05.html"">District 4B05</a></b><br/>Candidates: <a href=""people/KevinGilligan.html"">Kevin Gilligan</a>"
smd_2022_4B06,-77.01905129999999,38.96050698,4B06,12,1,"<b><a href=""map_2022/ancs/districts/4B06.html"">District 4B06</a></b><br/>Candidates: <a href=""people/TiffaniNicholeJohnson.html"">Tiffani Nichole Johnson</a>"
smd_2022_4B07,-77.01202395,38.96745296,4B07,1,2,"<b><a href=""map_2022/ancs/districts/4B07.html"">District 4B07</a></b><br/>Candidates: <a href=""people/MichaelCohen.html"">Michael Cohen</a>, <a href=""people/MBahliaColson.html"">M'Bahlia Colson</a>"
smd_2022_4B08,-77.0064846,38.95804997,4B08,10,1,"<b><a href=""map_2022/ancs/districts/4B08.html"">District 4B08</a></b><br/>Candidates: <a href=""people/AlisonBrooks.html"">Alison Brooks</a>"
smd_2022_4B09,-76.99997373,38.95848559,4B09,12,1,"<b><a href=""map_2022/ancs/districts/4B09.html"">District 4B09</a></b><br/>Candidates: <a href=""people/AudreyWalker.html"">Audrey Walker</a>"
smd_2022_4B10,-77.00532109999997,38.96439322,4B10,4,2,"<b><a href=""map_2022/ancs/districts/4B10.html"">District 4B10</a></b><br/>Candidates: <a href=""people/StefanANagey.html"">Stefan A. Nagey</a>, <a href=""people/LaRoyaAHuff.html"">La Roya A. Huff</a>"
smd_2022_4C01,-77.02831552,38.94298335,4C01,8,0,"<b><a href=""map_2022/ancs/districts/4C01.html"">District 4C01</a></b><br/>Candidates: (no known candidates)"
smd_2022_4C02,-77.02798311,38.93975046,4C02,12,1,"<b><a href=""map_2022/ancs/districts/4C02.html"">District 4C02</a></b><br/>Candidates: <a href=""people/AntoniaMKirby.html"">Antonia M. Kirby</a>"
smd_2022_4C03,-77.02645127,38.93722653,4C03,9,1,"<b><a href=""map_2022/ancs/districts/4C03.html"">District 4C03</a></b><br/>Candidates: <a href=""people/ThomasPDeFro.html"">Thomas P. DeFranco</a>"
smd_2022_4C04,-77.03417472,38.9385674,4C04,2,1,"<b><a href=""map_2022/ancs/districts/4C04.html"">District 4C04</a></b><br/>Candidates: <a href=""people/DanielAlexander.html"">Daniel Alexander</a>"
smd_2022_4C05,-77.02179001,38.94472332,4C05,9,2,"<b><a href=""map_2022/ancs/districts/4C05.html"">District 4C05</a></b><br/>Candidates: <a href=""people/BrittanyKademian.html"">Brittany Kademian</a>, <a href=""people/PaulJohnson.html"">Paul Johnson</a>"
smd_2022_4C06,-77.01866032,38.94200748,4C06,1,1,"<b><a href=""map_2022/ancs/districts/4C06.html"">District 4C06</a></b><br/>Candidates: <a href=""people/KarenLivingston.html"">Karen Livingston</a>"
smd_2022_4C07,-77.01937774,38.93915633,4C07,11,1,"<b><a href=""map_2022/ancs/districts/4C07.html"">District 4C07</a></b><br/>Candidates: <a href=""people/MatthewBradfield.html"">Matthew Bradfield</a>"
smd_2022_4D01,-77.02584859,38.9586281,4D01,11,1,"<b><a href=""map_2022/ancs/districts/4D01.html"">District 4D01</a></b><br/>Candidates: <a href=""people/JoyAPinkney.html"">Joy A. Pinkney</a>"
smd_2022_4D02,-77.01927341,38.95601438,4D02,7,1,"<b><a href=""map_2022/ancs/districts/4D02.html"">District 4D02</a></b><br/>Candidates: <a href=""people/KateJudson.html"">Kate Judson</a>"
smd_2022_4D03,-77.0249027,38.95488834,4D03,2,1,"<b><a href=""map_2022/ancs/districts/4D03.html"">District 4D03</a></b><br/>Candidates: <a href=""people/CarsonCLucarelli.html"">Carson C. Lucarelli</a>"
smd_2022_4D04,-77.02475531,38.95066617,4D04,3,1,"<b><a href=""map_2022/ancs/districts/4D04.html"">District 4D04</a></b><br/>Candidates: <a href=""people/ChrysantheCCCourniotes.html"">Chrysanthe ""CC"" Courniotes</a>"
smd_2022_4D05,-77.01351774,38.94837605,4D05,6,2,"<b><a href=""map_2022/ancs/districts/4D05.html"">District 4D05</a></b><br/>Candidates: <a href=""people/AntonioAWalker.html"">Antonio A. Walker</a>, <a href=""people/StephenMarencicJr.html"">Stephen Marencic Jr.</a>"
smd_2022_4D06,-77.01950597,38.94754453,4D06,7,1,"<b><a href=""map_2022/ancs/districts/4D06.html"">District 4D06</a></b><br/>Candidates: <a href=""people/AmanGeorge.html"">Aman George</a>"
smd_2022_4D07,-77.01914124,38.95229553,4D07,4,1,"<b><a href=""map_2022/ancs/districts/4D07.html"">District 4D07</a></b><br/>Candidates: <a href=""people/JClarkWeigel.html"">J. Clark Weigel</a>"
smd_2022_4D08,-77.01305295,38.95380222,4D08,3,1,"<b><a href=""map_2022/ancs/districts/4D08.html"">District 4D08</a></b><br/>Candidates: <a href=""people/AnthonyPirrotti.html"">Anthony Pirrotti</a>"
smd_2022_4E01,-77.03069418,38.95833653,4E01,1,2,"<b><a href=""map_2022/ancs/districts/4E01.html"">District 4E01</a></b><br/>Candidates: <a href=""people/ReginaldEBlackJr.html"">Reginald E. Black Jr.</a>, <a href=""people/VanessaRubio.html"">Vanessa Rubio</a>"
smd_2022_4E02,-77.03898813,38.95802802,4E02,9,1,"<b><a href=""map_2022/ancs/districts/4E02.html"">District 4E02</a></b><br/>Candidates: <a href=""people/MarleneMoss.html"">Marlene Moss</a>"
smd_2022_4E03,-77.03261336,38.9535526,4E03,8,1,"<b><a href=""map_2022/ancs/districts/4E03.html"">District 4E03</a></b><br/>Candidates: <a href=""people/MariaBarry.html"">Maria Barry</a>"
smd_2022_4E04,-77.03087624,38.94803778,4E04,11,2,"<b><a href=""map_2022/ancs/districts/4E04.html"">District 4E04</a></b><br/>Candidates: <a href=""people/RandyZmuda.html"">Randy Zmuda</a>, <a href=""people/CarlaFerris.html"">Carla Ferris</a>"
smd_2022_4E05,-77.03484990000003,38.94357247,4E05,12,2,"<b><a href=""map_2022/ancs/districts/4E05.html"">District 4E05</a></b><br/>Candidates: <a href=""people/PeggyPacy.html"">Peggy Pacy</a>, <a href=""people/UlyssesECampbell.html"">Ulysses E. Campbell</a>"
smd_2022_4E06,-77.04284555,38.94376204,4E06,1,1,"<b><a href=""map_2022/ancs/districts/4E06.html"">District 4E06</a></b><br/>Candidates: <a href=""people/PavanIshwarKhoobchandani.html"">Pavan Ishwar Khoobchandani</a>"
smd_2022_5A01,-76.99444431,38.95517834,5A01,8,1,"<b><a href=""map_2022/ancs/districts/5A01.html"">District 5A01</a></b><br/>Candidates: <a href=""people/DuvalierJMalone.html"">Duvalier J. Malone</a>"
smd_2022_5A02,-76.98526613,38.94865755,5A02,9,1,"<b><a href=""map_2022/ancs/districts/5A02.html"">District 5A02</a></b><br/>Candidates: <a href=""people/KarlusCozart.html"">Karlus Cozart</a>"
smd_2022_5A03,-76.99627436,38.94450089,5A03,10,1,"<b><a href=""map_2022/ancs/districts/5A03.html"">District 5A03</a></b><br/>Candidates: <a href=""people/EmilySingerLucio.html"">Emily Singer Lucio</a>"
smd_2022_5A04,-77.00089587,38.93891292,5A04,4,1,"<b><a href=""map_2022/ancs/districts/5A04.html"">District 5A04</a></b><br/>Candidates: <a href=""people/DiegoRojas.html"">Diego Rojas</a>"
smd_2022_5A05,-77.01062352,38.93741841,5A05,12,0,"<b><a href=""map_2022/ancs/districts/5A05.html"">District 5A05</a></b><br/>Candidates: (no known candidates)"
smd_2022_5A06,-77.00594452,38.94501426,5A06,2,0,"<b><a href=""map_2022/ancs/districts/5A06.html"">District 5A06</a></b><br/>Candidates: (no known candidates)"
smd_2022_5A07,-77.00519656,38.95085635,5A07,12,0,"<b><a href=""map_2022/ancs/districts/5A07.html"">District 5A07</a></b><br/>Candidates: (no known candidates)"
smd_2022_5A08,-76.99099426,38.94995449,5A08,7,2,"<b><a href=""map_2022/ancs/districts/5A08.html"">District 5A08</a></b><br/>Candidates: <a href=""people/ElaineAlston.html"">Elaine Alston</a>, <a href=""people/GordonAndrewFletcher.html"">Gordon-Andrew Fletcher</a>"
smd_2022_5A09,-77.00051226,38.95343427,5A09,1,1,"<b><a href=""map_2022/ancs/districts/5A09.html"">District 5A09</a></b><br/>Candidates: <a href=""people/ZachAmmerman.html"">Zach Ammerman</a>"
smd_2022_5B01,-76.97631167,38.94123768,5B01,4,2,"<b><a href=""map_2022/ancs/districts/5B01.html"">District 5B01</a></b><br/>Candidates: <a href=""people/EdBorrego.html"">Edward Borrego</a>, <a href=""people/GayleCarley.html"">Gayle Carley</a>"
smd_2022_5B02,-76.98285891,38.93755918,5B02,5,1,"<b><a href=""map_2022/ancs/districts/5B02.html"">District 5B02</a></b><br/>Candidates: <a href=""people/NandiniSen.html"">Nandini Sen</a>"
smd_2022_5B03,-76.98682616,38.92856383,5B03,6,1,"<b><a href=""map_2022/ancs/districts/5B03.html"">District 5B03</a></b><br/>Candidates: <a href=""people/AliciaEgolum.html"">Alicia Egolum</a>"
smd_2022_5B04,-76.99252521,38.92765383,5B04,7,2,"<b><a href=""map_2022/ancs/districts/5B04.html"">District 5B04</a></b><br/>Candidates: <a href=""people/RaAmin.html"">Ra Amin</a>, <a href=""people/RayseenWoodland.html"">Rayseen Woodland</a>"
smd_2022_5B05,-76.99306551,38.9383146,5B05,8,2,"<b><a href=""map_2022/ancs/districts/5B05.html"">District 5B05</a></b><br/>Candidates: <a href=""people/ColleenCostello.html"">Colleen Costello</a>, <a href=""people/JohnJFeeleyJr.html"">John J. Feeley Jr.</a>"
smd_2022_5B06,-76.97873714,38.93118797,5B06,11,1,"<b><a href=""map_2022/ancs/districts/5B06.html"">District 5B06</a></b><br/>Candidates: <a href=""people/SukhpritaPritaPiekara.html"">Sukhprita ""Prita"" Piekara</a>"
smd_2022_5B07,-76.96949324,38.93420601,5B07,9,2,"<b><a href=""map_2022/ancs/districts/5B07.html"">District 5B07</a></b><br/>Candidates: <a href=""people/GailBrevard.html"">Gail Brevard</a>, <a href=""people/JustinePerkowski.html"">Justine Perkowski</a>"
smd_2022_5C01,-76.95984148,38.92518837,5C01,9,1,"<b><a href=""map_2022/ancs/districts/5C01.html"">District 5C01</a></b><br/>Candidates: <a href=""people/AnthonyDale.html"">Anthony Dale</a>"
smd_2022_5C02,-76.9674532,38.92590621,5C02,10,1,"<b><a href=""map_2022/ancs/districts/5C02.html"">District 5C02</a></b><br/>Candidates: <a href=""people/LaurenRogers.html"">Lauren Rogers</a>"
smd_2022_5C03,-76.95166719,38.92236735,5C03,11,1,"<b><a href=""map_2022/ancs/districts/5C03.html"">District 5C03</a></b><br/>Candidates: <a href=""people/TequiaHicksDelgado.html"">Tequia Hicks Delgado</a>"
smd_2022_5C04,-76.96577094,38.91377848,5C04,12,2,"<b><a href=""map_2022/ancs/districts/5C04.html"">District 5C04</a></b><br/>Candidates: <a href=""people/ShawnNelson.html"">Shawn Nelson</a>, <a href=""people/JacquelineManning.html"">Jacqueline Manning</a>"
smd_2022_5C05,-76.99093978,38.91771170000001,5C05,11,1,"<b><a href=""map_2022/ancs/districts/5C05.html"">District 5C05</a></b><br/>Candidates: <a href=""people/DarleneOliver.html"">Darlene Oliver</a>"
smd_2022_5C06,-76.980478,38.92188233,5C06,2,1,"<b><a href=""map_2022/ancs/districts/5C06.html"">District 5C06</a></b><br/>Candidates: <a href=""people/HarryThomasJr.html"">Harry Thomas Jr.</a>"
smd_2022_5C07,-76.97242999,38.92690483,5C07,3,1,"<b><a href=""map_2022/ancs/districts/5C07.html"">District 5C07</a></b><br/>Candidates: <a href=""people/VJKapur.html"">VJ Kapur</a>"
smd_2022_5D01,-76.99453521,38.90894961,5D01,4,2,"<b><a href=""map_2022/ancs/districts/5D01.html"">District 5D01</a></b><br/>Candidates: <a href=""people/LucSaintGenies.html"">Luc Saint-Genies</a>, <a href=""people/RebeccaRyan.html"">Rebecca Ryan</a>"
smd_2022_5D02,-76.98535031,38.9141892,5D02,7,2,"<b><a href=""map_2022/ancs/districts/5D02.html"">District 5D02</a></b><br/>Candidates: <a href=""people/JPeterLoftus.html"">J. Peter Loftus</a>, <a href=""people/SebrenaLRhodes.html"">Sebrena L. Rhodes</a>"
smd_2022_5D03,-76.98828315,38.90359651,5D03,5,1,"<b><a href=""map_2022/ancs/districts/5D03.html"">District 5D03</a></b><br/>Candidates: <a href=""people/AnnaRoblin.html"">Anna Roblin</a>"
smd_2022_5D04,-76.98634009,38.90625687,5D04,10,1,"<b><a href=""map_2022/ancs/districts/5D04.html"">District 5D04</a></b><br/>Candidates: <a href=""people/StephenCobb.html"">Stephen Cobb</a>"
smd_2022_5D05,-76.98388386,38.90818588,5D05,1,1,"<b><a href=""map_2022/ancs/districts/5D05.html"">District 5D05</a></b><br/>Candidates: <a href=""people/SalvadorTheCommissionerSaucedaGuzman.html"">Salvador ""The Commissioner"" Sauceda-Guzman</a>"
smd_2022_5D06,-76.98119183,38.90328997,5D06,11,2,"<b><a href=""map_2022/ancs/districts/5D06.html"">District 5D06</a></b><br/>Candidates: <a href=""people/KathyHenderson.html"">Kathy Henderson</a>, <a href=""people/CarrieDellesky.html"">Carrie Dellesky</a>"
smd_2022_5D07,-76.97847128,38.90101138,5D07,8,1,"<b><a href=""map_2022/ancs/districts/5D07.html"">District 5D07</a></b><br/>Candidates: <a href=""people/JuanMcCullum.html"">Juan McCullum</a>"
smd_2022_5D08,-76.97746477,38.90528601,5D08,6,0,"<b><a href=""map_2022/ancs/districts/5D08.html"">District 5D08</a></b><br/>Candidates: (no known candidates)"
smd_2022_5D09,-76.96724275,38.90136079,5D09,3,0,"<b><a href=""map_2022/ancs/districts/5D09.html"">District 5D09</a></b><br/>Candidates: (no known candidates)"
smd_2022_5E01,-77.01294111,38.90824914,5E01,3,1,"<b><a href=""map_2022/ancs/districts/5E01.html"">District 5E01</a></b><br/>Candidates: <a href=""people/JoyceStatehoodRobinsonPaul.html"">Joyce (Statehood) Robinson-Paul</a>"
smd_2022_5E02,-77.01591973,38.91224653,5E02,4,2,"<b><a href=""map_2022/ancs/districts/5E02.html"">District 5E02</a></b><br/>Candidates: <a href=""people/NicoleMcEntee.html"">Nicole McEntee</a>, <a href=""people/KarlaMLewis.html"">Karla M. Lewis</a>"
smd_2022_5E03,-77.01208298,38.91406759,5E03,5,1,"<b><a href=""map_2022/ancs/districts/5E03.html"">District 5E03</a></b><br/>Candidates: <a href=""people/FredPhilCarver.html"">Fred ""Phil"" Carver</a>"
smd_2022_5E04,-77.01159004,38.91702527,5E04,3,2,"<b><a href=""map_2022/ancs/districts/5E04.html"">District 5E04</a></b><br/>Candidates: <a href=""people/HumaImtiaz.html"">Huma Imtiaz</a>, <a href=""people/BerthaGHolliday.html"">Bertha G. Holliday</a>"
smd_2022_5E05,-77.01111531,38.92179412,5E05,6,1,"<b><a href=""map_2022/ancs/districts/5E05.html"">District 5E05</a></b><br/>Candidates: <a href=""people/KevinRapp.html"">Kevin Rapp</a>"
smd_2022_5E06,-77.00905939,38.92662634,5E06,7,1,"<b><a href=""map_2022/ancs/districts/5E06.html"">District 5E06</a></b><br/>Candidates: <a href=""people/KirbyVining.html"">Kirby Vining</a>"
smd_2022_5F01,-77.00123666,38.92799458,5F01,1,1,"<b><a href=""map_2022/ancs/districts/5F01.html"">District 5F01</a></b><br/>Candidates: <a href=""people/TonyHurst.html"">Tony Hurst</a>"
smd_2022_5F02,-76.99606408,38.92858641,5F02,9,1,"<b><a href=""map_2022/ancs/districts/5F02.html"">District 5F02</a></b><br/>Candidates: <a href=""people/AruSahni.html"">Aru Sahni</a>"
smd_2022_5F03,-76.99752996,38.92267628,5F03,12,1,"<b><a href=""map_2022/ancs/districts/5F03.html"">District 5F03</a></b><br/>Candidates: <a href=""people/PatriciaWilliams5E.html"">Patricia Williams (5E)</a>"
smd_2022_5F04,-77.00310186,38.92031815,5F04,8,2,"<b><a href=""map_2022/ancs/districts/5F04.html"">District 5F04</a></b><br/>Candidates: <a href=""people/MarkGalvan.html"">Mark Galvan</a>, <a href=""people/DanielVega.html"">Daniel Vega</a>"
smd_2022_5F05,-77.00322246,38.91641969,5F05,10,2,"<b><a href=""map_2022/ancs/districts/5F05.html"">District 5F05</a></b><br/>Candidates: <a href=""people/MaryLFarmerAllen.html"">Mary L. Farmer-Allen</a>, <a href=""people/JenniferAnderson.html"">Jennifer Anderson</a>"
smd_2022_5F06,-77.00069063,38.91266104,5F06,9,1,"<b><a href=""map_2022/ancs/districts/5F06.html"">District 5F06</a></b><br/>Candidates: <a href=""people/JoeBishopHenchman.html"">Joe Bishop-Henchman</a>"
smd_2022_5F07,-77.00677255,38.91254113,5F07,2,2,"<b><a href=""map_2022/ancs/districts/5F07.html"">District 5F07</a></b><br/>Candidates: <a href=""people/MicheleKeegan.html"">Michele Keegan</a>, <a href=""people/SylviaMPinkney.html"">Sylvia M. Pinkney</a>"
smd_2022_6A01,-76.99157194,38.90212135,6A01,12,2,"<b><a href=""map_2022/ancs/districts/6A01.html"">District 6A01</a></b><br/>Candidates: <a href=""people/ChristinaGoodlander.html"">Christina Goodlander</a>, <a href=""people/KeyaChatterjee.html"">Keya Chatterjee</a>"
smd_2022_6A02,-76.99358022,38.89992921,6A02,7,1,"<b><a href=""map_2022/ancs/districts/6A02.html"">District 6A02</a></b><br/>Candidates: <a href=""people/MichaelVelasquez.html"">Michael Velasquez</a>"
smd_2022_6A03,-76.99345255,38.89683367,6A03,10,2,"<b><a href=""map_2022/ancs/districts/6A03.html"">District 6A03</a></b><br/>Candidates: <a href=""people/RobertaShapiro.html"">Roberta Shapiro</a>, <a href=""people/NicoleNikkiDelcasale.html"">Nicole ""Nikki"" Delcasale</a>"
smd_2022_6A04,-76.98964525,38.89169539,6A04,5,2,"<b><a href=""map_2022/ancs/districts/6A04.html"">District 6A04</a></b><br/>Candidates: <a href=""people/AlexandraKelly.html"">Alexandra Kelly</a>, <a href=""people/AmberGove.html"">Amber Gove</a>"
smd_2022_6A05,-76.98663783,38.89430475,6A05,1,1,"<b><a href=""map_2022/ancs/districts/6A05.html"">District 6A05</a></b><br/>Candidates: <a href=""people/LauraGentile.html"">Laura Gentile</a>"
smd_2022_6A06,-76.98631382,38.89805422,6A06,2,1,"<b><a href=""map_2022/ancs/districts/6A06.html"">District 6A06</a></b><br/>Candidates: <a href=""people/RobbDooling.html"">Robb Dooling</a>"
smd_2022_6A07,-76.99305283,38.89245870000001,6A07,11,1,"<b><a href=""map_2022/ancs/districts/6A07.html"">District 6A07</a></b><br/>Candidates: <a href=""people/StephenMoilanen.html"">Stephen Moilanen</a>"
smd_2022_6B01,-77.00721329,38.88531879999999,6B01,5,1,"<b><a href=""map_2022/ancs/districts/6B01.html"">District 6B01</a></b><br/>Candidates: <a href=""people/FrankAvery.html"">Frank Avery</a>"
smd_2022_6B02,-76.99926361,38.88715195,6B02,6,1,"<b><a href=""map_2022/ancs/districts/6B02.html"">District 6B02</a></b><br/>Candidates: <a href=""people/GeraldSroufe.html"">Gerald Sroufe</a>"
smd_2022_6B03,-76.99771771,38.88169495,6B03,7,1,"<b><a href=""map_2022/ancs/districts/6B03.html"">District 6B03</a></b><br/>Candidates: <a href=""people/DavidSobelsohn.html"">David Sobelsohn</a>"
smd_2022_6B04,-76.99282649,38.88222239,6B04,8,1,"<b><a href=""map_2022/ancs/districts/6B04.html"">District 6B04</a></b><br/>Candidates: <a href=""people/FrisFrankDAndrea.html"">Francis ""Frank"" D'Andrea</a>"
smd_2022_6B05,-76.99278373,38.88792605,6B05,9,1,"<b><a href=""map_2022/ancs/districts/6B05.html"">District 6B05</a></b><br/>Candidates: <a href=""people/KasieDurkit.html"">Kasie Durkit</a>"
smd_2022_6B06,-76.98727219,38.88801066,6B06,3,1,"<b><a href=""map_2022/ancs/districts/6B06.html"">District 6B06</a></b><br/>Candidates: <a href=""people/ChanderJayaraman.html"">Chander Jayaraman</a>"
smd_2022_6B07,-76.98715226,38.88360913,6B07,1,1,"<b><a href=""map_2022/ancs/districts/6B07.html"">District 6B07</a></b><br/>Candidates: <a href=""people/VinceMareino.html"">Vince Mareino</a>"
smd_2022_6B08,-76.98702106,38.8766795,6B08,4,1,"<b><a href=""map_2022/ancs/districts/6B08.html"">District 6B08</a></b><br/>Candidates: <a href=""people/EdRyder.html"">Edward Ryder</a>"
smd_2022_6B09,-76.97912916,38.87991911,6B09,8,1,"<b><a href=""map_2022/ancs/districts/6B09.html"">District 6B09</a></b><br/>Candidates: <a href=""people/MattLaFortune.html"">Matt LaFortune</a>"
smd_2022_6C01,-76.99785157,38.90322116,6C01,11,2,"<b><a href=""map_2022/ancs/districts/6C01.html"">District 6C01</a></b><br/>Candidates: <a href=""people/LaurenKuritz.html"">Lauren Kuritz</a>, <a href=""people/ChristyKwan.html"">Christy Kwan</a>"
smd_2022_6C02,-77.00614862,38.89281687,6C02,3,1,"<b><a href=""map_2022/ancs/districts/6C02.html"">District 6C02</a></b><br/>Candidates: <a href=""people/LeslieMerkle.html"">Leslie Merkle</a>"
smd_2022_6C03,-76.9971652,38.89213961,6C03,5,1,"<b><a href=""map_2022/ancs/districts/6C03.html"">District 6C03</a></b><br/>Candidates: <a href=""people/JayAdelstein.html"">Jay Adelstein</a>"
smd_2022_6C04,-77.0013084,38.89805779,6C04,6,1,"<b><a href=""map_2022/ancs/districts/6C04.html"">District 6C04</a></b><br/>Candidates: <a href=""people/MarkEckenwiler.html"">Mark Eckenwiler</a>"
smd_2022_6C05,-76.99784059999998,38.89713368,6C05,2,1,"<b><a href=""map_2022/ancs/districts/6C05.html"">District 6C05</a></b><br/>Candidates: <a href=""people/JoelKelty.html"">Joel Kelty</a>"
smd_2022_6C06,-77.00153132,38.90118788,6C06,7,1,"<b><a href=""map_2022/ancs/districts/6C06.html"">District 6C06</a></b><br/>Candidates: <a href=""people/PatriciaEguino.html"">Patricia Eguino</a>"
smd_2022_6C07,-77.00141020000002,38.90526971,6C07,8,1,"<b><a href=""map_2022/ancs/districts/6C07.html"">District 6C07</a></b><br/>Candidates: <a href=""people/TonyTGoodman.html"">Tony T. Goodman</a>"
smd_2022_6D01,-77.02956712,38.87017144,6D01,1,1,"<b><a href=""map_2022/ancs/districts/6D01.html"">District 6D01</a></b><br/>Candidates: <a href=""people/BobLink.html"">Bob Link</a>"
smd_2022_6D02,-77.01549037,38.88343422,6D02,10,2,"<b><a href=""map_2022/ancs/districts/6D02.html"">District 6D02</a></b><br/>Candidates: <a href=""people/RonaldRCollins.html"">Ronald R. Collins</a>, <a href=""people/ThomasSeidman.html"">Thomas Seidman</a>"
smd_2022_6D03,-77.02080781,38.87839156,6D03,5,1,"<b><a href=""map_2022/ancs/districts/6D03.html"">District 6D03</a></b><br/>Candidates: <a href=""people/GailFast.html"">Gail Fast</a>"
smd_2022_6D04,-77.01774627,38.87858708,6D04,7,0,"<b><a href=""map_2022/ancs/districts/6D04.html"">District 6D04</a></b><br/>Candidates: (no known candidates)"
smd_2022_6D05,-77.01310591,38.87763744,6D05,3,1,"<b><a href=""map_2022/ancs/districts/6D05.html"">District 6D05</a></b><br/>Candidates: <a href=""people/AshtonRohmer.html"">Ashton Rohmer</a>"
smd_2022_6D06,-77.01893021,38.87436064,6D06,9,1,"<b><a href=""map_2022/ancs/districts/6D06.html"">District 6D06</a></b><br/>Candidates: <a href=""people/BruceLevine.html"">Bruce Levine</a>"
smd_2022_6D07,-77.01613204,38.86517466,6D07,11,1,"<b><a href=""map_2022/ancs/districts/6D07.html"">District 6D07</a></b><br/>Candidates: <a href=""people/FredricaRikkiKramer.html"">Fredrica ""Rikki"" Kramer</a>"
smd_2022_6D08,-77.00978014,38.87055478,6D08,2,1,"<b><a href=""map_2022/ancs/districts/6D08.html"">District 6D08</a></b><br/>Candidates: <a href=""people/RhondaNHamilton.html"">Rhonda N. Hamilton</a>"
smd_2022_6E01,-77.02036853,38.90268457,6E01,8,1,"<b><a href=""map_2022/ancs/districts/6E01.html"">District 6E01</a></b><br/>Candidates: <a href=""people/ChrisHart.html"">Chris Hart</a>"
smd_2022_6E02,-77.01775166,38.90370731,6E02,7,0,"<b><a href=""map_2022/ancs/districts/6E02.html"">District 6E02</a></b><br/>Candidates: (no known candidates)"
smd_2022_6E03,-77.01374903,38.90361053,6E03,12,1,"<b><a href=""map_2022/ancs/districts/6E03.html"">District 6E03</a></b><br/>Candidates: <a href=""people/KevinMRogers.html"">Kevin M. Rogers</a>"
smd_2022_6E04,-77.00990719,38.90508924,6E04,9,1,"<b><a href=""map_2022/ancs/districts/6E04.html"">District 6E04</a></b><br/>Candidates: <a href=""people/DeniseEBlackson.html"">Denise E Blackson</a>"
smd_2022_6E05,-77.00705493,38.90702983,6E05,7,0,"<b><a href=""map_2022/ancs/districts/6E05.html"">District 6E05</a></b><br/>Candidates: (no known candidates)"
smd_2022_6E06,-77.00521962,38.90543851,6E06,11,0,"<b><a href=""map_2022/ancs/districts/6E06.html"">District 6E06</a></b><br/>Candidates: (no known candidates)"
smd_2022_6E07,-77.00961571,38.89993505,6E07,10,0,"<b><a href=""map_2022/ancs/districts/6E07.html"">District 6E07</a></b><br/>Candidates: (no known candidates)"
smd_2022_6E08,-77.01520383,38.89585971,6E08,2,1,"<b><a href=""map_2022/ancs/districts/6E08.html"">District 6E08</a></b><br/>Candidates: <a href=""people/MisuTasnim.html"">Misu Tasnim</a>"
smd_2022_6E09,-77.01816531,38.90056479,6E09,4,0,"<b><a href=""map_2022/ancs/districts/6E09.html"">District 6E09</a></b><br/>Candidates: (no known candidates)"
smd_2022_7B01,-76.97231059,38.87798043,7B01,10,1,"<b><a href=""map_2022/ancs/districts/7B01.html"">District 7B01</a></b><br/>Candidates: <a href=""people/JohnFAdams.html"">John F. Adams</a>"
smd_2022_7B02,-76.96107631,38.86500419,7B02,2,1,"<b><a href=""map_2022/ancs/districts/7B02.html"">District 7B02</a></b><br/>Candidates: <a href=""people/JamaalMauricePearsall.html"">Jamaal Maurice Pearsall</a>"
smd_2022_7B03,-76.96786977,38.86937945,7B03,5,1,"<b><a href=""map_2022/ancs/districts/7B03.html"">District 7B03</a></b><br/>Candidates: <a href=""people/TravisRSwanson.html"">Travis R. Swanson</a>"
smd_2022_7B04,-76.96313008,38.87320793,7B04,8,2,"<b><a href=""map_2022/ancs/districts/7B04.html"">District 7B04</a></b><br/>Candidates: <a href=""people/DLHumphrey.html"">D.L. Humphrey</a>, <a href=""people/DavidLRetland.html"">David L. Retland</a>"
smd_2022_7B05,-76.96268483,38.85726324,7B05,3,1,"<b><a href=""map_2022/ancs/districts/7B05.html"">District 7B05</a></b><br/>Candidates: <a href=""people/DonnaRobinson.html"">Donna Robinson</a>"
smd_2022_7B06,-76.95408914,38.86083394,7B06,4,1,"<b><a href=""map_2022/ancs/districts/7B06.html"">District 7B06</a></b><br/>Candidates: <a href=""people/KelvinBrown.html"">Kelvin Brown</a>"
smd_2022_7B07,-76.9522361,38.87012434,7B07,5,0,"<b><a href=""map_2022/ancs/districts/7B07.html"">District 7B07</a></b><br/>Candidates: (no known candidates)"
smd_2022_7B08,-76.94207269,38.87229417,7B08,9,0,"<b><a href=""map_2022/ancs/districts/7B08.html"">District 7B08</a></b><br/>Candidates: (no known candidates)"
smd_2022_7B09,-76.96069569,38.88528874,7B09,1,2,"<b><a href=""map_2022/ancs/districts/7B09.html"">District 7B09</a></b><br/>Candidates: <a href=""people/RacquelCodling.html"">Racquel Codling</a>, <a href=""people/MichelleHammond.html"">Michelle Hammond</a>, <a href=""people/PaulineBScott.html"">Pauline B. Scott</a>"
smd_2022_7C01,-76.92945548,38.90009705,7C01,2,1,"<b><a href=""map_2022/ancs/districts/7C01.html"">District 7C01</a></b><br/>Candidates: <a href=""people/BrianAGlover.html"">Brian A. Glover</a>"
smd_2022_7C02,-76.92287421,38.89241082,7C02,7,1,"<b><a href=""map_2022/ancs/districts/7C02.html"">District 7C02</a></b><br/>Candidates: <a href=""people/PatriciaWilliams7C.html"">Patricia Williams (7C)</a>"
smd_2022_7C03,-76.92896426,38.89418795,7C03,8,0,"<b><a href=""map_2022/ancs/districts/7C03.html"">District 7C03</a></b><br/>Candidates: (no known candidates)"
smd_2022_7C04,-76.93245756,38.90251881,7C04,9,2,"<b><a href=""map_2022/ancs/districts/7C04.html"">District 7C04</a></b><br/>Candidates: <a href=""people/AnthonyLorenzoGreen.html"">Anthony Lorenzo Green</a>, <a href=""people/JulieLevy.html"">Julie Levy</a>"
smd_2022_7C05,-76.91552192,38.89415825,7C05,10,2,"<b><a href=""map_2022/ancs/districts/7C05.html"">District 7C05</a></b><br/>Candidates: <a href=""people/MalikMLloyd.html"">Malik M. Lloyd</a>, <a href=""people/MaryLGaffney.html"">Mary L. Gaffney</a>, <a href=""people/ShirleyABoykins.html"">Shirley A. Boykins</a>"
smd_2022_7C06,-76.92278118,38.89956497,7C06,11,1,"<b><a href=""map_2022/ancs/districts/7C06.html"">District 7C06</a></b><br/>Candidates: <a href=""people/PatriciaStamper.html"">Patricia Stamper</a>"
smd_2022_7C07,-76.93405552,38.906459399999996,7C07,12,2,"<b><a href=""map_2022/ancs/districts/7C07.html"">District 7C07</a></b><br/>Candidates: <a href=""people/DorothyDouglas.html"">Dorothy Douglas</a>, <a href=""people/AntawanHolmes.html"">Antawan Holmes</a>"
smd_2022_7C08,-76.91994137,38.88773128,7C08,2,2,"<b><a href=""map_2022/ancs/districts/7C08.html"">District 7C08</a></b><br/>Candidates: <a href=""people/KimberlyMartin.html"">Kimberly Martin</a>, <a href=""people/DavidFord.html"">David Ford</a>"
smd_2022_7C09,-76.93472418,38.89798149,7C09,11,2,"<b><a href=""map_2022/ancs/districts/7C09.html"">District 7C09</a></b><br/>Candidates: <a href=""people/CarrieNBrown.html"">Carrie N. Brown</a>, <a href=""people/VenolaMRolle.html"">Venola M. Rolle</a>"
smd_2022_7D01,-76.9450879,38.91037291,7D01,3,1,"<b><a href=""map_2022/ancs/districts/7D01.html"">District 7D01</a></b><br/>Candidates: <a href=""people/SiraajMHasan.html"">Siraaj M. Hasan</a>"
smd_2022_7D02,-76.94943251,38.90451118,7D02,11,0,"<b><a href=""map_2022/ancs/districts/7D02.html"">District 7D02</a></b><br/>Candidates: (no known candidates)"
smd_2022_7D03,-76.95436623,38.90068059,7D03,9,0,"<b><a href=""map_2022/ancs/districts/7D03.html"">District 7D03</a></b><br/>Candidates: (no known candidates)"
smd_2022_7D04,-76.95904149,38.89345253,7D04,4,1,"<b><a href=""map_2022/ancs/districts/7D04.html"">District 7D04</a></b><br/>Candidates: <a href=""people/MiltonHardy.html"">Milton Hardy</a>"
smd_2022_7D05,-76.97044401,38.89349193,7D05,1,1,"<b><a href=""map_2022/ancs/districts/7D05.html"">District 7D05</a></b><br/>Candidates: <a href=""people/EbonyPayne.html"">Ebony Payne</a>"
smd_2022_7D06,-76.98164403,38.89812766,7D06,3,1,"<b><a href=""map_2022/ancs/districts/7D06.html"">District 7D06</a></b><br/>Candidates: <a href=""people/MarcFriend.html"">Marc Friend</a>"
smd_2022_7D07,-76.98063141,38.89512739,7D07,5,1,"<b><a href=""map_2022/ancs/districts/7D07.html"">District 7D07</a></b><br/>Candidates: <a href=""people/BrianVoorhees.html"">Brian Voorhees</a>"
smd_2022_7D08,-76.97900943,38.89151413,7D08,4,1,"<b><a href=""map_2022/ancs/districts/7D08.html"">District 7D08</a></b><br/>Candidates: <a href=""people/BrianAlcorn.html"">Brian Alcorn</a>"
smd_2022_7D09,-76.98038175,38.88749995,7D09,2,2,"<b><a href=""map_2022/ancs/districts/7D09.html"">District 7D09</a></b><br/>Candidates: <a href=""people/AshleySchapitl.html"">Ashley Schapitl</a>, <a href=""people/ShaneSeger.html"">Shane Seger</a>"
smd_2022_7D10,-76.98107864,38.8839865,7D10,5,1,"<b><a href=""map_2022/ancs/districts/7D10.html"">District 7D10</a></b><br/>Candidates: <a href=""people/AlisonHorn.html"">Alison Horn</a>"
smd_2022_7E01,-76.94108195,38.87862765,7E01,10,0,"<b><a href=""map_2022/ancs/districts/7E01.html"">District 7E01</a></b><br/>Candidates: (no known candidates)"
smd_2022_7E02,-76.93425309999998,38.87743709,7E02,8,0,"<b><a href=""map_2022/ancs/districts/7E02.html"">District 7E02</a></b><br/>Candidates: (no known candidates)"
smd_2022_7E03,-76.9278974,38.88081735,7E03,10,1,"<b><a href=""map_2022/ancs/districts/7E03.html"">District 7E03</a></b><br/>Candidates: <a href=""people/BeverlyFSmith.html"">Beverly F. Smith</a>"
smd_2022_7E04,-76.93323532,38.88512918,7E04,11,1,"<b><a href=""map_2022/ancs/districts/7E04.html"">District 7E04</a></b><br/>Candidates: <a href=""people/NatashaDupee.html"">Natasha Dupee</a>"
smd_2022_7E05,-76.93002962,38.88647744,7E05,12,0,"<b><a href=""map_2022/ancs/districts/7E05.html"">District 7E05</a></b><br/>Candidates: (no known candidates)"
smd_2022_7E06,-76.9243157,38.88515151,7E06,1,1,"<b><a href=""map_2022/ancs/districts/7E06.html"">District 7E06</a></b><br/>Candidates: <a href=""people/DeliaHouseal.html"">Delia Houseal</a>"
smd_2022_7E07,-76.93739041,38.88499416,7E07,12,0,"<b><a href=""map_2022/ancs/districts/7E07.html"">District 7E07</a></b><br/>Candidates: (no known candidates)"
smd_2022_7F01,-76.94782572,38.89522737,7F01,3,1,"<b><a href=""map_2022/ancs/districts/7F01.html"">District 7F01</a></b><br/>Candidates: <a href=""people/TyrellMHolcomb.html"">Tyrell M. Holcomb</a>"
smd_2022_7F02,-76.94944689,38.89121843,7F02,6,2,"<b><a href=""map_2022/ancs/districts/7F02.html"">District 7F02</a></b><br/>Candidates: <a href=""people/AshleyRRuff.html"">Ashley R. Ruff</a>, <a href=""people/ObbieEnglishIII.html"">Obbie English III</a>, <a href=""people/ZewdiAlem.html"">Zewdi Alem</a>"
smd_2022_7F03,-76.9409917,38.89239741,7F03,8,1,"<b><a href=""map_2022/ancs/districts/7F03.html"">District 7F03</a></b><br/>Candidates: <a href=""people/KimoryKSOOrendoff.html"">Kimory KSO Orendoff</a>"
smd_2022_7F04,-76.93662253,38.89350574,7F04,6,0,"<b><a href=""map_2022/ancs/districts/7F04.html"">District 7F04</a></b><br/>Candidates: (no known candidates)"
smd_2022_7F05,-76.94435982,38.88578191,7F05,4,1,"<b><a href=""map_2022/ancs/districts/7F05.html"">District 7F05</a></b><br/>Candidates: <a href=""people/BrittanyNHughes.html"">Brittany N. Hughes</a>"
smd_2022_7F06,-76.95202771,38.88298092,7F06,6,0,"<b><a href=""map_2022/ancs/districts/7F06.html"">District 7F06</a></b><br/>Candidates: (no known candidates)"
smd_2022_7F07,-76.96854347,38.88689447,7F07,9,2,"<b><a href=""map_2022/ancs/districts/7F07.html"">District 7F07</a></b><br/>Candidates: <a href=""people/DevonMyers.html"">Devon Myers</a>, <a href=""people/ShirleyThompsonWright.html"">Shirley Thompson-Wright</a>, <a href=""people/BeatriceBebeEvans.html"">Beatrice (Bebe) Evans</a>"
smd_2022_7F08,-76.97254769,38.88299862,7F08,12,0,"<b><a href=""map_2022/ancs/districts/7F08.html"">District 7F08</a></b><br/>Candidates: (no known candidates)"
smd_2022_8A01,-76.97771567,38.87174911,8A01,5,1,"<b><a href=""map_2022/ancs/districts/8A01.html"">District 8A01</a></b><br/>Candidates: <a href=""people/TonyaMsTonyaCrawford.html"">Tonya ""Ms. Tonya"" Crawford</a>"
smd_2022_8A02,-76.98382149999998,38.87055282,8A02,7,2,"<b><a href=""map_2022/ancs/districts/8A02.html"">District 8A02</a></b><br/>Candidates: <a href=""people/BarbaraJClark.html"">Barbara J. Clark</a>, <a href=""people/MohamedKAzab.html"">Mohamed K. Azab</a>, <a href=""people/ElizabethCarter.html"">Elizabeth Carter</a>"
smd_2022_8A03,-76.97487787,38.86917828,8A03,6,2,"<b><a href=""map_2022/ancs/districts/8A03.html"">District 8A03</a></b><br/>Candidates: <a href=""people/HollyMuhammad.html"">Holly Muhammad</a>, <a href=""people/BobbySllimWilliams.html"">Bobby ""Slli'm"" Williams</a>"
smd_2022_8A04,-76.97952928,38.86051991,8A04,1,2,"<b><a href=""map_2022/ancs/districts/8A04.html"">District 8A04</a></b><br/>Candidates: <a href=""people/LaneiceMoore.html"">Laneice Moore</a>, <a href=""people/MosesSmith.html"">Moses Smith</a>"
smd_2022_8A05,-76.98392256,38.86357545,8A05,2,1,"<b><a href=""map_2022/ancs/districts/8A05.html"">District 8A05</a></b><br/>Candidates: <a href=""people/JamilaWhite.html"">Jamila White</a>"
smd_2022_8A06,-76.99451661,38.8650086,8A06,3,1,"<b><a href=""map_2022/ancs/districts/8A06.html"">District 8A06</a></b><br/>Candidates: <a href=""people/RobinMcKinney.html"">Robin McKinney</a>"
smd_2022_8A07,-76.97252066,38.86524226,8A07,3,0,"<b><a href=""map_2022/ancs/districts/8A07.html"">District 8A07</a></b><br/>Candidates: (no known candidates)"
smd_2022_8B01,-76.97285358,38.85823704,8B01,2,2,"<b><a href=""map_2022/ancs/districts/8B01.html"">District 8B01</a></b><br/>Candidates: <a href=""people/TakemaKeyes.html"">Takema Keyes</a>, <a href=""people/KhadijahWatson.html"">Khadijah Watson</a>"
smd_2022_8B02,-76.9684918,38.85623499,8B02,6,1,"<b><a href=""map_2022/ancs/districts/8B02.html"">District 8B02</a></b><br/>Candidates: <a href=""people/PaulTrantham.html"">Paul Trantham</a>"
smd_2022_8B03,-76.97424152,38.85425735,8B03,7,0,"<b><a href=""map_2022/ancs/districts/8B03.html"">District 8B03</a></b><br/>Candidates: (no known candidates)"
smd_2022_8B04,-76.98885622,38.85494271,8B04,8,2,"<b><a href=""map_2022/ancs/districts/8B04.html"">District 8B04</a></b><br/>Candidates: <a href=""people/KimberlyLittle.html"">Kimberly Little</a>, <a href=""people/KevinBColeman.html"">Kevin B. Coleman</a>"
smd_2022_8B05,-76.96406549,38.85192773,8B05,5,1,"<b><a href=""map_2022/ancs/districts/8B05.html"">District 8B05</a></b><br/>Candidates: <a href=""people/JosephBJohnson.html"">Joseph B. Johnson</a>"
smd_2022_8B06,-76.98535504,38.85728107,8B06,4,2,"<b><a href=""map_2022/ancs/districts/8B06.html"">District 8B06</a></b><br/>Candidates: <a href=""people/AlyceKMcFarland.html"">Alyce K. McFarland</a>, <a href=""people/GeorgeReid.html"">George Reid</a>"
smd_2022_8B07,-76.99026001,38.856885399999996,8B07,5,0,"<b><a href=""map_2022/ancs/districts/8B07.html"">District 8B07</a></b><br/>Candidates: (no known candidates)"
smd_2022_8C01,-77.00614902,38.85680386,8C01,12,2,"<b><a href=""map_2022/ancs/districts/8C01.html"">District 8C01</a></b><br/>Candidates: <a href=""people/GeorgetteJoyJohnson.html"">Georgette Joy Johnson</a>, <a href=""people/VictoriaAkinseye.html"">Victoria Akinseye</a>"
smd_2022_8C02,-77.00164122,38.84667946,8C02,9,2,"<b><a href=""map_2022/ancs/districts/8C02.html"">District 8C02</a></b><br/>Candidates: <a href=""people/JoyceMDoyle.html"">Joyce M. Doyle</a>, <a href=""people/KwasiSeitu.html"">Kwasi Seitu</a>, <a href=""people/MyeashaMyTySmith.html"">Myeasha ""My Ty"" Smith</a>"
smd_2022_8C03,-76.99039252,38.84891667,8C03,4,2,"<b><a href=""map_2022/ancs/districts/8C03.html"">District 8C03</a></b><br/>Candidates: <a href=""people/RufaroJenkins.html"">Rufaro Jenkins</a>, <a href=""people/DaschaCleckley.html"">Dascha Cleckley</a>"
smd_2022_8C04,-77.00243686,38.84144177,8C04,5,2,"<b><a href=""map_2022/ancs/districts/8C04.html"">District 8C04</a></b><br/>Candidates: <a href=""people/LenwoodLennyJohnson.html"">Lenwood ""Lenny"" Johnson</a>, <a href=""people/EricaGoGreen.html"">Erica ""Go"" Green</a>"
smd_2022_8C05,-76.97806685,38.85018461,8C05,3,2,"<b><a href=""map_2022/ancs/districts/8C05.html"">District 8C05</a></b><br/>Candidates: <a href=""people/AnthonyMuhammad.html"">Anthony Muhammad</a>, <a href=""people/AllysonCarpenter.html"">Allyson Carpenter</a>, <a href=""people/CherylMoore.html"">Cheryl Moore</a>"
smd_2022_8C06,-76.98895817,38.84262722,8C06,8,2,"<b><a href=""map_2022/ancs/districts/8C06.html"">District 8C06</a></b><br/>Candidates: <a href=""people/RobbieTheAdvocateWoodland.html"">Robbie ""The Advocate"" Woodland</a>, <a href=""people/BettyMurray.html"">Betty Murray</a>, <a href=""people/MarkusBatchelor.html"">Markus Batchelor</a>"
smd_2022_8C07,-76.99607536,38.83920341,8C07,10,1,"<b><a href=""map_2022/ancs/districts/8C07.html"">District 8C07</a></b><br/>Candidates: <a href=""people/SalimAdofo.html"">Salim Adofo</a>"
smd_2022_8C08,-76.98081072,38.84851107,8C08,2,2,"<b><a href=""map_2022/ancs/districts/8C08.html"">District 8C08</a></b><br/>Candidates: <a href=""people/AmandaBeale.html"">Amanda Beale</a>, <a href=""people/JacobCBrown.html"">Jacob C. Brown</a>"
smd_2022_8D01,-77.00936976,38.83410336,8D01,2,0,"<b><a href=""map_2022/ancs/districts/8D01.html"">District 8D01</a></b><br/>Candidates: (no known candidates)"
smd_2022_8D02,-77.02001444,38.84385204,8D02,4,0,"<b><a href=""map_2022/ancs/districts/8D02.html"">District 8D02</a></b><br/>Candidates: (no known candidates)"
smd_2022_8D03,-77.00336437,38.82722542,8D03,9,0,"<b><a href=""map_2022/ancs/districts/8D03.html"">District 8D03</a></b><br/>Candidates: (no known candidates)"
smd_2022_8D04,-77.02508483,38.81137699,8D04,10,0,"<b><a href=""map_2022/ancs/districts/8D04.html"">District 8D04</a></b><br/>Candidates: (no known candidates)"
smd_2022_8D05,-77.00984745,38.82277676,8D05,11,2,"<b><a href=""map_2022/ancs/districts/8D05.html"">District 8D05</a></b><br/>Candidates: <a href=""people/TravonWard8Hawkins.html"">Travon ""Ward 8"" Hawkins</a>, <a href=""people/MoniqueTDiop.html"">Monique T. Diop</a>"
smd_2022_8D06,-77.00892015,38.82696571,8D06,12,2,"<b><a href=""map_2022/ancs/districts/8D06.html"">District 8D06</a></b><br/>Candidates: <a href=""people/WendyHopeDealerHamilton.html"">Wendy ""Hope Dealer"" Hamilton</a>, <a href=""people/MariaJohnson.html"">Maria Johnson</a>"
smd_2022_8D07,-77.02921519,38.8308604,8D07,1,0,"<b><a href=""map_2022/ancs/districts/8D07.html"">District 8D07</a></b><br/>Candidates: (no known candidates)"
smd_2022_8D08,-77.00327911,38.83449546,8D08,3,2,"<b><a href=""map_2022/ancs/districts/8D08.html"">District 8D08</a></b><br/>Candidates: <a href=""people/MelodyMoore.html"">Melody Moore</a>, <a href=""people/DelorisWalker.html"">Deloris Walker</a>, <a href=""people/LakiahWilliams.html"">Lakiah Williams</a>"
smd_2022_8E01,-76.97191012,38.84603769,8E01,10,2,"<b><a href=""map_2022/ancs/districts/8E01.html"">District 8E01</a></b><br/>Candidates: <a href=""people/LaceyCleckley.html"">Lacey Cleckley</a>, <a href=""people/DeborahWells.html"">Deborah Wells</a>"
smd_2022_8E02,-76.97324484,38.84783767,8E02,4,1,"<b><a href=""map_2022/ancs/districts/8E02.html"">District 8E02</a></b><br/>Candidates: <a href=""people/LaQuedaTate.html"">LaQueda Tate</a>"
smd_2022_8E03,-76.98073697,38.84412643,8E03,11,2,"<b><a href=""map_2022/ancs/districts/8E03.html"">District 8E03</a></b><br/>Candidates: <a href=""people/ShekitaKiKiMcBroom.html"">Shekita ""Ki-Ki"" McBroom</a>, <a href=""people/KellyMikelWilliams.html"">Kelly Mikel Williams</a>"
smd_2022_8E04,-76.98821745,38.83905707,8E04,5,2,"<b><a href=""map_2022/ancs/districts/8E04.html"">District 8E04</a></b><br/>Candidates: <a href=""people/ShaquanLivingProofHudson.html"">Shaquan ""Living Proof"" Hudson</a>, <a href=""people/VeronicaAdams.html"">Veronica Adams</a>, <a href=""people/ShaquanHudson.html"">Shaquan Hudson</a>, <a href=""people/KendallSimmons.html"">Kendall Simmons</a>"
smd_2022_8E05,-76.98288969,38.83823747,8E05,2,1,"<b><a href=""map_2022/ancs/districts/8E05.html"">District 8E05</a></b><br/>Candidates: <a href=""people/DuaneAMoody.html"">Duane A. Moody</a>"
smd_2022_8E06,-76.99796352,38.83338223,8E06,1,2,"<b><a href=""map_2022/ancs/districts/8E06.html"">District 8E06</a></b><br/>Candidates: <a href=""people/KarleneKArmstead.html"">Karlene ""K"" Armstead</a>, <a href=""people/DoloresMiracleBryant.html"">Dolores ""Miracle"" Bryant</a>"
smd_2022_8E07,-76.99732698,38.830028399999996,8E07,11,0,"<b><a href=""map_2022/ancs/districts/8E07.html"">District 8E07</a></b><br/>Candidates: (no known candidates)"
smd_2022_8E08,-76.99362682,38.82873761,8E08,4,1,"<b><a href=""map_2022/ancs/districts/8E08.html"">District 8E08</a></b><br/>Candidates: <a href=""people/RowenaJoyceScott.html"">Rowena ""Joyce"" Scott</a>"
smd_2022_8E09,-76.9997342,38.82519348,8E09,12,0,"<b><a href=""map_2022/ancs/districts/8E09.html"">District 8E09</a></b><br/>Candidates: (no known candidates)"
smd_2022_8F01,-76.99579807,38.87419499,6/8F01,6,1,"<b><a href=""map_2022/ancs/districts/8F01.html"">District 6/8F01</a></b><br/>Candidates: <a href=""people/NicWilson.html"">Nic Wilson</a>"
smd_2022_8F02,-77.00431713,38.8727755,6/8F02,10,2,"<b><a href=""map_2022/ancs/districts/8F02.html"">District 6/8F02</a></b><br/>Candidates: <a href=""people/EricSBlaylock.html"">Eric S. Blaylock</a>, <a href=""people/RickMurphree.html"">Rick Murphree</a>"
smd_2022_8F03,-77.00359142,38.87851338,6/8F03,8,2,"<b><a href=""map_2022/ancs/districts/8F03.html"">District 6/8F03</a></b><br/>Candidates: <a href=""people/AndrewMcCarthyClark.html"">Andrew McCarthy-Clark</a>, <a href=""people/BrianStrege.html"">Brian Strege</a>"
smd_2022_8F04,-77.00768828,38.87788291,6/8F04,4,2,"<b><a href=""map_2022/ancs/districts/8F04.html"">District 6/8F04</a></b><br/>Candidates: <a href=""people/ClaytonAristotleRosenberg.html"">Clayton Aristotle Rosenberg</a>, <a href=""people/EdDaniels.html"">Edward Daniels</a>, <a href=""people/MakeeyaHazelton.html"">Makeeya Hazelton</a>, <a href=""people/JesseKamzol.html"">Jesse Kamzol</a>"
smd_2022_8F05,-77.00717382,38.88004194,6/8F05,7,0,"<b><a href=""map_2022/ancs/districts/8F05.html"">District 6/8F05</a></b><br/>Candidates: (no known candidates)"
